2026-05-28 14:50:00 polkadot-omni-node    
2026-05-28 14:50:00 ✌️  version 1.21.0-unknown    
2026-05-28 14:50:00 ❤️  by Parity Technologies <admin@parity.io>, 2017-2026    
2026-05-28 14:50:00 📋 Chain specification: Custom    
2026-05-28 14:50:00 🏷  Node name: changeable-quince-8063    
2026-05-28 14:50:00 👤 Role: AUTHORITY    
2026-05-28 14:50:00 💾 Database: RocksDb at /tmp/substratewx7Fcg/chains/custom/db/full    
2026-05-28 14:50:03 assembling new collators for new session 0 at #0    
2026-05-28 14:50:03 assembling new collators for new session 1 at #0    
2026-05-28 14:50:18 assembling new collators for new session 0 at #0    
2026-05-28 14:50:18 assembling new collators for new session 1 at #0    
2026-05-28 14:50:27 🔨 Initializing Genesis block/state (state: 0x5dd2…4e65, header-hash: 0xe715…ffb3)    
2026-05-28 14:50:27 Creating transaction pool txpool_type=ForkAware ready=Limit { count: 8192, total_bytes: 20971520 } future=Limit { count: 819, total_bytes: 2097152 }
2026-05-28 14:50:27 Using default protocol ID "sup" because none is configured in the chain specs    
2026-05-28 14:50:27 Local node identity is: 12D3KooWSjFSaoMY7fTi5VFMjyAepfWtiyzxSh8wvT8aDABHWg3a    
2026-05-28 14:50:27 Running litep2p network backend    
2026-05-28 14:50:27 🪪 Parachain id: 1000    
2026-05-28 14:50:27 🧾 Parachain Account: 5Ec4AhPZk8STuex8Wsi9TwDtJQxKqzPJRCH7348Xtcs9vZLJ    
2026-05-28 14:50:27 💻 Operating system: linux    
2026-05-28 14:50:27 💻 CPU architecture: x86_64    
2026-05-28 14:50:27 💻 Target environment: gnu    
2026-05-28 14:50:27 💻 CPU: Intel(R) Core(TM) i7-10610U CPU @ 1.80GHz    
2026-05-28 14:50:27 💻 CPU cores: 4    
2026-05-28 14:50:27 💻 Memory: 15625MB    
2026-05-28 14:50:27 💻 Kernel: 6.12.90-1-MANJARO    
2026-05-28 14:50:27 💻 Linux distribution: Manjaro Linux    
2026-05-28 14:50:27 💻 Virtual machine: no    
2026-05-28 14:50:27 📦 Highest known block at #0    
2026-05-28 14:50:27 〽️ Prometheus exporter started at 127.0.0.1:9615    
2026-05-28 14:50:27 Running JSON-RPC server: addr=127.0.0.1:9944,[::1]:9944    
2026-05-28 14:50:28 Current block number: 1    
2026-05-28 14:50:28 🙌 Starting consensus session on top of parent 0xe7158e09bf7fe8757dafd4f0eac5e0365259a9ab2a6eb3adf2bc0db9f454ffb3 (#0)    
2026-05-28 14:50:28 🎁 Prepared block for proposing at 1 (1 ms) hash: 0x4820eb77a8b98e881d95bc1d71d9b0aca5d03c4239b9848c3a865e099e25970a; parent_hash: 0xe715…ffb3; end: NoMoreTransactions; extrinsics_count: 2    
2026-05-28 14:50:28 Consensus with no RPC sender success: CreatedBlock { hash: 0x4820eb77a8b98e881d95bc1d71d9b0aca5d03c4239b9848c3a865e099e25970a, aux: ImportedAux { header_only: false, clear_justification_requests: false, needs_justification: false, bad_justification: false, is_new_best: true }, proof_size: 0 }    
2026-05-28 14:50:28 🏆 Imported #1 (0xe715…ffb3 → 0x4820…970a)    
2026-05-28 14:50:29 Current block number: 2    
2026-05-28 14:50:29 🙌 Starting consensus session on top of parent 0x4820eb77a8b98e881d95bc1d71d9b0aca5d03c4239b9848c3a865e099e25970a (#1)    
2026-05-28 14:50:29 🎁 Prepared block for proposing at 2 (2 ms) hash: 0x2abfe2d47b65a63b7fe7e1e113a6b1a17ed3f9ef102550b99c83f43caa9c8493; parent_hash: 0x4820…970a; end: NoMoreTransactions; extrinsics_count: 2    
2026-05-28 14:50:29 Consensus with no RPC sender success: CreatedBlock { hash: 0x2abfe2d47b65a63b7fe7e1e113a6b1a17ed3f9ef102550b99c83f43caa9c8493, aux: ImportedAux { header_only: false, clear_justification_requests: false, needs_justification: false, bad_justification: false, is_new_best: true }, proof_size: 0 }    
2026-05-28 14:50:29 🏆 Imported #2 (0x4820…970a → 0x2abf…8493)    
2026-05-28 14:50:30 Current block number: 3    
2026-05-28 14:50:30 🙌 Starting consensus session on top of parent 0x2abfe2d47b65a63b7fe7e1e113a6b1a17ed3f9ef102550b99c83f43caa9c8493 (#2)    
2026-05-28 14:50:30 🎁 Prepared block for proposing at 3 (4 ms) hash: 0x749f1845522b947b0355726d3ac9f4f9f51e5b97b5388f05498d2a32d214dde1; parent_hash: 0x2abf…8493; end: NoMoreTransactions; extrinsics_count: 2    
2026-05-28 14:50:30 Consensus with no RPC sender success: CreatedBlock { hash: 0x749f1845522b947b0355726d3ac9f4f9f51e5b97b5388f05498d2a32d214dde1, aux: ImportedAux { header_only: false, clear_justification_requests: false, needs_justification: false, bad_justification: false, is_new_best: true }, proof_size: 0 }    
2026-05-28 14:50:30 🏆 Imported #3 (0x2abf…8493 → 0x749f…dde1)    
2026-05-28 14:50:31 Current block number: 4    
2026-05-28 14:50:31 🙌 Starting consensus session on top of parent 0x749f1845522b947b0355726d3ac9f4f9f51e5b97b5388f05498d2a32d214dde1 (#3)    
2026-05-28 14:50:31 🎁 Prepared block for proposing at 4 (2 ms) hash: 0x56239151effb0103ae75eecbf677618fae4febbc3303c0a09b9af0fbf937f863; parent_hash: 0x749f…dde1; end: NoMoreTransactions; extrinsics_count: 2    
2026-05-28 14:50:31 Consensus with no RPC sender success: CreatedBlock { hash: 0x56239151effb0103ae75eecbf677618fae4febbc3303c0a09b9af0fbf937f863, aux: ImportedAux { header_only: false, clear_justification_requests: false, needs_justification: false, bad_justification: false, is_new_best: true }, proof_size: 0 }    
2026-05-28 14:50:31 🏆 Imported #4 (0x749f…dde1 → 0x5623…f863)    
2026-05-28 14:50:32 Current block number: 5    
2026-05-28 14:50:32 🙌 Starting consensus session on top of parent 0x56239151effb0103ae75eecbf677618fae4febbc3303c0a09b9af0fbf937f863 (#4)    
2026-05-28 14:50:32 🎁 Prepared block for proposing at 5 (5 ms) hash: 0x87cb45be9f5ea1624a5a585d77697b7fb44816a8d0310e670336a77ea685c630; parent_hash: 0x5623…f863; end: NoMoreTransactions; extrinsics_count: 3    
2026-05-28 14:50:32 Consensus with no RPC sender success: CreatedBlock { hash: 0x87cb45be9f5ea1624a5a585d77697b7fb44816a8d0310e670336a77ea685c630, aux: ImportedAux { header_only: false, clear_justification_requests: false, needs_justification: false, bad_justification: false, is_new_best: true }, proof_size: 0 }    
2026-05-28 14:50:32 🏆 Imported #5 (0x5623…f863 → 0x87cb…c630)    
2026-05-28 14:50:32 💤 Idle (0 peers), best: #5 (0x87cb…c630), finalized #5 (0x87cb…c630), ⬇ 0 ⬆ 0    
2026-05-28 14:50:33 Current block number: 6    
2026-05-28 14:50:33 🙌 Starting consensus session on top of parent 0x87cb45be9f5ea1624a5a585d77697b7fb44816a8d0310e670336a77ea685c630 (#5)    
2026-05-28 14:50:33 🎁 Prepared block for proposing at 6 (4 ms) hash: 0xddfddae10e43541a5a8bc9730d3623f6941942f76f5b85fff3497aaf2d57a375; parent_hash: 0x87cb…c630; end: NoMoreTransactions; extrinsics_count: 3    
2026-05-28 14:50:33 Consensus with no RPC sender success: CreatedBlock { hash: 0xddfddae10e43541a5a8bc9730d3623f6941942f76f5b85fff3497aaf2d57a375, aux: ImportedAux { header_only: false, clear_justification_requests: false, needs_justification: false, bad_justification: false, is_new_best: true }, proof_size: 0 }    
2026-05-28 14:50:33 🏆 Imported #6 (0x87cb…c630 → 0xddfd…a375)    
2026-05-28 14:50:34 Current block number: 7    
2026-05-28 14:50:34 🙌 Starting consensus session on top of parent 0xddfddae10e43541a5a8bc9730d3623f6941942f76f5b85fff3497aaf2d57a375 (#6)    
2026-05-28 14:50:34 🎁 Prepared block for proposing at 7 (6 ms) hash: 0xf1f34f63b65b5fde71407797553f848d7127ae1c377e68159047b2c64df72eb9; parent_hash: 0xddfd…a375; end: NoMoreTransactions; extrinsics_count: 3    
2026-05-28 14:50:34 Consensus with no RPC sender success: CreatedBlock { hash: 0xf1f34f63b65b5fde71407797553f848d7127ae1c377e68159047b2c64df72eb9, aux: ImportedAux { header_only: false, clear_justification_requests: false, needs_justification: false, bad_justification: false, is_new_best: true }, proof_size: 0 }    
2026-05-28 14:50:34 🏆 Imported #7 (0xddfd…a375 → 0xf1f3…2eb9)    
2026-05-28 14:50:35 Current block number: 8    
2026-05-28 14:50:35 🙌 Starting consensus session on top of parent 0xf1f34f63b65b5fde71407797553f848d7127ae1c377e68159047b2c64df72eb9 (#7)    
2026-05-28 14:50:35 🎁 Prepared block for proposing at 8 (1 ms) hash: 0x592ca4b58a078d6bbdf5e2f46a6d7b4377cbd06454d0955a5fe729488642eb6c; parent_hash: 0xf1f3…2eb9; end: NoMoreTransactions; extrinsics_count: 3    
2026-05-28 14:50:35 Consensus with no RPC sender success: CreatedBlock { hash: 0x592ca4b58a078d6bbdf5e2f46a6d7b4377cbd06454d0955a5fe729488642eb6c, aux: ImportedAux { header_only: false, clear_justification_requests: false, needs_justification: false, bad_justification: false, is_new_best: true }, proof_size: 0 }    
2026-05-28 14:50:35 🏆 Imported #8 (0xf1f3…2eb9 → 0x592c…eb6c)    
2026-05-28 14:50:36 Current block number: 9    
2026-05-28 14:50:36 🙌 Starting consensus session on top of parent 0x592ca4b58a078d6bbdf5e2f46a6d7b4377cbd06454d0955a5fe729488642eb6c (#8)    
2026-05-28 14:50:36 🎁 Prepared block for proposing at 9 (4 ms) hash: 0xc6e94811d99c2d40c30f0a336bd983373f92403051713ee89267147e589f05ad; parent_hash: 0x592c…eb6c; end: NoMoreTransactions; extrinsics_count: 3    
2026-05-28 14:50:36 Consensus with no RPC sender success: CreatedBlock { hash: 0xc6e94811d99c2d40c30f0a336bd983373f92403051713ee89267147e589f05ad, aux: ImportedAux { header_only: false, clear_justification_requests: false, needs_justification: false, bad_justification: false, is_new_best: true }, proof_size: 0 }    
2026-05-28 14:50:36 🏆 Imported #9 (0x592c…eb6c → 0xc6e9…05ad)    
2026-05-28 14:50:37 Current block number: 10    
2026-05-28 14:50:37 🙌 Starting consensus session on top of parent 0xc6e94811d99c2d40c30f0a336bd983373f92403051713ee89267147e589f05ad (#9)    
2026-05-28 14:50:37 🎁 Prepared block for proposing at 10 (6 ms) hash: 0x8dd706083aa30d5872ac92d67020d04a09c6aef08c079a9fa06a082aae287b9e; parent_hash: 0xc6e9…05ad; end: NoMoreTransactions; extrinsics_count: 3    
2026-05-28 14:50:37 Consensus with no RPC sender success: CreatedBlock { hash: 0x8dd706083aa30d5872ac92d67020d04a09c6aef08c079a9fa06a082aae287b9e, aux: ImportedAux { header_only: false, clear_justification_requests: false, needs_justification: false, bad_justification: false, is_new_best: true }, proof_size: 0 }    
2026-05-28 14:50:37 🏆 Imported #10 (0xc6e9…05ad → 0x8dd7…7b9e)    
2026-05-28 14:50:37 💤 Idle (0 peers), best: #10 (0x8dd7…7b9e), finalized #10 (0x8dd7…7b9e), ⬇ 0 ⬆ 0    
2026-05-28 14:50:38 Current block number: 11    
2026-05-28 14:50:38 🙌 Starting consensus session on top of parent 0x8dd706083aa30d5872ac92d67020d04a09c6aef08c079a9fa06a082aae287b9e (#10)    
2026-05-28 14:50:38 🎁 Prepared block for proposing at 11 (7 ms) hash: 0x4ed6ae68eb2704cea7bdde435efa0e57c50a1bb75cb8972432afafdae979b532; parent_hash: 0x8dd7…7b9e; end: NoMoreTransactions; extrinsics_count: 3    
2026-05-28 14:50:38 Consensus with no RPC sender success: CreatedBlock { hash: 0x4ed6ae68eb2704cea7bdde435efa0e57c50a1bb75cb8972432afafdae979b532, aux: ImportedAux { header_only: false, clear_justification_requests: false, needs_justification: false, bad_justification: false, is_new_best: true }, proof_size: 0 }    
2026-05-28 14:50:38 🏆 Imported #11 (0x8dd7…7b9e → 0x4ed6…b532)    
2026-05-28 14:50:39 Current block number: 12    
2026-05-28 14:50:39 🙌 Starting consensus session on top of parent 0x4ed6ae68eb2704cea7bdde435efa0e57c50a1bb75cb8972432afafdae979b532 (#11)    
2026-05-28 14:50:39 🎁 Prepared block for proposing at 12 (8 ms) hash: 0xa1a1d51028f68df89465d322b49f8a88efc5cd94a3c5bd100259c5a4f89dc50d; parent_hash: 0x4ed6…b532; end: NoMoreTransactions; extrinsics_count: 3    
2026-05-28 14:50:39 Consensus with no RPC sender success: CreatedBlock { hash: 0xa1a1d51028f68df89465d322b49f8a88efc5cd94a3c5bd100259c5a4f89dc50d, aux: ImportedAux { header_only: false, clear_justification_requests: false, needs_justification: false, bad_justification: false, is_new_best: true }, proof_size: 0 }    
2026-05-28 14:50:39 🏆 Imported #12 (0x4ed6…b532 → 0xa1a1…c50d)    
2026-05-28 14:50:40 Current block number: 13    
2026-05-28 14:50:40 🙌 Starting consensus session on top of parent 0xa1a1d51028f68df89465d322b49f8a88efc5cd94a3c5bd100259c5a4f89dc50d (#12)    
2026-05-28 14:50:40 🎁 Prepared block for proposing at 13 (9 ms) hash: 0xbc40856c47590a5e590482628d0448d19eadcadefe13ea6b6db5e3090ba103fe; parent_hash: 0xa1a1…c50d; end: NoMoreTransactions; extrinsics_count: 3    
2026-05-28 14:50:40 Consensus with no RPC sender success: CreatedBlock { hash: 0xbc40856c47590a5e590482628d0448d19eadcadefe13ea6b6db5e3090ba103fe, aux: ImportedAux { header_only: false, clear_justification_requests: false, needs_justification: false, bad_justification: false, is_new_best: true }, proof_size: 0 }    
2026-05-28 14:50:40 🏆 Imported #13 (0xa1a1…c50d → 0xbc40…03fe)    
2026-05-28 14:50:41 Current block number: 14    
2026-05-28 14:50:41 🙌 Starting consensus session on top of parent 0xbc40856c47590a5e590482628d0448d19eadcadefe13ea6b6db5e3090ba103fe (#13)    
2026-05-28 14:50:41 🎁 Prepared block for proposing at 14 (9 ms) hash: 0x64c699c701ca9949e4daca220fe61128c5ccd0b9b227dc343a2035271206971f; parent_hash: 0xbc40…03fe; end: NoMoreTransactions; extrinsics_count: 3    
2026-05-28 14:50:41 Consensus with no RPC sender success: CreatedBlock { hash: 0x64c699c701ca9949e4daca220fe61128c5ccd0b9b227dc343a2035271206971f, aux: ImportedAux { header_only: false, clear_justification_requests: false, needs_justification: false, bad_justification: false, is_new_best: true }, proof_size: 0 }    
2026-05-28 14:50:41 🏆 Imported #14 (0xbc40…03fe → 0x64c6…971f)    
2026-05-28 14:50:42 Current block number: 15    
2026-05-28 14:50:42 🙌 Starting consensus session on top of parent 0x64c699c701ca9949e4daca220fe61128c5ccd0b9b227dc343a2035271206971f (#14)    
2026-05-28 14:50:42 🎁 Prepared block for proposing at 15 (7 ms) hash: 0x31e117895e1221c19a92c64e108e48ac110447b6070296315e53c28709ccc0d6; parent_hash: 0x64c6…971f; end: NoMoreTransactions; extrinsics_count: 3    
2026-05-28 14:50:42 Consensus with no RPC sender success: CreatedBlock { hash: 0x31e117895e1221c19a92c64e108e48ac110447b6070296315e53c28709ccc0d6, aux: ImportedAux { header_only: false, clear_justification_requests: false, needs_justification: false, bad_justification: false, is_new_best: true }, proof_size: 0 }    
2026-05-28 14:50:42 🏆 Imported #15 (0x64c6…971f → 0x31e1…c0d6)    
2026-05-28 14:50:42 💤 Idle (0 peers), best: #15 (0x31e1…c0d6), finalized #15 (0x31e1…c0d6), ⬇ 0 ⬆ 0    
2026-05-28 14:50:43 Current block number: 16    
2026-05-28 14:50:43 🙌 Starting consensus session on top of parent 0x31e117895e1221c19a92c64e108e48ac110447b6070296315e53c28709ccc0d6 (#15)    
2026-05-28 14:50:43 🎁 Prepared block for proposing at 16 (5 ms) hash: 0xc9c38a33f9d481dace0c6a94671aeb6920c05d96f64aae05f2b941b14b4334d0; parent_hash: 0x31e1…c0d6; end: NoMoreTransactions; extrinsics_count: 3    
2026-05-28 14:50:43 Consensus with no RPC sender success: CreatedBlock { hash: 0xc9c38a33f9d481dace0c6a94671aeb6920c05d96f64aae05f2b941b14b4334d0, aux: ImportedAux { header_only: false, clear_justification_requests: false, needs_justification: false, bad_justification: false, is_new_best: true }, proof_size: 0 }    
2026-05-28 14:50:43 🏆 Imported #16 (0x31e1…c0d6 → 0xc9c3…34d0)    
2026-05-28 14:50:44 Current block number: 17    
2026-05-28 14:50:44 🙌 Starting consensus session on top of parent 0xc9c38a33f9d481dace0c6a94671aeb6920c05d96f64aae05f2b941b14b4334d0 (#16)    
2026-05-28 14:50:44 🎁 Prepared block for proposing at 17 (5 ms) hash: 0x676c3c6a9fff6ffbcceed29e745defe8c077e2be2ec953bee0002a4badd0be9e; parent_hash: 0xc9c3…34d0; end: NoMoreTransactions; extrinsics_count: 3    
2026-05-28 14:50:44 Consensus with no RPC sender success: CreatedBlock { hash: 0x676c3c6a9fff6ffbcceed29e745defe8c077e2be2ec953bee0002a4badd0be9e, aux: ImportedAux { header_only: false, clear_justification_requests: false, needs_justification: false, bad_justification: false, is_new_best: true }, proof_size: 0 }    
2026-05-28 14:50:44 🏆 Imported #17 (0xc9c3…34d0 → 0x676c…be9e)    
2026-05-28 14:50:45 Current block number: 18    
2026-05-28 14:50:45 🙌 Starting consensus session on top of parent 0x676c3c6a9fff6ffbcceed29e745defe8c077e2be2ec953bee0002a4badd0be9e (#17)    
2026-05-28 14:50:45 🎁 Prepared block for proposing at 18 (5 ms) hash: 0x0cef1e3052d23426cf19b17248aa3c3d4c889395ecfeade390b9615774ae61c9; parent_hash: 0x676c…be9e; end: NoMoreTransactions; extrinsics_count: 3    
2026-05-28 14:50:45 Consensus with no RPC sender success: CreatedBlock { hash: 0x0cef1e3052d23426cf19b17248aa3c3d4c889395ecfeade390b9615774ae61c9, aux: ImportedAux { header_only: false, clear_justification_requests: false, needs_justification: false, bad_justification: false, is_new_best: true }, proof_size: 0 }    
2026-05-28 14:50:45 🏆 Imported #18 (0x676c…be9e → 0x0cef…61c9)    
2026-05-28 14:50:46 Current block number: 19    
2026-05-28 14:50:46 🙌 Starting consensus session on top of parent 0x0cef1e3052d23426cf19b17248aa3c3d4c889395ecfeade390b9615774ae61c9 (#18)    
2026-05-28 14:50:46 🎁 Prepared block for proposing at 19 (6 ms) hash: 0x6c839249dc027fc41b7c2db956c873c3072afda85534e063ec2e75232f5986b1; parent_hash: 0x0cef…61c9; end: NoMoreTransactions; extrinsics_count: 3    
2026-05-28 14:50:46 Consensus with no RPC sender success: CreatedBlock { hash: 0x6c839249dc027fc41b7c2db956c873c3072afda85534e063ec2e75232f5986b1, aux: ImportedAux { header_only: false, clear_justification_requests: false, needs_justification: false, bad_justification: false, is_new_best: true }, proof_size: 0 }    
2026-05-28 14:50:46 🏆 Imported #19 (0x0cef…61c9 → 0x6c83…86b1)    
2026-05-28 14:50:47 Current block number: 20    
2026-05-28 14:50:47 🙌 Starting consensus session on top of parent 0x6c839249dc027fc41b7c2db956c873c3072afda85534e063ec2e75232f5986b1 (#19)    
2026-05-28 14:50:47 🎁 Prepared block for proposing at 20 (5 ms) hash: 0x8cc85e2c721bb0f2859837f496aa8a91f99d7ad4be34f2024466af1d1ec12c5d; parent_hash: 0x6c83…86b1; end: NoMoreTransactions; extrinsics_count: 3    
2026-05-28 14:50:47 Consensus with no RPC sender success: CreatedBlock { hash: 0x8cc85e2c721bb0f2859837f496aa8a91f99d7ad4be34f2024466af1d1ec12c5d, aux: ImportedAux { header_only: false, clear_justification_requests: false, needs_justification: false, bad_justification: false, is_new_best: true }, proof_size: 0 }    
2026-05-28 14:50:47 🏆 Imported #20 (0x6c83…86b1 → 0x8cc8…2c5d)    
2026-05-28 14:50:47 💤 Idle (0 peers), best: #20 (0x8cc8…2c5d), finalized #20 (0x8cc8…2c5d), ⬇ 0 ⬆ 0    
2026-05-28 14:50:48 Current block number: 21    
2026-05-28 14:50:48 🙌 Starting consensus session on top of parent 0x8cc85e2c721bb0f2859837f496aa8a91f99d7ad4be34f2024466af1d1ec12c5d (#20)    
2026-05-28 14:50:48 🎁 Prepared block for proposing at 21 (8 ms) hash: 0x4495664ccde8929e390dac1f09d282f84896ec9718eca9f610fe1c13feb04822; parent_hash: 0x8cc8…2c5d; end: NoMoreTransactions; extrinsics_count: 3    
2026-05-28 14:50:48 Consensus with no RPC sender success: CreatedBlock { hash: 0x4495664ccde8929e390dac1f09d282f84896ec9718eca9f610fe1c13feb04822, aux: ImportedAux { header_only: false, clear_justification_requests: false, needs_justification: false, bad_justification: false, is_new_best: true }, proof_size: 0 }    
2026-05-28 14:50:48 🏆 Imported #21 (0x8cc8…2c5d → 0x4495…4822)    
2026-05-28 14:50:49 Current block number: 22    
2026-05-28 14:50:49 🙌 Starting consensus session on top of parent 0x4495664ccde8929e390dac1f09d282f84896ec9718eca9f610fe1c13feb04822 (#21)    
2026-05-28 14:50:49 🎁 Prepared block for proposing at 22 (5 ms) hash: 0x5a4ef55576b2e5818fbf79c707a386221ecb1c7370e983d9b2ba6e3daa1a026d; parent_hash: 0x4495…4822; end: NoMoreTransactions; extrinsics_count: 3    
2026-05-28 14:50:49 Consensus with no RPC sender success: CreatedBlock { hash: 0x5a4ef55576b2e5818fbf79c707a386221ecb1c7370e983d9b2ba6e3daa1a026d, aux: ImportedAux { header_only: false, clear_justification_requests: false, needs_justification: false, bad_justification: false, is_new_best: true }, proof_size: 0 }    
2026-05-28 14:50:49 🏆 Imported #22 (0x4495…4822 → 0x5a4e…026d)    
2026-05-28 14:50:50 Current block number: 23    
2026-05-28 14:50:50 🙌 Starting consensus session on top of parent 0x5a4ef55576b2e5818fbf79c707a386221ecb1c7370e983d9b2ba6e3daa1a026d (#22)    
2026-05-28 14:50:50 🎁 Prepared block for proposing at 23 (6 ms) hash: 0x84d49d964a20213ea962b680860c79e16b4833ff71a79d2259a0cd9ac142691e; parent_hash: 0x5a4e…026d; end: NoMoreTransactions; extrinsics_count: 3    
2026-05-28 14:50:50 Consensus with no RPC sender success: CreatedBlock { hash: 0x84d49d964a20213ea962b680860c79e16b4833ff71a79d2259a0cd9ac142691e, aux: ImportedAux { header_only: false, clear_justification_requests: false, needs_justification: false, bad_justification: false, is_new_best: true }, proof_size: 0 }    
2026-05-28 14:50:50 🏆 Imported #23 (0x5a4e…026d → 0x84d4…691e)    
2026-05-28 14:50:51 Current block number: 24    
2026-05-28 14:50:51 🙌 Starting consensus session on top of parent 0x84d49d964a20213ea962b680860c79e16b4833ff71a79d2259a0cd9ac142691e (#23)    
2026-05-28 14:50:51 🎁 Prepared block for proposing at 24 (5 ms) hash: 0x97bc45bb32c0b7337fddd96374e0e6c63b3c318e1f0623ecd1d9b839893a784d; parent_hash: 0x84d4…691e; end: NoMoreTransactions; extrinsics_count: 3    
2026-05-28 14:50:51 Consensus with no RPC sender success: CreatedBlock { hash: 0x97bc45bb32c0b7337fddd96374e0e6c63b3c318e1f0623ecd1d9b839893a784d, aux: ImportedAux { header_only: false, clear_justification_requests: false, needs_justification: false, bad_justification: false, is_new_best: true }, proof_size: 0 }    
2026-05-28 14:50:51 🏆 Imported #24 (0x84d4…691e → 0x97bc…784d)    
2026-05-28 14:50:52 Current block number: 25    
2026-05-28 14:50:52 🙌 Starting consensus session on top of parent 0x97bc45bb32c0b7337fddd96374e0e6c63b3c318e1f0623ecd1d9b839893a784d (#24)    
2026-05-28 14:50:52 🎁 Prepared block for proposing at 25 (6 ms) hash: 0xe7c0a62f8ebaff60a097db4798efa6b65e4ba8a2ead785b20835da2225b8ecc9; parent_hash: 0x97bc…784d; end: NoMoreTransactions; extrinsics_count: 3    
2026-05-28 14:50:52 Consensus with no RPC sender success: CreatedBlock { hash: 0xe7c0a62f8ebaff60a097db4798efa6b65e4ba8a2ead785b20835da2225b8ecc9, aux: ImportedAux { header_only: false, clear_justification_requests: false, needs_justification: false, bad_justification: false, is_new_best: true }, proof_size: 0 }    
2026-05-28 14:50:52 🏆 Imported #25 (0x97bc…784d → 0xe7c0…ecc9)    
2026-05-28 14:50:52 💤 Idle (0 peers), best: #25 (0xe7c0…ecc9), finalized #25 (0xe7c0…ecc9), ⬇ 0 ⬆ 0    
2026-05-28 14:50:53 Current block number: 26    
2026-05-28 14:50:53 🙌 Starting consensus session on top of parent 0xe7c0a62f8ebaff60a097db4798efa6b65e4ba8a2ead785b20835da2225b8ecc9 (#25)    
2026-05-28 14:50:53 🎁 Prepared block for proposing at 26 (8 ms) hash: 0xc57c8983891158eb5d5252883d3345457988ea53de64f12314ec05cab5ac8dc9; parent_hash: 0xe7c0…ecc9; end: NoMoreTransactions; extrinsics_count: 3    
2026-05-28 14:50:53 Consensus with no RPC sender success: CreatedBlock { hash: 0xc57c8983891158eb5d5252883d3345457988ea53de64f12314ec05cab5ac8dc9, aux: ImportedAux { header_only: false, clear_justification_requests: false, needs_justification: false, bad_justification: false, is_new_best: true }, proof_size: 0 }    
2026-05-28 14:50:53 🏆 Imported #26 (0xe7c0…ecc9 → 0xc57c…8dc9)    
2026-05-28 14:50:54 Current block number: 27    
2026-05-28 14:50:54 🙌 Starting consensus session on top of parent 0xc57c8983891158eb5d5252883d3345457988ea53de64f12314ec05cab5ac8dc9 (#26)    
2026-05-28 14:50:54 🎁 Prepared block for proposing at 27 (8 ms) hash: 0x60d9ad2dcbbacc88062f802cb7390f5ed2baeecb0e0b6bdb356e250a9d14ab83; parent_hash: 0xc57c…8dc9; end: NoMoreTransactions; extrinsics_count: 3    
2026-05-28 14:50:54 Consensus with no RPC sender success: CreatedBlock { hash: 0x60d9ad2dcbbacc88062f802cb7390f5ed2baeecb0e0b6bdb356e250a9d14ab83, aux: ImportedAux { header_only: false, clear_justification_requests: false, needs_justification: false, bad_justification: false, is_new_best: true }, proof_size: 0 }    
2026-05-28 14:50:54 🏆 Imported #27 (0xc57c…8dc9 → 0x60d9…ab83)    
2026-05-28 14:50:55 Current block number: 28    
2026-05-28 14:50:55 🙌 Starting consensus session on top of parent 0x60d9ad2dcbbacc88062f802cb7390f5ed2baeecb0e0b6bdb356e250a9d14ab83 (#27)    
2026-05-28 14:50:55 🎁 Prepared block for proposing at 28 (9 ms) hash: 0xb475157dd6c417996387bca6d220887e87a028335786efaf1ba365ddc6d7a34f; parent_hash: 0x60d9…ab83; end: NoMoreTransactions; extrinsics_count: 3    
2026-05-28 14:50:55 Consensus with no RPC sender success: CreatedBlock { hash: 0xb475157dd6c417996387bca6d220887e87a028335786efaf1ba365ddc6d7a34f, aux: ImportedAux { header_only: false, clear_justification_requests: false, needs_justification: false, bad_justification: false, is_new_best: true }, proof_size: 0 }    
2026-05-28 14:50:55 🏆 Imported #28 (0x60d9…ab83 → 0xb475…a34f)    
2026-05-28 14:50:56 Current block number: 29    
2026-05-28 14:50:56 🙌 Starting consensus session on top of parent 0xb475157dd6c417996387bca6d220887e87a028335786efaf1ba365ddc6d7a34f (#28)    
2026-05-28 14:50:56 🎁 Prepared block for proposing at 29 (7 ms) hash: 0x3f045c99c31c7047e7e088c6236fac9c86c5d2ae5554436aa373d8bc962b9344; parent_hash: 0xb475…a34f; end: NoMoreTransactions; extrinsics_count: 3    
2026-05-28 14:50:56 Consensus with no RPC sender success: CreatedBlock { hash: 0x3f045c99c31c7047e7e088c6236fac9c86c5d2ae5554436aa373d8bc962b9344, aux: ImportedAux { header_only: false, clear_justification_requests: false, needs_justification: false, bad_justification: false, is_new_best: true }, proof_size: 0 }    
2026-05-28 14:50:56 🏆 Imported #29 (0xb475…a34f → 0x3f04…9344)    
2026-05-28 14:50:57 Current block number: 30    
2026-05-28 14:50:57 🙌 Starting consensus session on top of parent 0x3f045c99c31c7047e7e088c6236fac9c86c5d2ae5554436aa373d8bc962b9344 (#29)    
2026-05-28 14:50:57 🎁 Prepared block for proposing at 30 (5 ms) hash: 0x5f9598617a30f7ea5fd1ccea14268785400e4872c8588f0bac59045165882adc; parent_hash: 0x3f04…9344; end: NoMoreTransactions; extrinsics_count: 3    
2026-05-28 14:50:57 Consensus with no RPC sender success: CreatedBlock { hash: 0x5f9598617a30f7ea5fd1ccea14268785400e4872c8588f0bac59045165882adc, aux: ImportedAux { header_only: false, clear_justification_requests: false, needs_justification: false, bad_justification: false, is_new_best: true }, proof_size: 0 }    
2026-05-28 14:50:57 🏆 Imported #30 (0x3f04…9344 → 0x5f95…2adc)    
2026-05-28 14:50:57 💤 Idle (0 peers), best: #30 (0x5f95…2adc), finalized #30 (0x5f95…2adc), ⬇ 0 ⬆ 0    
2026-05-28 14:50:58 Current block number: 31    
2026-05-28 14:50:58 🙌 Starting consensus session on top of parent 0x5f9598617a30f7ea5fd1ccea14268785400e4872c8588f0bac59045165882adc (#30)    
2026-05-28 14:50:58 🎁 Prepared block for proposing at 31 (6 ms) hash: 0x1d2e372d6a4e318c7212701dd0ec2700d728ecc0f9063272b74aa3fad6dcd678; parent_hash: 0x5f95…2adc; end: NoMoreTransactions; extrinsics_count: 3    
2026-05-28 14:50:58 Consensus with no RPC sender success: CreatedBlock { hash: 0x1d2e372d6a4e318c7212701dd0ec2700d728ecc0f9063272b74aa3fad6dcd678, aux: ImportedAux { header_only: false, clear_justification_requests: false, needs_justification: false, bad_justification: false, is_new_best: true }, proof_size: 0 }    
2026-05-28 14:50:58 🏆 Imported #31 (0x5f95…2adc → 0x1d2e…d678)    
2026-05-28 14:50:59 Current block number: 32    
2026-05-28 14:50:59 🙌 Starting consensus session on top of parent 0x1d2e372d6a4e318c7212701dd0ec2700d728ecc0f9063272b74aa3fad6dcd678 (#31)    
2026-05-28 14:50:59 🎁 Prepared block for proposing at 32 (6 ms) hash: 0x4f803c7da8377a2c5610b6b4167df04290373f8fa08dc80269128bf0ad8647f2; parent_hash: 0x1d2e…d678; end: NoMoreTransactions; extrinsics_count: 3    
2026-05-28 14:50:59 Consensus with no RPC sender success: CreatedBlock { hash: 0x4f803c7da8377a2c5610b6b4167df04290373f8fa08dc80269128bf0ad8647f2, aux: ImportedAux { header_only: false, clear_justification_requests: false, needs_justification: false, bad_justification: false, is_new_best: true }, proof_size: 0 }    
2026-05-28 14:50:59 🏆 Imported #32 (0x1d2e…d678 → 0x4f80…47f2)    
2026-05-28 14:51:00 Current block number: 33    
2026-05-28 14:51:00 🙌 Starting consensus session on top of parent 0x4f803c7da8377a2c5610b6b4167df04290373f8fa08dc80269128bf0ad8647f2 (#32)    
2026-05-28 14:51:00 🎁 Prepared block for proposing at 33 (6 ms) hash: 0xa515409b556c07e1d294cd157bbd8fb30e77b9273190ab1645b94255be4f1e17; parent_hash: 0x4f80…47f2; end: NoMoreTransactions; extrinsics_count: 3    
2026-05-28 14:51:00 Consensus with no RPC sender success: CreatedBlock { hash: 0xa515409b556c07e1d294cd157bbd8fb30e77b9273190ab1645b94255be4f1e17, aux: ImportedAux { header_only: false, clear_justification_requests: false, needs_justification: false, bad_justification: false, is_new_best: true }, proof_size: 0 }    
2026-05-28 14:51:00 🏆 Imported #33 (0x4f80…47f2 → 0xa515…1e17)    
2026-05-28 14:51:01 Current block number: 34    
2026-05-28 14:51:01 🙌 Starting consensus session on top of parent 0xa515409b556c07e1d294cd157bbd8fb30e77b9273190ab1645b94255be4f1e17 (#33)    
2026-05-28 14:51:01 🎁 Prepared block for proposing at 34 (6 ms) hash: 0x284b9bf9efe0aa52b39b6a1c0b55b179d5981355d05faddaa1a329e29232faec; parent_hash: 0xa515…1e17; end: NoMoreTransactions; extrinsics_count: 3    
2026-05-28 14:51:01 Consensus with no RPC sender success: CreatedBlock { hash: 0x284b9bf9efe0aa52b39b6a1c0b55b179d5981355d05faddaa1a329e29232faec, aux: ImportedAux { header_only: false, clear_justification_requests: false, needs_justification: false, bad_justification: false, is_new_best: true }, proof_size: 0 }    
2026-05-28 14:51:01 🏆 Imported #34 (0xa515…1e17 → 0x284b…faec)    
2026-05-28 14:51:02 Current block number: 35    
2026-05-28 14:51:02 🙌 Starting consensus session on top of parent 0x284b9bf9efe0aa52b39b6a1c0b55b179d5981355d05faddaa1a329e29232faec (#34)    
2026-05-28 14:51:02 🎁 Prepared block for proposing at 35 (5 ms) hash: 0x30a90c9b3abf214a289858810bdb80e07b4b2c911fd563d54a122a3ce276d9da; parent_hash: 0x284b…faec; end: NoMoreTransactions; extrinsics_count: 3    
2026-05-28 14:51:02 💤 Idle (0 peers), best: #34 (0x284b…faec), finalized #34 (0x284b…faec), ⬇ 0 ⬆ 0    
2026-05-28 14:51:02 Consensus with no RPC sender success: CreatedBlock { hash: 0x30a90c9b3abf214a289858810bdb80e07b4b2c911fd563d54a122a3ce276d9da, aux: ImportedAux { header_only: false, clear_justification_requests: false, needs_justification: false, bad_justification: false, is_new_best: true }, proof_size: 0 }    
2026-05-28 14:51:02 🏆 Imported #35 (0x284b…faec → 0x30a9…d9da)    
2026-05-28 14:51:03 Current block number: 36    
2026-05-28 14:51:03 🙌 Starting consensus session on top of parent 0x30a90c9b3abf214a289858810bdb80e07b4b2c911fd563d54a122a3ce276d9da (#35)    
2026-05-28 14:51:03 🎁 Prepared block for proposing at 36 (6 ms) hash: 0x0a9c522c32a66a9b8c1e3b86c7741c42afd2f157cb7931fadea83a7519882834; parent_hash: 0x30a9…d9da; end: NoMoreTransactions; extrinsics_count: 3    
2026-05-28 14:51:03 Consensus with no RPC sender success: CreatedBlock { hash: 0x0a9c522c32a66a9b8c1e3b86c7741c42afd2f157cb7931fadea83a7519882834, aux: ImportedAux { header_only: false, clear_justification_requests: false, needs_justification: false, bad_justification: false, is_new_best: true }, proof_size: 0 }    
2026-05-28 14:51:03 🏆 Imported #36 (0x30a9…d9da → 0x0a9c…2834)    
2026-05-28 14:51:04 Current block number: 37    
2026-05-28 14:51:04 🙌 Starting consensus session on top of parent 0x0a9c522c32a66a9b8c1e3b86c7741c42afd2f157cb7931fadea83a7519882834 (#36)    
2026-05-28 14:51:04 🎁 Prepared block for proposing at 37 (6 ms) hash: 0x4cb900da9d76da21ac22c90bafb3a906fd53e4f440e531d72b6dfcc430830e0b; parent_hash: 0x0a9c…2834; end: NoMoreTransactions; extrinsics_count: 3    
2026-05-28 14:51:04 Consensus with no RPC sender success: CreatedBlock { hash: 0x4cb900da9d76da21ac22c90bafb3a906fd53e4f440e531d72b6dfcc430830e0b, aux: ImportedAux { header_only: false, clear_justification_requests: false, needs_justification: false, bad_justification: false, is_new_best: true }, proof_size: 0 }    
2026-05-28 14:51:04 🏆 Imported #37 (0x0a9c…2834 → 0x4cb9…0e0b)    
2026-05-28 14:51:05 Current block number: 38    
2026-05-28 14:51:05 🙌 Starting consensus session on top of parent 0x4cb900da9d76da21ac22c90bafb3a906fd53e4f440e531d72b6dfcc430830e0b (#37)    
2026-05-28 14:51:05 🎁 Prepared block for proposing at 38 (2 ms) hash: 0xf1c3b31ef66c93f7da5597170fc619711bcab8164bbce418f55e053b657fde2e; parent_hash: 0x4cb9…0e0b; end: NoMoreTransactions; extrinsics_count: 3    
2026-05-28 14:51:05 Consensus with no RPC sender success: CreatedBlock { hash: 0xf1c3b31ef66c93f7da5597170fc619711bcab8164bbce418f55e053b657fde2e, aux: ImportedAux { header_only: false, clear_justification_requests: false, needs_justification: false, bad_justification: false, is_new_best: true }, proof_size: 0 }    
2026-05-28 14:51:05 🏆 Imported #38 (0x4cb9…0e0b → 0xf1c3…de2e)    
2026-05-28 14:51:06 Current block number: 39    
2026-05-28 14:51:06 🙌 Starting consensus session on top of parent 0xf1c3b31ef66c93f7da5597170fc619711bcab8164bbce418f55e053b657fde2e (#38)    
2026-05-28 14:51:06 🎁 Prepared block for proposing at 39 (3 ms) hash: 0x19f8eda79320e1dbda43e0fe6d5482868be3af45035b4c29f0fb9dceea48d0b7; parent_hash: 0xf1c3…de2e; end: NoMoreTransactions; extrinsics_count: 3    
2026-05-28 14:51:06 Consensus with no RPC sender success: CreatedBlock { hash: 0x19f8eda79320e1dbda43e0fe6d5482868be3af45035b4c29f0fb9dceea48d0b7, aux: ImportedAux { header_only: false, clear_justification_requests: false, needs_justification: false, bad_justification: false, is_new_best: true }, proof_size: 0 }    
2026-05-28 14:51:06 🏆 Imported #39 (0xf1c3…de2e → 0x19f8…d0b7)    
2026-05-28 14:51:07 Current block number: 40    
2026-05-28 14:51:07 🙌 Starting consensus session on top of parent 0x19f8eda79320e1dbda43e0fe6d5482868be3af45035b4c29f0fb9dceea48d0b7 (#39)    
2026-05-28 14:51:07 💤 Idle (0 peers), best: #39 (0x19f8…d0b7), finalized #39 (0x19f8…d0b7), ⬇ 0 ⬆ 0    
2026-05-28 14:51:07 🎁 Prepared block for proposing at 40 (29 ms) hash: 0x1a0fab95022e2ac4325ebf4c5f40206ea16b2f59816e383d5d54458a3ae6f550; parent_hash: 0x19f8…d0b7; end: NoMoreTransactions; extrinsics_count: 3    
2026-05-28 14:51:07 Consensus with no RPC sender success: CreatedBlock { hash: 0x1a0fab95022e2ac4325ebf4c5f40206ea16b2f59816e383d5d54458a3ae6f550, aux: ImportedAux { header_only: false, clear_justification_requests: false, needs_justification: false, bad_justification: false, is_new_best: true }, proof_size: 0 }    
2026-05-28 14:51:07 🏆 Imported #40 (0x19f8…d0b7 → 0x1a0f…f550)    
2026-05-28 14:51:08 Current block number: 41    
2026-05-28 14:51:08 🙌 Starting consensus session on top of parent 0x1a0fab95022e2ac4325ebf4c5f40206ea16b2f59816e383d5d54458a3ae6f550 (#40)    
2026-05-28 14:51:08 🎁 Prepared block for proposing at 41 (34 ms) hash: 0x12d90a64d3dd4fb36fd91d2b202b603f449ae61ecf285f0ba13baa1cce91f23b; parent_hash: 0x1a0f…f550; end: NoMoreTransactions; extrinsics_count: 3    
2026-05-28 14:51:08 Consensus with no RPC sender success: CreatedBlock { hash: 0x12d90a64d3dd4fb36fd91d2b202b603f449ae61ecf285f0ba13baa1cce91f23b, aux: ImportedAux { header_only: false, clear_justification_requests: false, needs_justification: false, bad_justification: false, is_new_best: true }, proof_size: 0 }    
2026-05-28 14:51:08 🏆 Imported #41 (0x1a0f…f550 → 0x12d9…f23b)    
2026-05-28 14:51:09 Current block number: 42    
2026-05-28 14:51:09 🙌 Starting consensus session on top of parent 0x12d90a64d3dd4fb36fd91d2b202b603f449ae61ecf285f0ba13baa1cce91f23b (#41)    
2026-05-28 14:51:09 🎁 Prepared block for proposing at 42 (19 ms) hash: 0x17120ebe43d2d3bc92c28cf9026ed2212f4c21984da4e8395c9df1aa0602dbae; parent_hash: 0x12d9…f23b; end: NoMoreTransactions; extrinsics_count: 3    
2026-05-28 14:51:09 Consensus with no RPC sender success: CreatedBlock { hash: 0x17120ebe43d2d3bc92c28cf9026ed2212f4c21984da4e8395c9df1aa0602dbae, aux: ImportedAux { header_only: false, clear_justification_requests: false, needs_justification: false, bad_justification: false, is_new_best: true }, proof_size: 0 }    
2026-05-28 14:51:09 🏆 Imported #42 (0x12d9…f23b → 0x1712…dbae)    
2026-05-28 14:51:10 Current block number: 43    
2026-05-28 14:51:10 🙌 Starting consensus session on top of parent 0x17120ebe43d2d3bc92c28cf9026ed2212f4c21984da4e8395c9df1aa0602dbae (#42)    
2026-05-28 14:51:10 🎁 Prepared block for proposing at 43 (22 ms) hash: 0x9f1c885d03fe10d4f533739c25d7405bf734f01c09e07582a28cb4ec37f75464; parent_hash: 0x1712…dbae; end: NoMoreTransactions; extrinsics_count: 3    
2026-05-28 14:51:10 Consensus with no RPC sender success: CreatedBlock { hash: 0x9f1c885d03fe10d4f533739c25d7405bf734f01c09e07582a28cb4ec37f75464, aux: ImportedAux { header_only: false, clear_justification_requests: false, needs_justification: false, bad_justification: false, is_new_best: true }, proof_size: 0 }    
2026-05-28 14:51:10 🏆 Imported #43 (0x1712…dbae → 0x9f1c…5464)    
2026-05-28 14:51:11 Current block number: 44    
2026-05-28 14:51:11 🙌 Starting consensus session on top of parent 0x9f1c885d03fe10d4f533739c25d7405bf734f01c09e07582a28cb4ec37f75464 (#43)    
2026-05-28 14:51:11 🎁 Prepared block for proposing at 44 (4 ms) hash: 0x6fb34f949f2ce8f573fb8cb306d1848ecde87ae43718261eb859f6e393bf58bc; parent_hash: 0x9f1c…5464; end: NoMoreTransactions; extrinsics_count: 3    
2026-05-28 14:51:11 Consensus with no RPC sender success: CreatedBlock { hash: 0x6fb34f949f2ce8f573fb8cb306d1848ecde87ae43718261eb859f6e393bf58bc, aux: ImportedAux { header_only: false, clear_justification_requests: false, needs_justification: false, bad_justification: false, is_new_best: true }, proof_size: 0 }    
2026-05-28 14:51:11 🏆 Imported #44 (0x9f1c…5464 → 0x6fb3…58bc)    
2026-05-28 14:51:12 Current block number: 45    
2026-05-28 14:51:12 🙌 Starting consensus session on top of parent 0x6fb34f949f2ce8f573fb8cb306d1848ecde87ae43718261eb859f6e393bf58bc (#44)    
2026-05-28 14:51:12 🎁 Prepared block for proposing at 45 (3 ms) hash: 0x47449a4d83d63282284bfd28cc7512c81a5ef35af63c349d0775820953837abc; parent_hash: 0x6fb3…58bc; end: NoMoreTransactions; extrinsics_count: 3    
2026-05-28 14:51:12 Consensus with no RPC sender success: CreatedBlock { hash: 0x47449a4d83d63282284bfd28cc7512c81a5ef35af63c349d0775820953837abc, aux: ImportedAux { header_only: false, clear_justification_requests: false, needs_justification: false, bad_justification: false, is_new_best: true }, proof_size: 0 }    
2026-05-28 14:51:12 🏆 Imported #45 (0x6fb3…58bc → 0x4744…7abc)    
2026-05-28 14:51:12 💤 Idle (0 peers), best: #45 (0x4744…7abc), finalized #45 (0x4744…7abc), ⬇ 0 ⬆ 0    
2026-05-28 14:51:13 Current block number: 46    
2026-05-28 14:51:13 🙌 Starting consensus session on top of parent 0x47449a4d83d63282284bfd28cc7512c81a5ef35af63c349d0775820953837abc (#45)    
2026-05-28 14:51:13 🎁 Prepared block for proposing at 46 (4 ms) hash: 0x462d0d1f98de08b83fe31df94ab1c4b0b17865659d6a8c782f511eba3b16c11d; parent_hash: 0x4744…7abc; end: NoMoreTransactions; extrinsics_count: 3    
2026-05-28 14:51:13 Consensus with no RPC sender success: CreatedBlock { hash: 0x462d0d1f98de08b83fe31df94ab1c4b0b17865659d6a8c782f511eba3b16c11d, aux: ImportedAux { header_only: false, clear_justification_requests: false, needs_justification: false, bad_justification: false, is_new_best: true }, proof_size: 0 }    
2026-05-28 14:51:13 🏆 Imported #46 (0x4744…7abc → 0x462d…c11d)    
2026-05-28 14:51:14 Current block number: 47    
2026-05-28 14:51:14 🙌 Starting consensus session on top of parent 0x462d0d1f98de08b83fe31df94ab1c4b0b17865659d6a8c782f511eba3b16c11d (#46)    
2026-05-28 14:51:14 🎁 Prepared block for proposing at 47 (5 ms) hash: 0xee81da3d399b6fb070db36da73d30039ddbd109641bb5c4672852216969837af; parent_hash: 0x462d…c11d; end: NoMoreTransactions; extrinsics_count: 3    
2026-05-28 14:51:14 Consensus with no RPC sender success: CreatedBlock { hash: 0xee81da3d399b6fb070db36da73d30039ddbd109641bb5c4672852216969837af, aux: ImportedAux { header_only: false, clear_justification_requests: false, needs_justification: false, bad_justification: false, is_new_best: true }, proof_size: 0 }    
2026-05-28 14:51:14 🏆 Imported #47 (0x462d…c11d → 0xee81…37af)    
2026-05-28 14:51:15 Current block number: 48    
2026-05-28 14:51:15 🙌 Starting consensus session on top of parent 0xee81da3d399b6fb070db36da73d30039ddbd109641bb5c4672852216969837af (#47)    
2026-05-28 14:51:15 🎁 Prepared block for proposing at 48 (5 ms) hash: 0xabab09a88bdb2e1538e4d057a8d25bf440833e419a5f5a9954083d1d95148330; parent_hash: 0xee81…37af; end: NoMoreTransactions; extrinsics_count: 3    
2026-05-28 14:51:15 Consensus with no RPC sender success: CreatedBlock { hash: 0xabab09a88bdb2e1538e4d057a8d25bf440833e419a5f5a9954083d1d95148330, aux: ImportedAux { header_only: false, clear_justification_requests: false, needs_justification: false, bad_justification: false, is_new_best: true }, proof_size: 0 }    
2026-05-28 14:51:15 🏆 Imported #48 (0xee81…37af → 0xabab…8330)    
2026-05-28 14:51:16 Current block number: 49    
2026-05-28 14:51:16 🙌 Starting consensus session on top of parent 0xabab09a88bdb2e1538e4d057a8d25bf440833e419a5f5a9954083d1d95148330 (#48)    
2026-05-28 14:51:16 🎁 Prepared block for proposing at 49 (7 ms) hash: 0x640b561c43c8f405ef6fff96763651bbe1781b446b928d84e0405986641d415d; parent_hash: 0xabab…8330; end: NoMoreTransactions; extrinsics_count: 3    
2026-05-28 14:51:16 Consensus with no RPC sender success: CreatedBlock { hash: 0x640b561c43c8f405ef6fff96763651bbe1781b446b928d84e0405986641d415d, aux: ImportedAux { header_only: false, clear_justification_requests: false, needs_justification: false, bad_justification: false, is_new_best: true }, proof_size: 0 }    
2026-05-28 14:51:16 🏆 Imported #49 (0xabab…8330 → 0x640b…415d)    
2026-05-28 14:51:17 Current block number: 50    
2026-05-28 14:51:17 🙌 Starting consensus session on top of parent 0x640b561c43c8f405ef6fff96763651bbe1781b446b928d84e0405986641d415d (#49)    
2026-05-28 14:51:17 💤 Idle (0 peers), best: #49 (0x640b…415d), finalized #49 (0x640b…415d), ⬇ 0 ⬆ 0    
2026-05-28 14:51:17 🎁 Prepared block for proposing at 50 (4 ms) hash: 0x39f311a3d5848736669f606f6c0829dfe8e5a7abd287bb13986789ab7dcaaa35; parent_hash: 0x640b…415d; end: NoMoreTransactions; extrinsics_count: 3    
2026-05-28 14:51:17 Consensus with no RPC sender success: CreatedBlock { hash: 0x39f311a3d5848736669f606f6c0829dfe8e5a7abd287bb13986789ab7dcaaa35, aux: ImportedAux { header_only: false, clear_justification_requests: false, needs_justification: false, bad_justification: false, is_new_best: true }, proof_size: 0 }    
2026-05-28 14:51:17 🏆 Imported #50 (0x640b…415d → 0x39f3…aa35)    
2026-05-28 14:51:18 Current block number: 51    
2026-05-28 14:51:18 🙌 Starting consensus session on top of parent 0x39f311a3d5848736669f606f6c0829dfe8e5a7abd287bb13986789ab7dcaaa35 (#50)    
2026-05-28 14:51:18 🎁 Prepared block for proposing at 51 (5 ms) hash: 0xbf4bb6e4e93d70a2e1691abd256b6ee35291f7894dc41a7cd817a29d4e75c419; parent_hash: 0x39f3…aa35; end: NoMoreTransactions; extrinsics_count: 3    
2026-05-28 14:51:18 Consensus with no RPC sender success: CreatedBlock { hash: 0xbf4bb6e4e93d70a2e1691abd256b6ee35291f7894dc41a7cd817a29d4e75c419, aux: ImportedAux { header_only: false, clear_justification_requests: false, needs_justification: false, bad_justification: false, is_new_best: true }, proof_size: 0 }    
2026-05-28 14:51:18 🏆 Imported #51 (0x39f3…aa35 → 0xbf4b…c419)    
2026-05-28 14:51:19 Current block number: 52    
2026-05-28 14:51:19 🙌 Starting consensus session on top of parent 0xbf4bb6e4e93d70a2e1691abd256b6ee35291f7894dc41a7cd817a29d4e75c419 (#51)    
2026-05-28 14:51:19 🎁 Prepared block for proposing at 52 (5 ms) hash: 0xed3840fa1a789a039c9cbb96ae7040f90e6c341bf31eed71916c15d319e0ca9a; parent_hash: 0xbf4b…c419; end: NoMoreTransactions; extrinsics_count: 3    
2026-05-28 14:51:19 Consensus with no RPC sender success: CreatedBlock { hash: 0xed3840fa1a789a039c9cbb96ae7040f90e6c341bf31eed71916c15d319e0ca9a, aux: ImportedAux { header_only: false, clear_justification_requests: false, needs_justification: false, bad_justification: false, is_new_best: true }, proof_size: 0 }    
2026-05-28 14:51:19 🏆 Imported #52 (0xbf4b…c419 → 0xed38…ca9a)    
2026-05-28 14:51:20 Current block number: 53    
2026-05-28 14:51:20 🙌 Starting consensus session on top of parent 0xed3840fa1a789a039c9cbb96ae7040f90e6c341bf31eed71916c15d319e0ca9a (#52)    
2026-05-28 14:51:20 🎁 Prepared block for proposing at 53 (5 ms) hash: 0x7a8daba3f88ca714a596f081e06cea49b442b2e64a663e46ad75404f5756c53a; parent_hash: 0xed38…ca9a; end: NoMoreTransactions; extrinsics_count: 3    
2026-05-28 14:51:20 Consensus with no RPC sender success: CreatedBlock { hash: 0x7a8daba3f88ca714a596f081e06cea49b442b2e64a663e46ad75404f5756c53a, aux: ImportedAux { header_only: false, clear_justification_requests: false, needs_justification: false, bad_justification: false, is_new_best: true }, proof_size: 0 }    
2026-05-28 14:51:20 🏆 Imported #53 (0xed38…ca9a → 0x7a8d…c53a)    
2026-05-28 14:51:21 Current block number: 54    
2026-05-28 14:51:21 🙌 Starting consensus session on top of parent 0x7a8daba3f88ca714a596f081e06cea49b442b2e64a663e46ad75404f5756c53a (#53)    
2026-05-28 14:51:21 🎁 Prepared block for proposing at 54 (7 ms) hash: 0xc6fc0fd2da8e3317043b6e0e2d30bcb151a69fbeb544e2aa2cbcae79b6906c67; parent_hash: 0x7a8d…c53a; end: NoMoreTransactions; extrinsics_count: 3    
2026-05-28 14:51:21 Consensus with no RPC sender success: CreatedBlock { hash: 0xc6fc0fd2da8e3317043b6e0e2d30bcb151a69fbeb544e2aa2cbcae79b6906c67, aux: ImportedAux { header_only: false, clear_justification_requests: false, needs_justification: false, bad_justification: false, is_new_best: true }, proof_size: 0 }    
2026-05-28 14:51:21 🏆 Imported #54 (0x7a8d…c53a → 0xc6fc…6c67)    
2026-05-28 14:51:22 Current block number: 55    
2026-05-28 14:51:22 🙌 Starting consensus session on top of parent 0xc6fc0fd2da8e3317043b6e0e2d30bcb151a69fbeb544e2aa2cbcae79b6906c67 (#54)    
2026-05-28 14:51:22 💤 Idle (0 peers), best: #54 (0xc6fc…6c67), finalized #54 (0xc6fc…6c67), ⬇ 0 ⬆ 0    
2026-05-28 14:51:22 🎁 Prepared block for proposing at 55 (4 ms) hash: 0x98d085844d2feb8c862f05158d1708f1f28132d15619f9efb4f929f1dfa41b83; parent_hash: 0xc6fc…6c67; end: NoMoreTransactions; extrinsics_count: 3    
2026-05-28 14:51:22 Consensus with no RPC sender success: CreatedBlock { hash: 0x98d085844d2feb8c862f05158d1708f1f28132d15619f9efb4f929f1dfa41b83, aux: ImportedAux { header_only: false, clear_justification_requests: false, needs_justification: false, bad_justification: false, is_new_best: true }, proof_size: 0 }    
2026-05-28 14:51:22 🏆 Imported #55 (0xc6fc…6c67 → 0x98d0…1b83)    
2026-05-28 14:51:23 Current block number: 56    
2026-05-28 14:51:23 🙌 Starting consensus session on top of parent 0x98d085844d2feb8c862f05158d1708f1f28132d15619f9efb4f929f1dfa41b83 (#55)    
2026-05-28 14:51:23 🎁 Prepared block for proposing at 56 (4 ms) hash: 0x2a65c06cb64d190462fdaa69cad3e553a278769970b260fe7c66e5bc41638e1f; parent_hash: 0x98d0…1b83; end: NoMoreTransactions; extrinsics_count: 3    
2026-05-28 14:51:23 Consensus with no RPC sender success: CreatedBlock { hash: 0x2a65c06cb64d190462fdaa69cad3e553a278769970b260fe7c66e5bc41638e1f, aux: ImportedAux { header_only: false, clear_justification_requests: false, needs_justification: false, bad_justification: false, is_new_best: true }, proof_size: 0 }    
2026-05-28 14:51:23 🏆 Imported #56 (0x98d0…1b83 → 0x2a65…8e1f)    
2026-05-28 14:51:24 Current block number: 57    
2026-05-28 14:51:24 🙌 Starting consensus session on top of parent 0x2a65c06cb64d190462fdaa69cad3e553a278769970b260fe7c66e5bc41638e1f (#56)    
2026-05-28 14:51:24 🎁 Prepared block for proposing at 57 (2 ms) hash: 0x6321cf71b25b7b7f64411708289dfd5c168a6e469f49de1bbe3efff6310534c4; parent_hash: 0x2a65…8e1f; end: NoMoreTransactions; extrinsics_count: 3    
2026-05-28 14:51:24 Consensus with no RPC sender success: CreatedBlock { hash: 0x6321cf71b25b7b7f64411708289dfd5c168a6e469f49de1bbe3efff6310534c4, aux: ImportedAux { header_only: false, clear_justification_requests: false, needs_justification: false, bad_justification: false, is_new_best: true }, proof_size: 0 }    
2026-05-28 14:51:24 🏆 Imported #57 (0x2a65…8e1f → 0x6321…34c4)    
2026-05-28 14:51:25 Current block number: 58    
2026-05-28 14:51:25 🙌 Starting consensus session on top of parent 0x6321cf71b25b7b7f64411708289dfd5c168a6e469f49de1bbe3efff6310534c4 (#57)    
2026-05-28 14:51:25 🎁 Prepared block for proposing at 58 (4 ms) hash: 0xd6bd324726b611de2e313873ab9ee8fd391103ae02fe1bd89005bde81756abca; parent_hash: 0x6321…34c4; end: NoMoreTransactions; extrinsics_count: 3    
2026-05-28 14:51:25 Consensus with no RPC sender success: CreatedBlock { hash: 0xd6bd324726b611de2e313873ab9ee8fd391103ae02fe1bd89005bde81756abca, aux: ImportedAux { header_only: false, clear_justification_requests: false, needs_justification: false, bad_justification: false, is_new_best: true }, proof_size: 0 }    
2026-05-28 14:51:25 🏆 Imported #58 (0x6321…34c4 → 0xd6bd…abca)    
2026-05-28 14:51:26 Current block number: 59    
2026-05-28 14:51:26 🙌 Starting consensus session on top of parent 0xd6bd324726b611de2e313873ab9ee8fd391103ae02fe1bd89005bde81756abca (#58)    
2026-05-28 14:51:26 🎁 Prepared block for proposing at 59 (4 ms) hash: 0x3943de1d17e1dfa02fa814b6c5ae808dfaf8d80f209c21fd74af156a60e81ecc; parent_hash: 0xd6bd…abca; end: NoMoreTransactions; extrinsics_count: 3    
2026-05-28 14:51:26 Consensus with no RPC sender success: CreatedBlock { hash: 0x3943de1d17e1dfa02fa814b6c5ae808dfaf8d80f209c21fd74af156a60e81ecc, aux: ImportedAux { header_only: false, clear_justification_requests: false, needs_justification: false, bad_justification: false, is_new_best: true }, proof_size: 0 }    
2026-05-28 14:51:26 🏆 Imported #59 (0xd6bd…abca → 0x3943…1ecc)    
2026-05-28 14:51:27 Current block number: 60    
2026-05-28 14:51:27 🙌 Starting consensus session on top of parent 0x3943de1d17e1dfa02fa814b6c5ae808dfaf8d80f209c21fd74af156a60e81ecc (#59)    
2026-05-28 14:51:27 🎁 Prepared block for proposing at 60 (2 ms) hash: 0x6f9e27990bf0516ee9a20a6ca4281441a100f268d0be8591f78dd78b8d9bcfb1; parent_hash: 0x3943…1ecc; end: NoMoreTransactions; extrinsics_count: 3    
2026-05-28 14:51:27 💤 Idle (0 peers), best: #59 (0x3943…1ecc), finalized #59 (0x3943…1ecc), ⬇ 0 ⬆ 0    
2026-05-28 14:51:27 Consensus with no RPC sender success: CreatedBlock { hash: 0x6f9e27990bf0516ee9a20a6ca4281441a100f268d0be8591f78dd78b8d9bcfb1, aux: ImportedAux { header_only: false, clear_justification_requests: false, needs_justification: false, bad_justification: false, is_new_best: true }, proof_size: 0 }    
2026-05-28 14:51:27 🏆 Imported #60 (0x3943…1ecc → 0x6f9e…cfb1)    
2026-05-28 14:51:28 Current block number: 61    
2026-05-28 14:51:28 🙌 Starting consensus session on top of parent 0x6f9e27990bf0516ee9a20a6ca4281441a100f268d0be8591f78dd78b8d9bcfb1 (#60)    
2026-05-28 14:51:28 🎁 Prepared block for proposing at 61 (3 ms) hash: 0x2e471c099cf4035152ce62d2a7ff8744c81c2f760ea648ef49a0caa7565ad4cf; parent_hash: 0x6f9e…cfb1; end: NoMoreTransactions; extrinsics_count: 3    
2026-05-28 14:51:28 Consensus with no RPC sender success: CreatedBlock { hash: 0x2e471c099cf4035152ce62d2a7ff8744c81c2f760ea648ef49a0caa7565ad4cf, aux: ImportedAux { header_only: false, clear_justification_requests: false, needs_justification: false, bad_justification: false, is_new_best: true }, proof_size: 0 }    
2026-05-28 14:51:28 🏆 Imported #61 (0x6f9e…cfb1 → 0x2e47…d4cf)    
2026-05-28 14:51:29 Current block number: 62    
2026-05-28 14:51:29 🙌 Starting consensus session on top of parent 0x2e471c099cf4035152ce62d2a7ff8744c81c2f760ea648ef49a0caa7565ad4cf (#61)    
2026-05-28 14:51:29 🎁 Prepared block for proposing at 62 (5 ms) hash: 0x8227927782744d05eadc7ab6894818c5122fa8d9f2d5db1b9d0ff7777b1650e7; parent_hash: 0x2e47…d4cf; end: NoMoreTransactions; extrinsics_count: 3    
2026-05-28 14:51:29 Consensus with no RPC sender success: CreatedBlock { hash: 0x8227927782744d05eadc7ab6894818c5122fa8d9f2d5db1b9d0ff7777b1650e7, aux: ImportedAux { header_only: false, clear_justification_requests: false, needs_justification: false, bad_justification: false, is_new_best: true }, proof_size: 0 }    
2026-05-28 14:51:29 🏆 Imported #62 (0x2e47…d4cf → 0x8227…50e7)    
2026-05-28 14:51:30 Current block number: 63    
2026-05-28 14:51:30 🙌 Starting consensus session on top of parent 0x8227927782744d05eadc7ab6894818c5122fa8d9f2d5db1b9d0ff7777b1650e7 (#62)    
2026-05-28 14:51:30 🎁 Prepared block for proposing at 63 (5 ms) hash: 0x16d6cd46e5b140b1f23eb4ec9eb666529a80df96adf3da70ed79bd6331eb7ba8; parent_hash: 0x8227…50e7; end: NoMoreTransactions; extrinsics_count: 3    
2026-05-28 14:51:30 Consensus with no RPC sender success: CreatedBlock { hash: 0x16d6cd46e5b140b1f23eb4ec9eb666529a80df96adf3da70ed79bd6331eb7ba8, aux: ImportedAux { header_only: false, clear_justification_requests: false, needs_justification: false, bad_justification: false, is_new_best: true }, proof_size: 0 }    
2026-05-28 14:51:30 🏆 Imported #63 (0x8227…50e7 → 0x16d6…7ba8)    
2026-05-28 14:51:31 Current block number: 64    
2026-05-28 14:51:31 🙌 Starting consensus session on top of parent 0x16d6cd46e5b140b1f23eb4ec9eb666529a80df96adf3da70ed79bd6331eb7ba8 (#63)    
2026-05-28 14:51:31 🎁 Prepared block for proposing at 64 (2 ms) hash: 0x96658bc32c5c3ad4b7be07772e688094a4517aecf0679436a7f5d43424a2f482; parent_hash: 0x16d6…7ba8; end: NoMoreTransactions; extrinsics_count: 3    
2026-05-28 14:51:31 Consensus with no RPC sender success: CreatedBlock { hash: 0x96658bc32c5c3ad4b7be07772e688094a4517aecf0679436a7f5d43424a2f482, aux: ImportedAux { header_only: false, clear_justification_requests: false, needs_justification: false, bad_justification: false, is_new_best: true }, proof_size: 0 }    
2026-05-28 14:51:31 🏆 Imported #64 (0x16d6…7ba8 → 0x9665…f482)    
2026-05-28 14:51:32 Current block number: 65    
2026-05-28 14:51:32 🙌 Starting consensus session on top of parent 0x96658bc32c5c3ad4b7be07772e688094a4517aecf0679436a7f5d43424a2f482 (#64)    
2026-05-28 14:51:32 💤 Idle (0 peers), best: #64 (0x9665…f482), finalized #64 (0x9665…f482), ⬇ 0 ⬆ 0    
2026-05-28 14:51:32 🎁 Prepared block for proposing at 65 (5 ms) hash: 0xc4b534b80fd86b6e395dd6a305e6412bc23fb0c939eb3f0d9c9c624ad5f9f3b1; parent_hash: 0x9665…f482; end: NoMoreTransactions; extrinsics_count: 3    
2026-05-28 14:51:32 Consensus with no RPC sender success: CreatedBlock { hash: 0xc4b534b80fd86b6e395dd6a305e6412bc23fb0c939eb3f0d9c9c624ad5f9f3b1, aux: ImportedAux { header_only: false, clear_justification_requests: false, needs_justification: false, bad_justification: false, is_new_best: true }, proof_size: 0 }    
2026-05-28 14:51:32 🏆 Imported #65 (0x9665…f482 → 0xc4b5…f3b1)    
2026-05-28 14:51:33 Current block number: 66    
2026-05-28 14:51:33 🙌 Starting consensus session on top of parent 0xc4b534b80fd86b6e395dd6a305e6412bc23fb0c939eb3f0d9c9c624ad5f9f3b1 (#65)    
2026-05-28 14:51:33 🎁 Prepared block for proposing at 66 (3 ms) hash: 0x07f21e15370abee44234dac023a77b72e993a101f0655ff7525b1bef53d01751; parent_hash: 0xc4b5…f3b1; end: NoMoreTransactions; extrinsics_count: 3    
2026-05-28 14:51:33 Consensus with no RPC sender success: CreatedBlock { hash: 0x07f21e15370abee44234dac023a77b72e993a101f0655ff7525b1bef53d01751, aux: ImportedAux { header_only: false, clear_justification_requests: false, needs_justification: false, bad_justification: false, is_new_best: true }, proof_size: 0 }    
2026-05-28 14:51:33 🏆 Imported #66 (0xc4b5…f3b1 → 0x07f2…1751)    
2026-05-28 14:51:34 Current block number: 67    
2026-05-28 14:51:34 🙌 Starting consensus session on top of parent 0x07f21e15370abee44234dac023a77b72e993a101f0655ff7525b1bef53d01751 (#66)    
2026-05-28 14:51:34 🎁 Prepared block for proposing at 67 (5 ms) hash: 0xc06446d046de6bece952e209bc71b8750bfb16384993df02454f552cc2ac38a9; parent_hash: 0x07f2…1751; end: NoMoreTransactions; extrinsics_count: 3    
2026-05-28 14:51:34 Consensus with no RPC sender success: CreatedBlock { hash: 0xc06446d046de6bece952e209bc71b8750bfb16384993df02454f552cc2ac38a9, aux: ImportedAux { header_only: false, clear_justification_requests: false, needs_justification: false, bad_justification: false, is_new_best: true }, proof_size: 0 }    
2026-05-28 14:51:34 🏆 Imported #67 (0x07f2…1751 → 0xc064…38a9)    
2026-05-28 14:51:35 Current block number: 68    
2026-05-28 14:51:35 🙌 Starting consensus session on top of parent 0xc06446d046de6bece952e209bc71b8750bfb16384993df02454f552cc2ac38a9 (#67)    
2026-05-28 14:51:35 🎁 Prepared block for proposing at 68 (4 ms) hash: 0x1807610b05903213f4579da5b1fb3ee36330337e413ddcd2967efb14d517f00a; parent_hash: 0xc064…38a9; end: NoMoreTransactions; extrinsics_count: 3    
2026-05-28 14:51:35 Consensus with no RPC sender success: CreatedBlock { hash: 0x1807610b05903213f4579da5b1fb3ee36330337e413ddcd2967efb14d517f00a, aux: ImportedAux { header_only: false, clear_justification_requests: false, needs_justification: false, bad_justification: false, is_new_best: true }, proof_size: 0 }    
2026-05-28 14:51:35 🏆 Imported #68 (0xc064…38a9 → 0x1807…f00a)    
2026-05-28 14:51:36 Current block number: 69    
2026-05-28 14:51:36 🙌 Starting consensus session on top of parent 0x1807610b05903213f4579da5b1fb3ee36330337e413ddcd2967efb14d517f00a (#68)    
2026-05-28 14:51:36 🎁 Prepared block for proposing at 69 (5 ms) hash: 0x4716166d05190aa1d89a7a0315394b84f4da0e533f80d9e1ee4b0b8cf26a4803; parent_hash: 0x1807…f00a; end: NoMoreTransactions; extrinsics_count: 3    
2026-05-28 14:51:36 Consensus with no RPC sender success: CreatedBlock { hash: 0x4716166d05190aa1d89a7a0315394b84f4da0e533f80d9e1ee4b0b8cf26a4803, aux: ImportedAux { header_only: false, clear_justification_requests: false, needs_justification: false, bad_justification: false, is_new_best: true }, proof_size: 0 }    
2026-05-28 14:51:36 🏆 Imported #69 (0x1807…f00a → 0x4716…4803)    
2026-05-28 14:51:37 Current block number: 70    
2026-05-28 14:51:37 🙌 Starting consensus session on top of parent 0x4716166d05190aa1d89a7a0315394b84f4da0e533f80d9e1ee4b0b8cf26a4803 (#69)    
2026-05-28 14:51:37 💤 Idle (0 peers), best: #69 (0x4716…4803), finalized #69 (0x4716…4803), ⬇ 0 ⬆ 0    
2026-05-28 14:51:37 🎁 Prepared block for proposing at 70 (4 ms) hash: 0x2aafeda270c8e0e83b7e460f52d90aae236d83bd532a2929310ca1f8c4cc2c2b; parent_hash: 0x4716…4803; end: NoMoreTransactions; extrinsics_count: 3    
2026-05-28 14:51:37 Consensus with no RPC sender success: CreatedBlock { hash: 0x2aafeda270c8e0e83b7e460f52d90aae236d83bd532a2929310ca1f8c4cc2c2b, aux: ImportedAux { header_only: false, clear_justification_requests: false, needs_justification: false, bad_justification: false, is_new_best: true }, proof_size: 0 }    
2026-05-28 14:51:37 🏆 Imported #70 (0x4716…4803 → 0x2aaf…2c2b)    
2026-05-28 14:51:38 Current block number: 71    
2026-05-28 14:51:38 🙌 Starting consensus session on top of parent 0x2aafeda270c8e0e83b7e460f52d90aae236d83bd532a2929310ca1f8c4cc2c2b (#70)    
2026-05-28 14:51:38 🎁 Prepared block for proposing at 71 (5 ms) hash: 0x1b02b717e920305cce89f864f066a5ace497044d48322bc68eac2577dcef9722; parent_hash: 0x2aaf…2c2b; end: NoMoreTransactions; extrinsics_count: 3    
2026-05-28 14:51:38 Consensus with no RPC sender success: CreatedBlock { hash: 0x1b02b717e920305cce89f864f066a5ace497044d48322bc68eac2577dcef9722, aux: ImportedAux { header_only: false, clear_justification_requests: false, needs_justification: false, bad_justification: false, is_new_best: true }, proof_size: 0 }    
2026-05-28 14:51:38 🏆 Imported #71 (0x2aaf…2c2b → 0x1b02…9722)    
2026-05-28 14:51:39 Current block number: 72    
2026-05-28 14:51:39 🙌 Starting consensus session on top of parent 0x1b02b717e920305cce89f864f066a5ace497044d48322bc68eac2577dcef9722 (#71)    
2026-05-28 14:51:39 🎁 Prepared block for proposing at 72 (4 ms) hash: 0x5d533d35dd4fd3a0f4162d9748a5f1e35c7540c09f50eaa064012d023cda4fd0; parent_hash: 0x1b02…9722; end: NoMoreTransactions; extrinsics_count: 3    
2026-05-28 14:51:39 Consensus with no RPC sender success: CreatedBlock { hash: 0x5d533d35dd4fd3a0f4162d9748a5f1e35c7540c09f50eaa064012d023cda4fd0, aux: ImportedAux { header_only: false, clear_justification_requests: false, needs_justification: false, bad_justification: false, is_new_best: true }, proof_size: 0 }    
2026-05-28 14:51:39 🏆 Imported #72 (0x1b02…9722 → 0x5d53…4fd0)    
2026-05-28 14:51:40 Current block number: 73    
2026-05-28 14:51:40 🙌 Starting consensus session on top of parent 0x5d533d35dd4fd3a0f4162d9748a5f1e35c7540c09f50eaa064012d023cda4fd0 (#72)    
2026-05-28 14:51:40 🎁 Prepared block for proposing at 73 (5 ms) hash: 0x57178ce3d7bb21731321c0f2492a3ef7d80960f8202b87d5eb4dc48970aaec95; parent_hash: 0x5d53…4fd0; end: NoMoreTransactions; extrinsics_count: 3    
2026-05-28 14:51:40 Consensus with no RPC sender success: CreatedBlock { hash: 0x57178ce3d7bb21731321c0f2492a3ef7d80960f8202b87d5eb4dc48970aaec95, aux: ImportedAux { header_only: false, clear_justification_requests: false, needs_justification: false, bad_justification: false, is_new_best: true }, proof_size: 0 }    
2026-05-28 14:51:40 🏆 Imported #73 (0x5d53…4fd0 → 0x5717…ec95)    
2026-05-28 14:51:41 Current block number: 74    
2026-05-28 14:51:41 🙌 Starting consensus session on top of parent 0x57178ce3d7bb21731321c0f2492a3ef7d80960f8202b87d5eb4dc48970aaec95 (#73)    
2026-05-28 14:51:41 🎁 Prepared block for proposing at 74 (5 ms) hash: 0x668360865c0ed5c2da330a12d4eb90335758dbac8441c5200d73c251a842ebac; parent_hash: 0x5717…ec95; end: NoMoreTransactions; extrinsics_count: 3    
2026-05-28 14:51:41 Consensus with no RPC sender success: CreatedBlock { hash: 0x668360865c0ed5c2da330a12d4eb90335758dbac8441c5200d73c251a842ebac, aux: ImportedAux { header_only: false, clear_justification_requests: false, needs_justification: false, bad_justification: false, is_new_best: true }, proof_size: 0 }    
2026-05-28 14:51:41 🏆 Imported #74 (0x5717…ec95 → 0x6683…ebac)    
2026-05-28 14:51:42 Current block number: 75    
2026-05-28 14:51:42 💤 Idle (0 peers), best: #74 (0x6683…ebac), finalized #74 (0x6683…ebac), ⬇ 0 ⬆ 0    
2026-05-28 14:51:42 🙌 Starting consensus session on top of parent 0x668360865c0ed5c2da330a12d4eb90335758dbac8441c5200d73c251a842ebac (#74)    
2026-05-28 14:51:42 🎁 Prepared block for proposing at 75 (4 ms) hash: 0x934b564747df1f07591f891e8e2c0bab5321455154af2c24eeb7e8575e7f8fce; parent_hash: 0x6683…ebac; end: NoMoreTransactions; extrinsics_count: 3    
2026-05-28 14:51:42 Consensus with no RPC sender success: CreatedBlock { hash: 0x934b564747df1f07591f891e8e2c0bab5321455154af2c24eeb7e8575e7f8fce, aux: ImportedAux { header_only: false, clear_justification_requests: false, needs_justification: false, bad_justification: false, is_new_best: true }, proof_size: 0 }    
2026-05-28 14:51:42 🏆 Imported #75 (0x6683…ebac → 0x934b…8fce)    
2026-05-28 14:51:43 Current block number: 76    
2026-05-28 14:51:43 🙌 Starting consensus session on top of parent 0x934b564747df1f07591f891e8e2c0bab5321455154af2c24eeb7e8575e7f8fce (#75)    
2026-05-28 14:51:43 🎁 Prepared block for proposing at 76 (4 ms) hash: 0x4b0c7cec801136f8ace912a0d1a4925375dbc00a8738b740162064fcc2225100; parent_hash: 0x934b…8fce; end: NoMoreTransactions; extrinsics_count: 3    
2026-05-28 14:51:43 Consensus with no RPC sender success: CreatedBlock { hash: 0x4b0c7cec801136f8ace912a0d1a4925375dbc00a8738b740162064fcc2225100, aux: ImportedAux { header_only: false, clear_justification_requests: false, needs_justification: false, bad_justification: false, is_new_best: true }, proof_size: 0 }    
2026-05-28 14:51:43 🏆 Imported #76 (0x934b…8fce → 0x4b0c…5100)    
2026-05-28 14:51:44 Current block number: 77    
2026-05-28 14:51:44 🙌 Starting consensus session on top of parent 0x4b0c7cec801136f8ace912a0d1a4925375dbc00a8738b740162064fcc2225100 (#76)    
2026-05-28 14:51:44 🎁 Prepared block for proposing at 77 (5 ms) hash: 0xed389f19ad1c349c49d22726d747ed544da8f1a81eb242ced65ae74c15312355; parent_hash: 0x4b0c…5100; end: NoMoreTransactions; extrinsics_count: 3    
2026-05-28 14:51:44 Consensus with no RPC sender success: CreatedBlock { hash: 0xed389f19ad1c349c49d22726d747ed544da8f1a81eb242ced65ae74c15312355, aux: ImportedAux { header_only: false, clear_justification_requests: false, needs_justification: false, bad_justification: false, is_new_best: true }, proof_size: 0 }    
2026-05-28 14:51:44 🏆 Imported #77 (0x4b0c…5100 → 0xed38…2355)    
2026-05-28 14:51:45 Current block number: 78    
2026-05-28 14:51:45 🙌 Starting consensus session on top of parent 0xed389f19ad1c349c49d22726d747ed544da8f1a81eb242ced65ae74c15312355 (#77)    
2026-05-28 14:51:45 🎁 Prepared block for proposing at 78 (4 ms) hash: 0xeac3fd98b8fcc0edbbe42e183c90dddd1cdf820595bbafdfb546363c7bc4d6f1; parent_hash: 0xed38…2355; end: NoMoreTransactions; extrinsics_count: 3    
2026-05-28 14:51:45 Consensus with no RPC sender success: CreatedBlock { hash: 0xeac3fd98b8fcc0edbbe42e183c90dddd1cdf820595bbafdfb546363c7bc4d6f1, aux: ImportedAux { header_only: false, clear_justification_requests: false, needs_justification: false, bad_justification: false, is_new_best: true }, proof_size: 0 }    
2026-05-28 14:51:45 🏆 Imported #78 (0xed38…2355 → 0xeac3…d6f1)    
2026-05-28 14:51:46 Current block number: 79    
2026-05-28 14:51:46 🙌 Starting consensus session on top of parent 0xeac3fd98b8fcc0edbbe42e183c90dddd1cdf820595bbafdfb546363c7bc4d6f1 (#78)    
2026-05-28 14:51:46 🎁 Prepared block for proposing at 79 (4 ms) hash: 0x24d7311c16b07c67ecca408050a84cc9c536a2fbc9a8ca465bf973f8aac479a9; parent_hash: 0xeac3…d6f1; end: NoMoreTransactions; extrinsics_count: 3    
2026-05-28 14:51:46 Consensus with no RPC sender success: CreatedBlock { hash: 0x24d7311c16b07c67ecca408050a84cc9c536a2fbc9a8ca465bf973f8aac479a9, aux: ImportedAux { header_only: false, clear_justification_requests: false, needs_justification: false, bad_justification: false, is_new_best: true }, proof_size: 0 }    
2026-05-28 14:51:46 🏆 Imported #79 (0xeac3…d6f1 → 0x24d7…79a9)    
2026-05-28 14:51:47 💤 Idle (0 peers), best: #79 (0x24d7…79a9), finalized #79 (0x24d7…79a9), ⬇ 0 ⬆ 0    
2026-05-28 14:51:47 Current block number: 80    
2026-05-28 14:51:47 🙌 Starting consensus session on top of parent 0x24d7311c16b07c67ecca408050a84cc9c536a2fbc9a8ca465bf973f8aac479a9 (#79)    
2026-05-28 14:51:47 🎁 Prepared block for proposing at 80 (3 ms) hash: 0x6b280305176f8fa9759248f0d0954ae2b5707b52ab6e5d67f45b117f86de4307; parent_hash: 0x24d7…79a9; end: NoMoreTransactions; extrinsics_count: 3    
2026-05-28 14:51:47 Consensus with no RPC sender success: CreatedBlock { hash: 0x6b280305176f8fa9759248f0d0954ae2b5707b52ab6e5d67f45b117f86de4307, aux: ImportedAux { header_only: false, clear_justification_requests: false, needs_justification: false, bad_justification: false, is_new_best: true }, proof_size: 0 }    
2026-05-28 14:51:47 🏆 Imported #80 (0x24d7…79a9 → 0x6b28…4307)    
2026-05-28 14:51:48 Current block number: 81    
2026-05-28 14:51:48 🙌 Starting consensus session on top of parent 0x6b280305176f8fa9759248f0d0954ae2b5707b52ab6e5d67f45b117f86de4307 (#80)    
2026-05-28 14:51:48 🎁 Prepared block for proposing at 81 (4 ms) hash: 0x4d86d7f467a96159a1e02f6d26b1444f5ba0b85c315cc262dce86c15bed0a3e2; parent_hash: 0x6b28…4307; end: NoMoreTransactions; extrinsics_count: 3    
2026-05-28 14:51:48 Consensus with no RPC sender success: CreatedBlock { hash: 0x4d86d7f467a96159a1e02f6d26b1444f5ba0b85c315cc262dce86c15bed0a3e2, aux: ImportedAux { header_only: false, clear_justification_requests: false, needs_justification: false, bad_justification: false, is_new_best: true }, proof_size: 0 }    
2026-05-28 14:51:48 🏆 Imported #81 (0x6b28…4307 → 0x4d86…a3e2)    
2026-05-28 14:51:49 Current block number: 82    
2026-05-28 14:51:49 🙌 Starting consensus session on top of parent 0x4d86d7f467a96159a1e02f6d26b1444f5ba0b85c315cc262dce86c15bed0a3e2 (#81)    
2026-05-28 14:51:49 🎁 Prepared block for proposing at 82 (5 ms) hash: 0xfcd866c93d48af19cdeea074c0071aa407e8d3a791dbd4e9bddc61dfea036185; parent_hash: 0x4d86…a3e2; end: NoMoreTransactions; extrinsics_count: 3    
2026-05-28 14:51:49 Consensus with no RPC sender success: CreatedBlock { hash: 0xfcd866c93d48af19cdeea074c0071aa407e8d3a791dbd4e9bddc61dfea036185, aux: ImportedAux { header_only: false, clear_justification_requests: false, needs_justification: false, bad_justification: false, is_new_best: true }, proof_size: 0 }    
2026-05-28 14:51:49 🏆 Imported #82 (0x4d86…a3e2 → 0xfcd8…6185)    
2026-05-28 14:51:50 Current block number: 83    
2026-05-28 14:51:50 🙌 Starting consensus session on top of parent 0xfcd866c93d48af19cdeea074c0071aa407e8d3a791dbd4e9bddc61dfea036185 (#82)    
2026-05-28 14:51:50 🎁 Prepared block for proposing at 83 (5 ms) hash: 0xf19408ace43674c4f897af3f3947a45e5e7fea4775df0df504924a146261597e; parent_hash: 0xfcd8…6185; end: NoMoreTransactions; extrinsics_count: 3    
2026-05-28 14:51:50 Consensus with no RPC sender success: CreatedBlock { hash: 0xf19408ace43674c4f897af3f3947a45e5e7fea4775df0df504924a146261597e, aux: ImportedAux { header_only: false, clear_justification_requests: false, needs_justification: false, bad_justification: false, is_new_best: true }, proof_size: 0 }    
2026-05-28 14:51:50 🏆 Imported #83 (0xfcd8…6185 → 0xf194…597e)    
2026-05-28 14:51:51 Current block number: 84    
2026-05-28 14:51:51 🙌 Starting consensus session on top of parent 0xf19408ace43674c4f897af3f3947a45e5e7fea4775df0df504924a146261597e (#83)    
2026-05-28 14:51:51 🎁 Prepared block for proposing at 84 (4 ms) hash: 0xe0bfea49ddd121f9600d14988bbaad6dfe3b783a8a9efc6a3d6b000dcd766d40; parent_hash: 0xf194…597e; end: NoMoreTransactions; extrinsics_count: 3    
2026-05-28 14:51:51 Consensus with no RPC sender success: CreatedBlock { hash: 0xe0bfea49ddd121f9600d14988bbaad6dfe3b783a8a9efc6a3d6b000dcd766d40, aux: ImportedAux { header_only: false, clear_justification_requests: false, needs_justification: false, bad_justification: false, is_new_best: true }, proof_size: 0 }    
2026-05-28 14:51:51 🏆 Imported #84 (0xf194…597e → 0xe0bf…6d40)    
2026-05-28 14:51:52 💤 Idle (0 peers), best: #84 (0xe0bf…6d40), finalized #84 (0xe0bf…6d40), ⬇ 0 ⬆ 0    
2026-05-28 14:51:52 Current block number: 85    
2026-05-28 14:51:52 🙌 Starting consensus session on top of parent 0xe0bfea49ddd121f9600d14988bbaad6dfe3b783a8a9efc6a3d6b000dcd766d40 (#84)    
2026-05-28 14:51:52 🎁 Prepared block for proposing at 85 (5 ms) hash: 0x836d2e982db19c084f6467e04439c48f9639d2cbc821ccf5ff03898cef99b90d; parent_hash: 0xe0bf…6d40; end: NoMoreTransactions; extrinsics_count: 3    
2026-05-28 14:51:52 Consensus with no RPC sender success: CreatedBlock { hash: 0x836d2e982db19c084f6467e04439c48f9639d2cbc821ccf5ff03898cef99b90d, aux: ImportedAux { header_only: false, clear_justification_requests: false, needs_justification: false, bad_justification: false, is_new_best: true }, proof_size: 0 }    
2026-05-28 14:51:52 🏆 Imported #85 (0xe0bf…6d40 → 0x836d…b90d)    
2026-05-28 14:51:53 Current block number: 86    
2026-05-28 14:51:53 🙌 Starting consensus session on top of parent 0x836d2e982db19c084f6467e04439c48f9639d2cbc821ccf5ff03898cef99b90d (#85)    
2026-05-28 14:51:53 🎁 Prepared block for proposing at 86 (4 ms) hash: 0x1a13c34f9dddca69b42d0a38a1182f5d00468a874e41282c7bdd3db2dfbdf33d; parent_hash: 0x836d…b90d; end: NoMoreTransactions; extrinsics_count: 3    
2026-05-28 14:51:53 Consensus with no RPC sender success: CreatedBlock { hash: 0x1a13c34f9dddca69b42d0a38a1182f5d00468a874e41282c7bdd3db2dfbdf33d, aux: ImportedAux { header_only: false, clear_justification_requests: false, needs_justification: false, bad_justification: false, is_new_best: true }, proof_size: 0 }    
2026-05-28 14:51:53 🏆 Imported #86 (0x836d…b90d → 0x1a13…f33d)    
2026-05-28 14:51:54 Current block number: 87    
2026-05-28 14:51:54 🙌 Starting consensus session on top of parent 0x1a13c34f9dddca69b42d0a38a1182f5d00468a874e41282c7bdd3db2dfbdf33d (#86)    
2026-05-28 14:51:54 🎁 Prepared block for proposing at 87 (5 ms) hash: 0x58e8ca9363644a34353e5b710f11121cdda85ceaa671f78821ad1d86da39d613; parent_hash: 0x1a13…f33d; end: NoMoreTransactions; extrinsics_count: 3    
2026-05-28 14:51:54 Consensus with no RPC sender success: CreatedBlock { hash: 0x58e8ca9363644a34353e5b710f11121cdda85ceaa671f78821ad1d86da39d613, aux: ImportedAux { header_only: false, clear_justification_requests: false, needs_justification: false, bad_justification: false, is_new_best: true }, proof_size: 0 }    
2026-05-28 14:51:54 🏆 Imported #87 (0x1a13…f33d → 0x58e8…d613)    
2026-05-28 14:51:55 Current block number: 88    
2026-05-28 14:51:55 🙌 Starting consensus session on top of parent 0x58e8ca9363644a34353e5b710f11121cdda85ceaa671f78821ad1d86da39d613 (#87)    
2026-05-28 14:51:55 🎁 Prepared block for proposing at 88 (5 ms) hash: 0xc60a4365870a66141347e37ddfd0aa9aa8d252f35e925bb58bbbed1fc61dde1d; parent_hash: 0x58e8…d613; end: NoMoreTransactions; extrinsics_count: 3    
2026-05-28 14:51:55 Consensus with no RPC sender success: CreatedBlock { hash: 0xc60a4365870a66141347e37ddfd0aa9aa8d252f35e925bb58bbbed1fc61dde1d, aux: ImportedAux { header_only: false, clear_justification_requests: false, needs_justification: false, bad_justification: false, is_new_best: true }, proof_size: 0 }    
2026-05-28 14:51:55 🏆 Imported #88 (0x58e8…d613 → 0xc60a…de1d)    
2026-05-28 14:51:56 Current block number: 89    
2026-05-28 14:51:56 🙌 Starting consensus session on top of parent 0xc60a4365870a66141347e37ddfd0aa9aa8d252f35e925bb58bbbed1fc61dde1d (#88)    
2026-05-28 14:51:56 🎁 Prepared block for proposing at 89 (5 ms) hash: 0x31f3efa6128d4930140d70c78eda019a3244c8cfc706436b4a239ed30cb219bc; parent_hash: 0xc60a…de1d; end: NoMoreTransactions; extrinsics_count: 3    
2026-05-28 14:51:56 Consensus with no RPC sender success: CreatedBlock { hash: 0x31f3efa6128d4930140d70c78eda019a3244c8cfc706436b4a239ed30cb219bc, aux: ImportedAux { header_only: false, clear_justification_requests: false, needs_justification: false, bad_justification: false, is_new_best: true }, proof_size: 0 }    
2026-05-28 14:51:56 🏆 Imported #89 (0xc60a…de1d → 0x31f3…19bc)    
2026-05-28 14:51:57 💤 Idle (0 peers), best: #89 (0x31f3…19bc), finalized #89 (0x31f3…19bc), ⬇ 0 ⬆ 0    
2026-05-28 14:51:57 Current block number: 90    
2026-05-28 14:51:57 🙌 Starting consensus session on top of parent 0x31f3efa6128d4930140d70c78eda019a3244c8cfc706436b4a239ed30cb219bc (#89)    
2026-05-28 14:51:57 🎁 Prepared block for proposing at 90 (3 ms) hash: 0xc1da68298d8ea1c1349f3366df144aa584b9689fceb06d1294e8fde3afb7eb6e; parent_hash: 0x31f3…19bc; end: NoMoreTransactions; extrinsics_count: 3    
2026-05-28 14:51:57 Consensus with no RPC sender success: CreatedBlock { hash: 0xc1da68298d8ea1c1349f3366df144aa584b9689fceb06d1294e8fde3afb7eb6e, aux: ImportedAux { header_only: false, clear_justification_requests: false, needs_justification: false, bad_justification: false, is_new_best: true }, proof_size: 0 }    
2026-05-28 14:51:57 🏆 Imported #90 (0x31f3…19bc → 0xc1da…eb6e)    
2026-05-28 14:51:58 Current block number: 91    
2026-05-28 14:51:58 🙌 Starting consensus session on top of parent 0xc1da68298d8ea1c1349f3366df144aa584b9689fceb06d1294e8fde3afb7eb6e (#90)    
2026-05-28 14:51:58 🎁 Prepared block for proposing at 91 (4 ms) hash: 0x591f12000ec406d24411b0ffd8d814b9fe2ad15a0df1e2c173b92ed72c21099c; parent_hash: 0xc1da…eb6e; end: NoMoreTransactions; extrinsics_count: 3    
2026-05-28 14:51:58 Consensus with no RPC sender success: CreatedBlock { hash: 0x591f12000ec406d24411b0ffd8d814b9fe2ad15a0df1e2c173b92ed72c21099c, aux: ImportedAux { header_only: false, clear_justification_requests: false, needs_justification: false, bad_justification: false, is_new_best: true }, proof_size: 0 }    
2026-05-28 14:51:58 🏆 Imported #91 (0xc1da…eb6e → 0x591f…099c)    
2026-05-28 14:51:59 Current block number: 92    
2026-05-28 14:51:59 🙌 Starting consensus session on top of parent 0x591f12000ec406d24411b0ffd8d814b9fe2ad15a0df1e2c173b92ed72c21099c (#91)    
2026-05-28 14:51:59 🎁 Prepared block for proposing at 92 (4 ms) hash: 0x49039c7da2b73e07c3215f76ceb8b308d78e1b21a342b57bd0e591a2d79c9e79; parent_hash: 0x591f…099c; end: NoMoreTransactions; extrinsics_count: 3    
2026-05-28 14:51:59 Consensus with no RPC sender success: CreatedBlock { hash: 0x49039c7da2b73e07c3215f76ceb8b308d78e1b21a342b57bd0e591a2d79c9e79, aux: ImportedAux { header_only: false, clear_justification_requests: false, needs_justification: false, bad_justification: false, is_new_best: true }, proof_size: 0 }    
2026-05-28 14:51:59 🏆 Imported #92 (0x591f…099c → 0x4903…9e79)    
2026-05-28 14:52:00 Current block number: 93    
2026-05-28 14:52:00 🙌 Starting consensus session on top of parent 0x49039c7da2b73e07c3215f76ceb8b308d78e1b21a342b57bd0e591a2d79c9e79 (#92)    
2026-05-28 14:52:00 🎁 Prepared block for proposing at 93 (3 ms) hash: 0x6ea3eedc63e5089a5600d02d8780de0e93d2f3bd6266351fa431f17456031b4b; parent_hash: 0x4903…9e79; end: NoMoreTransactions; extrinsics_count: 3    
2026-05-28 14:52:00 Consensus with no RPC sender success: CreatedBlock { hash: 0x6ea3eedc63e5089a5600d02d8780de0e93d2f3bd6266351fa431f17456031b4b, aux: ImportedAux { header_only: false, clear_justification_requests: false, needs_justification: false, bad_justification: false, is_new_best: true }, proof_size: 0 }    
2026-05-28 14:52:00 🏆 Imported #93 (0x4903…9e79 → 0x6ea3…1b4b)    
2026-05-28 14:52:01 Current block number: 94    
2026-05-28 14:52:01 🙌 Starting consensus session on top of parent 0x6ea3eedc63e5089a5600d02d8780de0e93d2f3bd6266351fa431f17456031b4b (#93)    
2026-05-28 14:52:01 🎁 Prepared block for proposing at 94 (4 ms) hash: 0x9432f5d9abd89b6a13a39840fa7702908a6b684fb6eb5b8f7da07f212dfb2ddc; parent_hash: 0x6ea3…1b4b; end: NoMoreTransactions; extrinsics_count: 3    
2026-05-28 14:52:01 Consensus with no RPC sender success: CreatedBlock { hash: 0x9432f5d9abd89b6a13a39840fa7702908a6b684fb6eb5b8f7da07f212dfb2ddc, aux: ImportedAux { header_only: false, clear_justification_requests: false, needs_justification: false, bad_justification: false, is_new_best: true }, proof_size: 0 }    
2026-05-28 14:52:01 🏆 Imported #94 (0x6ea3…1b4b → 0x9432…2ddc)    
2026-05-28 14:52:02 💤 Idle (0 peers), best: #94 (0x9432…2ddc), finalized #94 (0x9432…2ddc), ⬇ 0 ⬆ 0    
2026-05-28 14:52:02 Current block number: 95    
2026-05-28 14:52:02 🙌 Starting consensus session on top of parent 0x9432f5d9abd89b6a13a39840fa7702908a6b684fb6eb5b8f7da07f212dfb2ddc (#94)    
2026-05-28 14:52:02 🎁 Prepared block for proposing at 95 (4 ms) hash: 0xf5e9f46c23915901405dce61f1416e80cc29f46a8194f170d51a51644136aa5f; parent_hash: 0x9432…2ddc; end: NoMoreTransactions; extrinsics_count: 3    
2026-05-28 14:52:02 Consensus with no RPC sender success: CreatedBlock { hash: 0xf5e9f46c23915901405dce61f1416e80cc29f46a8194f170d51a51644136aa5f, aux: ImportedAux { header_only: false, clear_justification_requests: false, needs_justification: false, bad_justification: false, is_new_best: true }, proof_size: 0 }    
2026-05-28 14:52:02 🏆 Imported #95 (0x9432…2ddc → 0xf5e9…aa5f)    
2026-05-28 14:52:03 Current block number: 96    
2026-05-28 14:52:03 🙌 Starting consensus session on top of parent 0xf5e9f46c23915901405dce61f1416e80cc29f46a8194f170d51a51644136aa5f (#95)    
2026-05-28 14:52:03 🎁 Prepared block for proposing at 96 (5 ms) hash: 0x7ebdbc35448d5c24aafead42de40e302885cab14aa73e74542af184f087b167a; parent_hash: 0xf5e9…aa5f; end: NoMoreTransactions; extrinsics_count: 3    
2026-05-28 14:52:03 Consensus with no RPC sender success: CreatedBlock { hash: 0x7ebdbc35448d5c24aafead42de40e302885cab14aa73e74542af184f087b167a, aux: ImportedAux { header_only: false, clear_justification_requests: false, needs_justification: false, bad_justification: false, is_new_best: true }, proof_size: 0 }    
2026-05-28 14:52:03 🏆 Imported #96 (0xf5e9…aa5f → 0x7ebd…167a)    
2026-05-28 14:52:04 Current block number: 97    
2026-05-28 14:52:04 🙌 Starting consensus session on top of parent 0x7ebdbc35448d5c24aafead42de40e302885cab14aa73e74542af184f087b167a (#96)    
2026-05-28 14:52:04 🎁 Prepared block for proposing at 97 (3 ms) hash: 0x0db4996561becfbd526981f161b31b35b19bdebeef60a3954e09fa61dc675a43; parent_hash: 0x7ebd…167a; end: NoMoreTransactions; extrinsics_count: 3    
2026-05-28 14:52:04 Consensus with no RPC sender success: CreatedBlock { hash: 0x0db4996561becfbd526981f161b31b35b19bdebeef60a3954e09fa61dc675a43, aux: ImportedAux { header_only: false, clear_justification_requests: false, needs_justification: false, bad_justification: false, is_new_best: true }, proof_size: 0 }    
2026-05-28 14:52:04 🏆 Imported #97 (0x7ebd…167a → 0x0db4…5a43)    
2026-05-28 14:52:05 Current block number: 98    
2026-05-28 14:52:05 🙌 Starting consensus session on top of parent 0x0db4996561becfbd526981f161b31b35b19bdebeef60a3954e09fa61dc675a43 (#97)    
2026-05-28 14:52:05 🎁 Prepared block for proposing at 98 (4 ms) hash: 0x4769efb2887f61ffa972c9e8365162b7068c63521311d5114a0d88d95529e6d2; parent_hash: 0x0db4…5a43; end: NoMoreTransactions; extrinsics_count: 3    
2026-05-28 14:52:05 Consensus with no RPC sender success: CreatedBlock { hash: 0x4769efb2887f61ffa972c9e8365162b7068c63521311d5114a0d88d95529e6d2, aux: ImportedAux { header_only: false, clear_justification_requests: false, needs_justification: false, bad_justification: false, is_new_best: true }, proof_size: 0 }    
2026-05-28 14:52:05 🏆 Imported #98 (0x0db4…5a43 → 0x4769…e6d2)    
2026-05-28 14:52:06 Current block number: 99    
2026-05-28 14:52:06 🙌 Starting consensus session on top of parent 0x4769efb2887f61ffa972c9e8365162b7068c63521311d5114a0d88d95529e6d2 (#98)    
2026-05-28 14:52:06 🎁 Prepared block for proposing at 99 (5 ms) hash: 0x782a9ae11e839d25bff0de4fa65812652cd5e6ea9636c9567c5449d86bf10be7; parent_hash: 0x4769…e6d2; end: NoMoreTransactions; extrinsics_count: 3    
2026-05-28 14:52:06 Consensus with no RPC sender success: CreatedBlock { hash: 0x782a9ae11e839d25bff0de4fa65812652cd5e6ea9636c9567c5449d86bf10be7, aux: ImportedAux { header_only: false, clear_justification_requests: false, needs_justification: false, bad_justification: false, is_new_best: true }, proof_size: 0 }    
2026-05-28 14:52:06 🏆 Imported #99 (0x4769…e6d2 → 0x782a…0be7)    
2026-05-28 14:52:07 💤 Idle (0 peers), best: #99 (0x782a…0be7), finalized #99 (0x782a…0be7), ⬇ 0 ⬆ 0    
2026-05-28 14:52:07 Current block number: 100    
2026-05-28 14:52:07 🙌 Starting consensus session on top of parent 0x782a9ae11e839d25bff0de4fa65812652cd5e6ea9636c9567c5449d86bf10be7 (#99)    
2026-05-28 14:52:07 🎁 Prepared block for proposing at 100 (1 ms) hash: 0x1250bf96d6d8dbd08eb60a02d0484e8eac90f73a03056f0c1726623166cd2a02; parent_hash: 0x782a…0be7; end: NoMoreTransactions; extrinsics_count: 3    
2026-05-28 14:52:07 Consensus with no RPC sender success: CreatedBlock { hash: 0x1250bf96d6d8dbd08eb60a02d0484e8eac90f73a03056f0c1726623166cd2a02, aux: ImportedAux { header_only: false, clear_justification_requests: false, needs_justification: false, bad_justification: false, is_new_best: true }, proof_size: 0 }    
2026-05-28 14:52:07 🏆 Imported #100 (0x782a…0be7 → 0x1250…2a02)    
2026-05-28 14:52:08 Current block number: 101    
2026-05-28 14:52:08 🙌 Starting consensus session on top of parent 0x1250bf96d6d8dbd08eb60a02d0484e8eac90f73a03056f0c1726623166cd2a02 (#100)    
2026-05-28 14:52:08 🎁 Prepared block for proposing at 101 (2 ms) hash: 0x272e7fe417d35679c3277768d7f670dca630acd62e695273304bbe86bc5b8ccc; parent_hash: 0x1250…2a02; end: NoMoreTransactions; extrinsics_count: 3    
2026-05-28 14:52:08 Consensus with no RPC sender success: CreatedBlock { hash: 0x272e7fe417d35679c3277768d7f670dca630acd62e695273304bbe86bc5b8ccc, aux: ImportedAux { header_only: false, clear_justification_requests: false, needs_justification: false, bad_justification: false, is_new_best: true }, proof_size: 0 }    
2026-05-28 14:52:08 🏆 Imported #101 (0x1250…2a02 → 0x272e…8ccc)    
2026-05-28 14:52:09 Current block number: 102    
2026-05-28 14:52:09 🙌 Starting consensus session on top of parent 0x272e7fe417d35679c3277768d7f670dca630acd62e695273304bbe86bc5b8ccc (#101)    
2026-05-28 14:52:09 🎁 Prepared block for proposing at 102 (4 ms) hash: 0x4f25625cfb1751b39a7cc1d092be264c8f990bfefc33e8aa63fbef3f8447a52a; parent_hash: 0x272e…8ccc; end: NoMoreTransactions; extrinsics_count: 3    
2026-05-28 14:52:09 Consensus with no RPC sender success: CreatedBlock { hash: 0x4f25625cfb1751b39a7cc1d092be264c8f990bfefc33e8aa63fbef3f8447a52a, aux: ImportedAux { header_only: false, clear_justification_requests: false, needs_justification: false, bad_justification: false, is_new_best: true }, proof_size: 0 }    
2026-05-28 14:52:09 🏆 Imported #102 (0x272e…8ccc → 0x4f25…a52a)    
2026-05-28 14:52:10 Current block number: 103    
2026-05-28 14:52:10 🙌 Starting consensus session on top of parent 0x4f25625cfb1751b39a7cc1d092be264c8f990bfefc33e8aa63fbef3f8447a52a (#102)    
2026-05-28 14:52:10 🎁 Prepared block for proposing at 103 (5 ms) hash: 0xabf4050aad320bd9dd14633ce1eabd907db8251b996d9ed9c88e4004ce45ab62; parent_hash: 0x4f25…a52a; end: NoMoreTransactions; extrinsics_count: 3    
2026-05-28 14:52:10 Consensus with no RPC sender success: CreatedBlock { hash: 0xabf4050aad320bd9dd14633ce1eabd907db8251b996d9ed9c88e4004ce45ab62, aux: ImportedAux { header_only: false, clear_justification_requests: false, needs_justification: false, bad_justification: false, is_new_best: true }, proof_size: 0 }    
2026-05-28 14:52:10 🏆 Imported #103 (0x4f25…a52a → 0xabf4…ab62)    
2026-05-28 14:52:11 Current block number: 104    
2026-05-28 14:52:11 🙌 Starting consensus session on top of parent 0xabf4050aad320bd9dd14633ce1eabd907db8251b996d9ed9c88e4004ce45ab62 (#103)    
2026-05-28 14:52:11 🎁 Prepared block for proposing at 104 (2 ms) hash: 0xff3d9b73be1a05741104192acca2180178a17d946fb81a9d22e231ad85a0a7e1; parent_hash: 0xabf4…ab62; end: NoMoreTransactions; extrinsics_count: 3    
2026-05-28 14:52:11 Consensus with no RPC sender success: CreatedBlock { hash: 0xff3d9b73be1a05741104192acca2180178a17d946fb81a9d22e231ad85a0a7e1, aux: ImportedAux { header_only: false, clear_justification_requests: false, needs_justification: false, bad_justification: false, is_new_best: true }, proof_size: 0 }    
2026-05-28 14:52:11 🏆 Imported #104 (0xabf4…ab62 → 0xff3d…a7e1)    
2026-05-28 14:52:12 💤 Idle (0 peers), best: #104 (0xff3d…a7e1), finalized #104 (0xff3d…a7e1), ⬇ 0 ⬆ 0    
2026-05-28 14:52:12 Current block number: 105    
2026-05-28 14:52:12 🙌 Starting consensus session on top of parent 0xff3d9b73be1a05741104192acca2180178a17d946fb81a9d22e231ad85a0a7e1 (#104)    
2026-05-28 14:52:12 🎁 Prepared block for proposing at 105 (4 ms) hash: 0x2809c5606ea2985ecdbd906e5afb3c4a5e88bef03166a077f63aca4f3fe5bea7; parent_hash: 0xff3d…a7e1; end: NoMoreTransactions; extrinsics_count: 3    
2026-05-28 14:52:12 Consensus with no RPC sender success: CreatedBlock { hash: 0x2809c5606ea2985ecdbd906e5afb3c4a5e88bef03166a077f63aca4f3fe5bea7, aux: ImportedAux { header_only: false, clear_justification_requests: false, needs_justification: false, bad_justification: false, is_new_best: true }, proof_size: 0 }    
2026-05-28 14:52:12 🏆 Imported #105 (0xff3d…a7e1 → 0x2809…bea7)    
2026-05-28 14:52:13 Current block number: 106    
2026-05-28 14:52:13 🙌 Starting consensus session on top of parent 0x2809c5606ea2985ecdbd906e5afb3c4a5e88bef03166a077f63aca4f3fe5bea7 (#105)    
2026-05-28 14:52:13 🎁 Prepared block for proposing at 106 (4 ms) hash: 0x11728a5a9312990ec043f7b3cadfe9057f8794fe43adec66c074b77fd8959006; parent_hash: 0x2809…bea7; end: NoMoreTransactions; extrinsics_count: 3    
2026-05-28 14:52:13 Consensus with no RPC sender success: CreatedBlock { hash: 0x11728a5a9312990ec043f7b3cadfe9057f8794fe43adec66c074b77fd8959006, aux: ImportedAux { header_only: false, clear_justification_requests: false, needs_justification: false, bad_justification: false, is_new_best: true }, proof_size: 0 }    
2026-05-28 14:52:13 🏆 Imported #106 (0x2809…bea7 → 0x1172…9006)    
2026-05-28 14:52:14 Current block number: 107    
2026-05-28 14:52:14 🙌 Starting consensus session on top of parent 0x11728a5a9312990ec043f7b3cadfe9057f8794fe43adec66c074b77fd8959006 (#106)    
2026-05-28 14:52:14 🎁 Prepared block for proposing at 107 (4 ms) hash: 0x1a7dce1216981de9e39e63167827495f9517532ec401a6745918bc7933423d7f; parent_hash: 0x1172…9006; end: NoMoreTransactions; extrinsics_count: 3    
2026-05-28 14:52:14 Consensus with no RPC sender success: CreatedBlock { hash: 0x1a7dce1216981de9e39e63167827495f9517532ec401a6745918bc7933423d7f, aux: ImportedAux { header_only: false, clear_justification_requests: false, needs_justification: false, bad_justification: false, is_new_best: true }, proof_size: 0 }    
2026-05-28 14:52:14 🏆 Imported #107 (0x1172…9006 → 0x1a7d…3d7f)    
2026-05-28 14:52:15 Current block number: 108    
2026-05-28 14:52:15 🙌 Starting consensus session on top of parent 0x1a7dce1216981de9e39e63167827495f9517532ec401a6745918bc7933423d7f (#107)    
2026-05-28 14:52:15 🎁 Prepared block for proposing at 108 (5 ms) hash: 0x2461b03604a2d1e44fa4e8bb2237d09c809c908be64d6b0786db93dd511b093b; parent_hash: 0x1a7d…3d7f; end: NoMoreTransactions; extrinsics_count: 3    
2026-05-28 14:52:15 Consensus with no RPC sender success: CreatedBlock { hash: 0x2461b03604a2d1e44fa4e8bb2237d09c809c908be64d6b0786db93dd511b093b, aux: ImportedAux { header_only: false, clear_justification_requests: false, needs_justification: false, bad_justification: false, is_new_best: true }, proof_size: 0 }    
2026-05-28 14:52:15 🏆 Imported #108 (0x1a7d…3d7f → 0x2461…093b)    
2026-05-28 14:52:16 Current block number: 109    
2026-05-28 14:52:16 🙌 Starting consensus session on top of parent 0x2461b03604a2d1e44fa4e8bb2237d09c809c908be64d6b0786db93dd511b093b (#108)    
2026-05-28 14:52:16 🎁 Prepared block for proposing at 109 (4 ms) hash: 0x739ec22a4360cf9d0581cd0bd6903e715296d817ad8cd1d915031f4777c61628; parent_hash: 0x2461…093b; end: NoMoreTransactions; extrinsics_count: 3    
2026-05-28 14:52:16 Consensus with no RPC sender success: CreatedBlock { hash: 0x739ec22a4360cf9d0581cd0bd6903e715296d817ad8cd1d915031f4777c61628, aux: ImportedAux { header_only: false, clear_justification_requests: false, needs_justification: false, bad_justification: false, is_new_best: true }, proof_size: 0 }    
2026-05-28 14:52:16 🏆 Imported #109 (0x2461…093b → 0x739e…1628)    
2026-05-28 14:52:17 💤 Idle (0 peers), best: #109 (0x739e…1628), finalized #109 (0x739e…1628), ⬇ 0 ⬆ 0    
2026-05-28 14:52:17 Current block number: 110    
2026-05-28 14:52:17 🙌 Starting consensus session on top of parent 0x739ec22a4360cf9d0581cd0bd6903e715296d817ad8cd1d915031f4777c61628 (#109)    
2026-05-28 14:52:17 🎁 Prepared block for proposing at 110 (5 ms) hash: 0xa78f1576b2dc0e93874d89b87273b31ae8e9491565e362af251157464c5ac33c; parent_hash: 0x739e…1628; end: NoMoreTransactions; extrinsics_count: 3    
2026-05-28 14:52:17 Consensus with no RPC sender success: CreatedBlock { hash: 0xa78f1576b2dc0e93874d89b87273b31ae8e9491565e362af251157464c5ac33c, aux: ImportedAux { header_only: false, clear_justification_requests: false, needs_justification: false, bad_justification: false, is_new_best: true }, proof_size: 0 }    
2026-05-28 14:52:17 🏆 Imported #110 (0x739e…1628 → 0xa78f…c33c)    
2026-05-28 14:52:18 Current block number: 111    
2026-05-28 14:52:18 🙌 Starting consensus session on top of parent 0xa78f1576b2dc0e93874d89b87273b31ae8e9491565e362af251157464c5ac33c (#110)    
2026-05-28 14:52:18 🎁 Prepared block for proposing at 111 (3 ms) hash: 0x7f14e8d6a71d0e0ae59c2ba8dceed718334570f51e44595d9f0de2738fa26ed0; parent_hash: 0xa78f…c33c; end: NoMoreTransactions; extrinsics_count: 3    
2026-05-28 14:52:18 Consensus with no RPC sender success: CreatedBlock { hash: 0x7f14e8d6a71d0e0ae59c2ba8dceed718334570f51e44595d9f0de2738fa26ed0, aux: ImportedAux { header_only: false, clear_justification_requests: false, needs_justification: false, bad_justification: false, is_new_best: true }, proof_size: 0 }    
2026-05-28 14:52:18 🏆 Imported #111 (0xa78f…c33c → 0x7f14…6ed0)    
2026-05-28 14:52:19 Current block number: 112    
2026-05-28 14:52:19 🙌 Starting consensus session on top of parent 0x7f14e8d6a71d0e0ae59c2ba8dceed718334570f51e44595d9f0de2738fa26ed0 (#111)    
2026-05-28 14:52:19 🎁 Prepared block for proposing at 112 (2 ms) hash: 0x87202b918e8dfa5541242e3f5240389856ccd1ed73d09abbd53b44d7a7c5163e; parent_hash: 0x7f14…6ed0; end: NoMoreTransactions; extrinsics_count: 3    
2026-05-28 14:52:19 Consensus with no RPC sender success: CreatedBlock { hash: 0x87202b918e8dfa5541242e3f5240389856ccd1ed73d09abbd53b44d7a7c5163e, aux: ImportedAux { header_only: false, clear_justification_requests: false, needs_justification: false, bad_justification: false, is_new_best: true }, proof_size: 0 }    
2026-05-28 14:52:19 🏆 Imported #112 (0x7f14…6ed0 → 0x8720…163e)    
2026-05-28 14:52:20 Current block number: 113    
2026-05-28 14:52:20 🙌 Starting consensus session on top of parent 0x87202b918e8dfa5541242e3f5240389856ccd1ed73d09abbd53b44d7a7c5163e (#112)    
2026-05-28 14:52:20 🎁 Prepared block for proposing at 113 (2 ms) hash: 0x1d9e409c7771a542b2a415a3a5b21ce799432ada18194ab8b8d7d9d1755f5712; parent_hash: 0x8720…163e; end: NoMoreTransactions; extrinsics_count: 3    
2026-05-28 14:52:20 Consensus with no RPC sender success: CreatedBlock { hash: 0x1d9e409c7771a542b2a415a3a5b21ce799432ada18194ab8b8d7d9d1755f5712, aux: ImportedAux { header_only: false, clear_justification_requests: false, needs_justification: false, bad_justification: false, is_new_best: true }, proof_size: 0 }    
2026-05-28 14:52:20 🏆 Imported #113 (0x8720…163e → 0x1d9e…5712)    
2026-05-28 14:52:21 Current block number: 114    
2026-05-28 14:52:21 🙌 Starting consensus session on top of parent 0x1d9e409c7771a542b2a415a3a5b21ce799432ada18194ab8b8d7d9d1755f5712 (#113)    
2026-05-28 14:52:21 🎁 Prepared block for proposing at 114 (5 ms) hash: 0xca583e965a9b12fa521359ae190088654a640d51d90c95227ba11d0fae1923eb; parent_hash: 0x1d9e…5712; end: NoMoreTransactions; extrinsics_count: 3    
2026-05-28 14:52:21 Consensus with no RPC sender success: CreatedBlock { hash: 0xca583e965a9b12fa521359ae190088654a640d51d90c95227ba11d0fae1923eb, aux: ImportedAux { header_only: false, clear_justification_requests: false, needs_justification: false, bad_justification: false, is_new_best: true }, proof_size: 0 }    
2026-05-28 14:52:21 🏆 Imported #114 (0x1d9e…5712 → 0xca58…23eb)    
2026-05-28 14:52:22 💤 Idle (0 peers), best: #114 (0xca58…23eb), finalized #114 (0xca58…23eb), ⬇ 0 ⬆ 0    
2026-05-28 14:52:22 Current block number: 115    
2026-05-28 14:52:22 🙌 Starting consensus session on top of parent 0xca583e965a9b12fa521359ae190088654a640d51d90c95227ba11d0fae1923eb (#114)    
2026-05-28 14:52:22 🎁 Prepared block for proposing at 115 (4 ms) hash: 0xc8910c25e13f5c6c9013bfbe755482becdb1deae196e8dfd32e89cceacadb61e; parent_hash: 0xca58…23eb; end: NoMoreTransactions; extrinsics_count: 3    
2026-05-28 14:52:22 Consensus with no RPC sender success: CreatedBlock { hash: 0xc8910c25e13f5c6c9013bfbe755482becdb1deae196e8dfd32e89cceacadb61e, aux: ImportedAux { header_only: false, clear_justification_requests: false, needs_justification: false, bad_justification: false, is_new_best: true }, proof_size: 0 }    
2026-05-28 14:52:22 🏆 Imported #115 (0xca58…23eb → 0xc891…b61e)    
2026-05-28 14:52:23 Current block number: 116    
2026-05-28 14:52:23 🙌 Starting consensus session on top of parent 0xc8910c25e13f5c6c9013bfbe755482becdb1deae196e8dfd32e89cceacadb61e (#115)    
2026-05-28 14:52:23 🎁 Prepared block for proposing at 116 (5 ms) hash: 0x12b5151de6f8d5a76cad8264f828f62d33c7752a3e434aa0ca3937d3ef7f6281; parent_hash: 0xc891…b61e; end: NoMoreTransactions; extrinsics_count: 3    
2026-05-28 14:52:23 Consensus with no RPC sender success: CreatedBlock { hash: 0x12b5151de6f8d5a76cad8264f828f62d33c7752a3e434aa0ca3937d3ef7f6281, aux: ImportedAux { header_only: false, clear_justification_requests: false, needs_justification: false, bad_justification: false, is_new_best: true }, proof_size: 0 }    
2026-05-28 14:52:23 🏆 Imported #116 (0xc891…b61e → 0x12b5…6281)    
2026-05-28 14:52:24 Current block number: 117    
2026-05-28 14:52:24 🙌 Starting consensus session on top of parent 0x12b5151de6f8d5a76cad8264f828f62d33c7752a3e434aa0ca3937d3ef7f6281 (#116)    
2026-05-28 14:52:24 🎁 Prepared block for proposing at 117 (2 ms) hash: 0xf96af51d46cbef3d45ae69a8edad195e1830ec86164de14a9a5b63a23604d042; parent_hash: 0x12b5…6281; end: NoMoreTransactions; extrinsics_count: 3    
2026-05-28 14:52:24 Consensus with no RPC sender success: CreatedBlock { hash: 0xf96af51d46cbef3d45ae69a8edad195e1830ec86164de14a9a5b63a23604d042, aux: ImportedAux { header_only: false, clear_justification_requests: false, needs_justification: false, bad_justification: false, is_new_best: true }, proof_size: 0 }    
2026-05-28 14:52:24 🏆 Imported #117 (0x12b5…6281 → 0xf96a…d042)    
2026-05-28 14:52:25 Current block number: 118    
2026-05-28 14:52:25 🙌 Starting consensus session on top of parent 0xf96af51d46cbef3d45ae69a8edad195e1830ec86164de14a9a5b63a23604d042 (#117)    
2026-05-28 14:52:25 🎁 Prepared block for proposing at 118 (5 ms) hash: 0x1e16b0758bd5d14ece99fb5e55ab67e383409e75ab1d0cf8acf616453a71764c; parent_hash: 0xf96a…d042; end: NoMoreTransactions; extrinsics_count: 3    
2026-05-28 14:52:25 Consensus with no RPC sender success: CreatedBlock { hash: 0x1e16b0758bd5d14ece99fb5e55ab67e383409e75ab1d0cf8acf616453a71764c, aux: ImportedAux { header_only: false, clear_justification_requests: false, needs_justification: false, bad_justification: false, is_new_best: true }, proof_size: 0 }    
2026-05-28 14:52:25 🏆 Imported #118 (0xf96a…d042 → 0x1e16…764c)    
2026-05-28 14:52:26 Current block number: 119    
2026-05-28 14:52:26 🙌 Starting consensus session on top of parent 0x1e16b0758bd5d14ece99fb5e55ab67e383409e75ab1d0cf8acf616453a71764c (#118)    
2026-05-28 14:52:26 🎁 Prepared block for proposing at 119 (5 ms) hash: 0x564e8edb8788b58a19a1703c44db41387c4bed98c1f1daaca24bbfef7b8ea5f0; parent_hash: 0x1e16…764c; end: NoMoreTransactions; extrinsics_count: 3    
2026-05-28 14:52:26 Consensus with no RPC sender success: CreatedBlock { hash: 0x564e8edb8788b58a19a1703c44db41387c4bed98c1f1daaca24bbfef7b8ea5f0, aux: ImportedAux { header_only: false, clear_justification_requests: false, needs_justification: false, bad_justification: false, is_new_best: true }, proof_size: 0 }    
2026-05-28 14:52:26 🏆 Imported #119 (0x1e16…764c → 0x564e…a5f0)    
2026-05-28 14:52:27 💤 Idle (0 peers), best: #119 (0x564e…a5f0), finalized #119 (0x564e…a5f0), ⬇ 0 ⬆ 0    
2026-05-28 14:52:27 Current block number: 120    
2026-05-28 14:52:27 🙌 Starting consensus session on top of parent 0x564e8edb8788b58a19a1703c44db41387c4bed98c1f1daaca24bbfef7b8ea5f0 (#119)    
2026-05-28 14:52:27 🎁 Prepared block for proposing at 120 (4 ms) hash: 0x8cea0fa3ad0b04b93ef05184e97ed8b30d18a408bd4cb2e2a0d6c14afd2a0cc1; parent_hash: 0x564e…a5f0; end: NoMoreTransactions; extrinsics_count: 3    
2026-05-28 14:52:27 Consensus with no RPC sender success: CreatedBlock { hash: 0x8cea0fa3ad0b04b93ef05184e97ed8b30d18a408bd4cb2e2a0d6c14afd2a0cc1, aux: ImportedAux { header_only: false, clear_justification_requests: false, needs_justification: false, bad_justification: false, is_new_best: true }, proof_size: 0 }    
2026-05-28 14:52:27 🏆 Imported #120 (0x564e…a5f0 → 0x8cea…0cc1)    
2026-05-28 14:52:28 Current block number: 121    
2026-05-28 14:52:28 🙌 Starting consensus session on top of parent 0x8cea0fa3ad0b04b93ef05184e97ed8b30d18a408bd4cb2e2a0d6c14afd2a0cc1 (#120)    
2026-05-28 14:52:28 🎁 Prepared block for proposing at 121 (3 ms) hash: 0xcf0cf880bbef112e77bf574b2935376b07c4e03eda9b7c6e2c857103214df8fa; parent_hash: 0x8cea…0cc1; end: NoMoreTransactions; extrinsics_count: 3    
2026-05-28 14:52:28 Consensus with no RPC sender success: CreatedBlock { hash: 0xcf0cf880bbef112e77bf574b2935376b07c4e03eda9b7c6e2c857103214df8fa, aux: ImportedAux { header_only: false, clear_justification_requests: false, needs_justification: false, bad_justification: false, is_new_best: true }, proof_size: 0 }    
2026-05-28 14:52:28 🏆 Imported #121 (0x8cea…0cc1 → 0xcf0c…f8fa)    
2026-05-28 14:52:29 Current block number: 122    
2026-05-28 14:52:29 🙌 Starting consensus session on top of parent 0xcf0cf880bbef112e77bf574b2935376b07c4e03eda9b7c6e2c857103214df8fa (#121)    
2026-05-28 14:52:29 🎁 Prepared block for proposing at 122 (4 ms) hash: 0x7a02b208a06a5c2f00b1b9c9e70cf6b7a66cc9f34c2fb1ebf2e3f0c4b55497e9; parent_hash: 0xcf0c…f8fa; end: NoMoreTransactions; extrinsics_count: 3    
2026-05-28 14:52:29 Consensus with no RPC sender success: CreatedBlock { hash: 0x7a02b208a06a5c2f00b1b9c9e70cf6b7a66cc9f34c2fb1ebf2e3f0c4b55497e9, aux: ImportedAux { header_only: false, clear_justification_requests: false, needs_justification: false, bad_justification: false, is_new_best: true }, proof_size: 0 }    
2026-05-28 14:52:29 🏆 Imported #122 (0xcf0c…f8fa → 0x7a02…97e9)    
2026-05-28 14:52:30 Current block number: 123    
2026-05-28 14:52:30 🙌 Starting consensus session on top of parent 0x7a02b208a06a5c2f00b1b9c9e70cf6b7a66cc9f34c2fb1ebf2e3f0c4b55497e9 (#122)    
2026-05-28 14:52:30 🎁 Prepared block for proposing at 123 (5 ms) hash: 0xd84633a252a5b8f22a7ec83795ab6fa56e5af36956dc174e22a7c62e42531f91; parent_hash: 0x7a02…97e9; end: NoMoreTransactions; extrinsics_count: 3    
2026-05-28 14:52:30 Consensus with no RPC sender success: CreatedBlock { hash: 0xd84633a252a5b8f22a7ec83795ab6fa56e5af36956dc174e22a7c62e42531f91, aux: ImportedAux { header_only: false, clear_justification_requests: false, needs_justification: false, bad_justification: false, is_new_best: true }, proof_size: 0 }    
2026-05-28 14:52:30 🏆 Imported #123 (0x7a02…97e9 → 0xd846…1f91)    
2026-05-28 14:52:31 Current block number: 124    
2026-05-28 14:52:31 🙌 Starting consensus session on top of parent 0xd84633a252a5b8f22a7ec83795ab6fa56e5af36956dc174e22a7c62e42531f91 (#123)    
2026-05-28 14:52:31 🎁 Prepared block for proposing at 124 (5 ms) hash: 0xffb7e25ffe144480100f06a1b00a2a1e76fb3afe780c4589ab4c3473f2fee57c; parent_hash: 0xd846…1f91; end: NoMoreTransactions; extrinsics_count: 3    
2026-05-28 14:52:31 Consensus with no RPC sender success: CreatedBlock { hash: 0xffb7e25ffe144480100f06a1b00a2a1e76fb3afe780c4589ab4c3473f2fee57c, aux: ImportedAux { header_only: false, clear_justification_requests: false, needs_justification: false, bad_justification: false, is_new_best: true }, proof_size: 0 }    
2026-05-28 14:52:31 🏆 Imported #124 (0xd846…1f91 → 0xffb7…e57c)    
2026-05-28 14:52:32 💤 Idle (0 peers), best: #124 (0xffb7…e57c), finalized #124 (0xffb7…e57c), ⬇ 0 ⬆ 0    
2026-05-28 14:52:32 Current block number: 125    
2026-05-28 14:52:32 🙌 Starting consensus session on top of parent 0xffb7e25ffe144480100f06a1b00a2a1e76fb3afe780c4589ab4c3473f2fee57c (#124)    
2026-05-28 14:52:32 🎁 Prepared block for proposing at 125 (4 ms) hash: 0x3b0d27a10cf166a0bf71f33b1de72485ee15def226f6e7865de270fe9829af55; parent_hash: 0xffb7…e57c; end: NoMoreTransactions; extrinsics_count: 3    
2026-05-28 14:52:32 Consensus with no RPC sender success: CreatedBlock { hash: 0x3b0d27a10cf166a0bf71f33b1de72485ee15def226f6e7865de270fe9829af55, aux: ImportedAux { header_only: false, clear_justification_requests: false, needs_justification: false, bad_justification: false, is_new_best: true }, proof_size: 0 }    
2026-05-28 14:52:32 🏆 Imported #125 (0xffb7…e57c → 0x3b0d…af55)    
2026-05-28 14:52:33 Current block number: 126    
2026-05-28 14:52:33 🙌 Starting consensus session on top of parent 0x3b0d27a10cf166a0bf71f33b1de72485ee15def226f6e7865de270fe9829af55 (#125)    
2026-05-28 14:52:33 🎁 Prepared block for proposing at 126 (5 ms) hash: 0x14fec41163ed2d295f758fabbaa6137bb9975e48da429ac7df9edef071133c82; parent_hash: 0x3b0d…af55; end: NoMoreTransactions; extrinsics_count: 3    
2026-05-28 14:52:33 Consensus with no RPC sender success: CreatedBlock { hash: 0x14fec41163ed2d295f758fabbaa6137bb9975e48da429ac7df9edef071133c82, aux: ImportedAux { header_only: false, clear_justification_requests: false, needs_justification: false, bad_justification: false, is_new_best: true }, proof_size: 0 }    
2026-05-28 14:52:33 🏆 Imported #126 (0x3b0d…af55 → 0x14fe…3c82)    
2026-05-28 14:52:34 Current block number: 127    
2026-05-28 14:52:34 🙌 Starting consensus session on top of parent 0x14fec41163ed2d295f758fabbaa6137bb9975e48da429ac7df9edef071133c82 (#126)    
2026-05-28 14:52:34 🎁 Prepared block for proposing at 127 (4 ms) hash: 0x0fde116ac374f5fdd0c553053b7464eaccedfbacc638b2adf6015507747b7e0b; parent_hash: 0x14fe…3c82; end: NoMoreTransactions; extrinsics_count: 3    
2026-05-28 14:52:34 Consensus with no RPC sender success: CreatedBlock { hash: 0x0fde116ac374f5fdd0c553053b7464eaccedfbacc638b2adf6015507747b7e0b, aux: ImportedAux { header_only: false, clear_justification_requests: false, needs_justification: false, bad_justification: false, is_new_best: true }, proof_size: 0 }    
2026-05-28 14:52:34 🏆 Imported #127 (0x14fe…3c82 → 0x0fde…7e0b)    
2026-05-28 14:52:35 Current block number: 128    
2026-05-28 14:52:35 🙌 Starting consensus session on top of parent 0x0fde116ac374f5fdd0c553053b7464eaccedfbacc638b2adf6015507747b7e0b (#127)    
2026-05-28 14:52:35 🎁 Prepared block for proposing at 128 (2 ms) hash: 0x0b84992ac3bfa8aa9c85e7fe1914bdc0f67648e68e6b84bec158aad5794d76e6; parent_hash: 0x0fde…7e0b; end: NoMoreTransactions; extrinsics_count: 3    
2026-05-28 14:52:35 Consensus with no RPC sender success: CreatedBlock { hash: 0x0b84992ac3bfa8aa9c85e7fe1914bdc0f67648e68e6b84bec158aad5794d76e6, aux: ImportedAux { header_only: false, clear_justification_requests: false, needs_justification: false, bad_justification: false, is_new_best: true }, proof_size: 0 }    
2026-05-28 14:52:35 🏆 Imported #128 (0x0fde…7e0b → 0x0b84…76e6)    
2026-05-28 14:52:36 Current block number: 129    
2026-05-28 14:52:36 🙌 Starting consensus session on top of parent 0x0b84992ac3bfa8aa9c85e7fe1914bdc0f67648e68e6b84bec158aad5794d76e6 (#128)    
2026-05-28 14:52:36 🎁 Prepared block for proposing at 129 (2 ms) hash: 0x12c76e7d6ef3a10e8cf298988aef8fa8b04d55ad0b1a8949cdc66bf42e2bff88; parent_hash: 0x0b84…76e6; end: NoMoreTransactions; extrinsics_count: 3    
2026-05-28 14:52:36 Consensus with no RPC sender success: CreatedBlock { hash: 0x12c76e7d6ef3a10e8cf298988aef8fa8b04d55ad0b1a8949cdc66bf42e2bff88, aux: ImportedAux { header_only: false, clear_justification_requests: false, needs_justification: false, bad_justification: false, is_new_best: true }, proof_size: 0 }    
2026-05-28 14:52:36 🏆 Imported #129 (0x0b84…76e6 → 0x12c7…ff88)    
2026-05-28 14:52:37 💤 Idle (0 peers), best: #129 (0x12c7…ff88), finalized #129 (0x12c7…ff88), ⬇ 0 ⬆ 0    
2026-05-28 14:52:37 Current block number: 130    
2026-05-28 14:52:37 🙌 Starting consensus session on top of parent 0x12c76e7d6ef3a10e8cf298988aef8fa8b04d55ad0b1a8949cdc66bf42e2bff88 (#129)    
2026-05-28 14:52:37 🎁 Prepared block for proposing at 130 (4 ms) hash: 0x9bdf9949443e62321d8f75db44c5729e43aa95d375f118e42b3cf03672a0a019; parent_hash: 0x12c7…ff88; end: NoMoreTransactions; extrinsics_count: 3    
2026-05-28 14:52:37 Consensus with no RPC sender success: CreatedBlock { hash: 0x9bdf9949443e62321d8f75db44c5729e43aa95d375f118e42b3cf03672a0a019, aux: ImportedAux { header_only: false, clear_justification_requests: false, needs_justification: false, bad_justification: false, is_new_best: true }, proof_size: 0 }    
2026-05-28 14:52:37 🏆 Imported #130 (0x12c7…ff88 → 0x9bdf…a019)    
2026-05-28 14:52:38 Current block number: 131    
2026-05-28 14:52:38 🙌 Starting consensus session on top of parent 0x9bdf9949443e62321d8f75db44c5729e43aa95d375f118e42b3cf03672a0a019 (#130)    
2026-05-28 14:52:38 🎁 Prepared block for proposing at 131 (5 ms) hash: 0x51abbdd788ce0e35ead257d47c5e3008dfc5fb32cd5fda058c43dfd6c9174c82; parent_hash: 0x9bdf…a019; end: NoMoreTransactions; extrinsics_count: 3    
2026-05-28 14:52:38 Consensus with no RPC sender success: CreatedBlock { hash: 0x51abbdd788ce0e35ead257d47c5e3008dfc5fb32cd5fda058c43dfd6c9174c82, aux: ImportedAux { header_only: false, clear_justification_requests: false, needs_justification: false, bad_justification: false, is_new_best: true }, proof_size: 0 }    
2026-05-28 14:52:38 🏆 Imported #131 (0x9bdf…a019 → 0x51ab…4c82)    
2026-05-28 14:52:39 Current block number: 132    
2026-05-28 14:52:39 🙌 Starting consensus session on top of parent 0x51abbdd788ce0e35ead257d47c5e3008dfc5fb32cd5fda058c43dfd6c9174c82 (#131)    
2026-05-28 14:52:39 🎁 Prepared block for proposing at 132 (4 ms) hash: 0x6635501920f073d4f27e58980f0482be47c3bebd9d39067a471bae41d1ac9588; parent_hash: 0x51ab…4c82; end: NoMoreTransactions; extrinsics_count: 3    
2026-05-28 14:52:39 Consensus with no RPC sender success: CreatedBlock { hash: 0x6635501920f073d4f27e58980f0482be47c3bebd9d39067a471bae41d1ac9588, aux: ImportedAux { header_only: false, clear_justification_requests: false, needs_justification: false, bad_justification: false, is_new_best: true }, proof_size: 0 }    
2026-05-28 14:52:39 🏆 Imported #132 (0x51ab…4c82 → 0x6635…9588)    
2026-05-28 14:52:40 Current block number: 133    
2026-05-28 14:52:40 🙌 Starting consensus session on top of parent 0x6635501920f073d4f27e58980f0482be47c3bebd9d39067a471bae41d1ac9588 (#132)    
2026-05-28 14:52:40 🎁 Prepared block for proposing at 133 (5 ms) hash: 0xbedce4a0fc125345dc73ef1e4d4b28423235b07b2deb3f479dea289ded6d3f81; parent_hash: 0x6635…9588; end: NoMoreTransactions; extrinsics_count: 3    
2026-05-28 14:52:40 Consensus with no RPC sender success: CreatedBlock { hash: 0xbedce4a0fc125345dc73ef1e4d4b28423235b07b2deb3f479dea289ded6d3f81, aux: ImportedAux { header_only: false, clear_justification_requests: false, needs_justification: false, bad_justification: false, is_new_best: true }, proof_size: 0 }    
2026-05-28 14:52:40 🏆 Imported #133 (0x6635…9588 → 0xbedc…3f81)    
2026-05-28 14:52:41 Current block number: 134    
2026-05-28 14:52:41 🙌 Starting consensus session on top of parent 0xbedce4a0fc125345dc73ef1e4d4b28423235b07b2deb3f479dea289ded6d3f81 (#133)    
2026-05-28 14:52:41 🎁 Prepared block for proposing at 134 (4 ms) hash: 0x109ce91c26871ce112bc1aa31cafc2a81d7dff86baf1bcce9a790e4c85ea6f82; parent_hash: 0xbedc…3f81; end: NoMoreTransactions; extrinsics_count: 3    
2026-05-28 14:52:41 Consensus with no RPC sender success: CreatedBlock { hash: 0x109ce91c26871ce112bc1aa31cafc2a81d7dff86baf1bcce9a790e4c85ea6f82, aux: ImportedAux { header_only: false, clear_justification_requests: false, needs_justification: false, bad_justification: false, is_new_best: true }, proof_size: 0 }    
2026-05-28 14:52:41 🏆 Imported #134 (0xbedc…3f81 → 0x109c…6f82)    
2026-05-28 14:52:42 💤 Idle (0 peers), best: #134 (0x109c…6f82), finalized #134 (0x109c…6f82), ⬇ 0 ⬆ 0    
2026-05-28 14:52:42 Current block number: 135    
2026-05-28 14:52:42 🙌 Starting consensus session on top of parent 0x109ce91c26871ce112bc1aa31cafc2a81d7dff86baf1bcce9a790e4c85ea6f82 (#134)    
2026-05-28 14:52:42 🎁 Prepared block for proposing at 135 (4 ms) hash: 0x21da41a4fe4ae584da502f039edef1ce9cafb51efeb722a4882f016c0d27b7f7; parent_hash: 0x109c…6f82; end: NoMoreTransactions; extrinsics_count: 3    
2026-05-28 14:52:42 Consensus with no RPC sender success: CreatedBlock { hash: 0x21da41a4fe4ae584da502f039edef1ce9cafb51efeb722a4882f016c0d27b7f7, aux: ImportedAux { header_only: false, clear_justification_requests: false, needs_justification: false, bad_justification: false, is_new_best: true }, proof_size: 0 }    
2026-05-28 14:52:42 🏆 Imported #135 (0x109c…6f82 → 0x21da…b7f7)    
2026-05-28 14:52:43 Current block number: 136    
2026-05-28 14:52:43 🙌 Starting consensus session on top of parent 0x21da41a4fe4ae584da502f039edef1ce9cafb51efeb722a4882f016c0d27b7f7 (#135)    
2026-05-28 14:52:43 🎁 Prepared block for proposing at 136 (4 ms) hash: 0x385893db3300a3624b953edcc36643776c598cccc4e77efdb247adc9c69ee610; parent_hash: 0x21da…b7f7; end: NoMoreTransactions; extrinsics_count: 3    
2026-05-28 14:52:43 Consensus with no RPC sender success: CreatedBlock { hash: 0x385893db3300a3624b953edcc36643776c598cccc4e77efdb247adc9c69ee610, aux: ImportedAux { header_only: false, clear_justification_requests: false, needs_justification: false, bad_justification: false, is_new_best: true }, proof_size: 0 }    
2026-05-28 14:52:43 🏆 Imported #136 (0x21da…b7f7 → 0x3858…e610)    
2026-05-28 14:52:44 Current block number: 137    
2026-05-28 14:52:44 🙌 Starting consensus session on top of parent 0x385893db3300a3624b953edcc36643776c598cccc4e77efdb247adc9c69ee610 (#136)    
2026-05-28 14:52:44 🎁 Prepared block for proposing at 137 (4 ms) hash: 0x40b6bf8a3fb7367fabf3cfb3e7d16113bfaa7aa782218ad993c5e50b7c77ae6b; parent_hash: 0x3858…e610; end: NoMoreTransactions; extrinsics_count: 3    
2026-05-28 14:52:44 Consensus with no RPC sender success: CreatedBlock { hash: 0x40b6bf8a3fb7367fabf3cfb3e7d16113bfaa7aa782218ad993c5e50b7c77ae6b, aux: ImportedAux { header_only: false, clear_justification_requests: false, needs_justification: false, bad_justification: false, is_new_best: true }, proof_size: 0 }    
2026-05-28 14:52:44 🏆 Imported #137 (0x3858…e610 → 0x40b6…ae6b)    
2026-05-28 14:52:45 Current block number: 138    
2026-05-28 14:52:45 🙌 Starting consensus session on top of parent 0x40b6bf8a3fb7367fabf3cfb3e7d16113bfaa7aa782218ad993c5e50b7c77ae6b (#137)    
2026-05-28 14:52:45 🎁 Prepared block for proposing at 138 (4 ms) hash: 0x0463be013eab41fad7bd0e40f9a7133b6ccb0b872d34e3de11b1b8b3677170dd; parent_hash: 0x40b6…ae6b; end: NoMoreTransactions; extrinsics_count: 3    
2026-05-28 14:52:45 Consensus with no RPC sender success: CreatedBlock { hash: 0x0463be013eab41fad7bd0e40f9a7133b6ccb0b872d34e3de11b1b8b3677170dd, aux: ImportedAux { header_only: false, clear_justification_requests: false, needs_justification: false, bad_justification: false, is_new_best: true }, proof_size: 0 }    
2026-05-28 14:52:45 🏆 Imported #138 (0x40b6…ae6b → 0x0463…70dd)    
2026-05-28 14:52:46 Current block number: 139    
2026-05-28 14:52:46 🙌 Starting consensus session on top of parent 0x0463be013eab41fad7bd0e40f9a7133b6ccb0b872d34e3de11b1b8b3677170dd (#138)    
2026-05-28 14:52:46 🎁 Prepared block for proposing at 139 (5 ms) hash: 0xe8e8ed1e87b401b73bd4be58440a92830160fc535808b6900915f5789cc420c0; parent_hash: 0x0463…70dd; end: NoMoreTransactions; extrinsics_count: 3    
2026-05-28 14:52:46 Consensus with no RPC sender success: CreatedBlock { hash: 0xe8e8ed1e87b401b73bd4be58440a92830160fc535808b6900915f5789cc420c0, aux: ImportedAux { header_only: false, clear_justification_requests: false, needs_justification: false, bad_justification: false, is_new_best: true }, proof_size: 0 }    
2026-05-28 14:52:46 🏆 Imported #139 (0x0463…70dd → 0xe8e8…20c0)    
2026-05-28 14:52:47 💤 Idle (0 peers), best: #139 (0xe8e8…20c0), finalized #139 (0xe8e8…20c0), ⬇ 0 ⬆ 0    
2026-05-28 14:52:47 Current block number: 140    
2026-05-28 14:52:47 🙌 Starting consensus session on top of parent 0xe8e8ed1e87b401b73bd4be58440a92830160fc535808b6900915f5789cc420c0 (#139)    
2026-05-28 14:52:47 🎁 Prepared block for proposing at 140 (4 ms) hash: 0xa16734c7585fce56ca25e8a5e0279d06db02fe84d57ed5a22e28ccf58caad505; parent_hash: 0xe8e8…20c0; end: NoMoreTransactions; extrinsics_count: 3    
2026-05-28 14:52:47 Consensus with no RPC sender success: CreatedBlock { hash: 0xa16734c7585fce56ca25e8a5e0279d06db02fe84d57ed5a22e28ccf58caad505, aux: ImportedAux { header_only: false, clear_justification_requests: false, needs_justification: false, bad_justification: false, is_new_best: true }, proof_size: 0 }    
2026-05-28 14:52:47 🏆 Imported #140 (0xe8e8…20c0 → 0xa167…d505)    
2026-05-28 14:52:48 Current block number: 141    
2026-05-28 14:52:48 🙌 Starting consensus session on top of parent 0xa16734c7585fce56ca25e8a5e0279d06db02fe84d57ed5a22e28ccf58caad505 (#140)    
2026-05-28 14:52:48 🎁 Prepared block for proposing at 141 (4 ms) hash: 0x239749c9b904af8e03a01ed7c1e5d06f0f3871fc1ae84ecc17913fdf1a320ef8; parent_hash: 0xa167…d505; end: NoMoreTransactions; extrinsics_count: 3    
2026-05-28 14:52:48 Consensus with no RPC sender success: CreatedBlock { hash: 0x239749c9b904af8e03a01ed7c1e5d06f0f3871fc1ae84ecc17913fdf1a320ef8, aux: ImportedAux { header_only: false, clear_justification_requests: false, needs_justification: false, bad_justification: false, is_new_best: true }, proof_size: 0 }    
2026-05-28 14:52:48 🏆 Imported #141 (0xa167…d505 → 0x2397…0ef8)    
2026-05-28 14:52:49 Current block number: 142    
2026-05-28 14:52:49 🙌 Starting consensus session on top of parent 0x239749c9b904af8e03a01ed7c1e5d06f0f3871fc1ae84ecc17913fdf1a320ef8 (#141)    
2026-05-28 14:52:49 🎁 Prepared block for proposing at 142 (4 ms) hash: 0xb82a7fa301b413cd7bd69ec60a6a739bc8bb06d5e18f03bf0d9f376675d586e2; parent_hash: 0x2397…0ef8; end: NoMoreTransactions; extrinsics_count: 3    
2026-05-28 14:52:49 Consensus with no RPC sender success: CreatedBlock { hash: 0xb82a7fa301b413cd7bd69ec60a6a739bc8bb06d5e18f03bf0d9f376675d586e2, aux: ImportedAux { header_only: false, clear_justification_requests: false, needs_justification: false, bad_justification: false, is_new_best: true }, proof_size: 0 }    
2026-05-28 14:52:49 🏆 Imported #142 (0x2397…0ef8 → 0xb82a…86e2)    
2026-05-28 14:52:50 Current block number: 143    
2026-05-28 14:52:50 🙌 Starting consensus session on top of parent 0xb82a7fa301b413cd7bd69ec60a6a739bc8bb06d5e18f03bf0d9f376675d586e2 (#142)    
2026-05-28 14:52:50 🎁 Prepared block for proposing at 143 (5 ms) hash: 0xeb957c49678c068a2a4cb937939b84acbf0af3a1ff03260018f5cf6c23326a44; parent_hash: 0xb82a…86e2; end: NoMoreTransactions; extrinsics_count: 3    
2026-05-28 14:52:50 Consensus with no RPC sender success: CreatedBlock { hash: 0xeb957c49678c068a2a4cb937939b84acbf0af3a1ff03260018f5cf6c23326a44, aux: ImportedAux { header_only: false, clear_justification_requests: false, needs_justification: false, bad_justification: false, is_new_best: true }, proof_size: 0 }    
2026-05-28 14:52:50 🏆 Imported #143 (0xb82a…86e2 → 0xeb95…6a44)    
2026-05-28 14:52:51 Current block number: 144    
2026-05-28 14:52:51 🙌 Starting consensus session on top of parent 0xeb957c49678c068a2a4cb937939b84acbf0af3a1ff03260018f5cf6c23326a44 (#143)    
2026-05-28 14:52:51 🎁 Prepared block for proposing at 144 (5 ms) hash: 0x0424266bf0b8ad3fb46876a279f030736d9b501339a652c049037943cd0119ec; parent_hash: 0xeb95…6a44; end: NoMoreTransactions; extrinsics_count: 3    
2026-05-28 14:52:51 Consensus with no RPC sender success: CreatedBlock { hash: 0x0424266bf0b8ad3fb46876a279f030736d9b501339a652c049037943cd0119ec, aux: ImportedAux { header_only: false, clear_justification_requests: false, needs_justification: false, bad_justification: false, is_new_best: true }, proof_size: 0 }    
2026-05-28 14:52:51 🏆 Imported #144 (0xeb95…6a44 → 0x0424…19ec)    
2026-05-28 14:52:52 💤 Idle (0 peers), best: #144 (0x0424…19ec), finalized #144 (0x0424…19ec), ⬇ 0 ⬆ 0    
2026-05-28 14:52:52 Current block number: 145    
2026-05-28 14:52:52 🙌 Starting consensus session on top of parent 0x0424266bf0b8ad3fb46876a279f030736d9b501339a652c049037943cd0119ec (#144)    
2026-05-28 14:52:52 🎁 Prepared block for proposing at 145 (5 ms) hash: 0x697e06f55d2c958b60c0cc1567242a5971dc5096ec2c23467453e2b070fd64fd; parent_hash: 0x0424…19ec; end: NoMoreTransactions; extrinsics_count: 3    
2026-05-28 14:52:52 Consensus with no RPC sender success: CreatedBlock { hash: 0x697e06f55d2c958b60c0cc1567242a5971dc5096ec2c23467453e2b070fd64fd, aux: ImportedAux { header_only: false, clear_justification_requests: false, needs_justification: false, bad_justification: false, is_new_best: true }, proof_size: 0 }    
2026-05-28 14:52:52 🏆 Imported #145 (0x0424…19ec → 0x697e…64fd)    
2026-05-28 14:52:53 Current block number: 146    
2026-05-28 14:52:53 🙌 Starting consensus session on top of parent 0x697e06f55d2c958b60c0cc1567242a5971dc5096ec2c23467453e2b070fd64fd (#145)    
2026-05-28 14:52:53 🎁 Prepared block for proposing at 146 (4 ms) hash: 0x898d049d2c0ecc142e74cae63cf865339d4ccedae7d9bcfc860614072f9bead4; parent_hash: 0x697e…64fd; end: NoMoreTransactions; extrinsics_count: 3    
2026-05-28 14:52:53 Consensus with no RPC sender success: CreatedBlock { hash: 0x898d049d2c0ecc142e74cae63cf865339d4ccedae7d9bcfc860614072f9bead4, aux: ImportedAux { header_only: false, clear_justification_requests: false, needs_justification: false, bad_justification: false, is_new_best: true }, proof_size: 0 }    
2026-05-28 14:52:53 🏆 Imported #146 (0x697e…64fd → 0x898d…ead4)    
2026-05-28 14:52:54 Current block number: 147    
2026-05-28 14:52:54 🙌 Starting consensus session on top of parent 0x898d049d2c0ecc142e74cae63cf865339d4ccedae7d9bcfc860614072f9bead4 (#146)    
2026-05-28 14:52:54 🎁 Prepared block for proposing at 147 (4 ms) hash: 0xb2c980e7cc2f46a43e18ca3314b3e510b8aa39cd3564a7f40c24aefc48d6fdbb; parent_hash: 0x898d…ead4; end: NoMoreTransactions; extrinsics_count: 3    
2026-05-28 14:52:54 Consensus with no RPC sender success: CreatedBlock { hash: 0xb2c980e7cc2f46a43e18ca3314b3e510b8aa39cd3564a7f40c24aefc48d6fdbb, aux: ImportedAux { header_only: false, clear_justification_requests: false, needs_justification: false, bad_justification: false, is_new_best: true }, proof_size: 0 }    
2026-05-28 14:52:54 🏆 Imported #147 (0x898d…ead4 → 0xb2c9…fdbb)    
2026-05-28 14:52:55 Current block number: 148    
2026-05-28 14:52:55 🙌 Starting consensus session on top of parent 0xb2c980e7cc2f46a43e18ca3314b3e510b8aa39cd3564a7f40c24aefc48d6fdbb (#147)    
2026-05-28 14:52:55 🎁 Prepared block for proposing at 148 (4 ms) hash: 0xbb517eed1809123894e620a12611204a02427c04471ffd36793df1b5aeaf7290; parent_hash: 0xb2c9…fdbb; end: NoMoreTransactions; extrinsics_count: 3    
2026-05-28 14:52:55 Consensus with no RPC sender success: CreatedBlock { hash: 0xbb517eed1809123894e620a12611204a02427c04471ffd36793df1b5aeaf7290, aux: ImportedAux { header_only: false, clear_justification_requests: false, needs_justification: false, bad_justification: false, is_new_best: true }, proof_size: 0 }    
2026-05-28 14:52:55 🏆 Imported #148 (0xb2c9…fdbb → 0xbb51…7290)    
2026-05-28 14:52:56 Current block number: 149    
2026-05-28 14:52:56 🙌 Starting consensus session on top of parent 0xbb517eed1809123894e620a12611204a02427c04471ffd36793df1b5aeaf7290 (#148)    
2026-05-28 14:52:56 🎁 Prepared block for proposing at 149 (3 ms) hash: 0xb2fb9271e1796a067dce60e47ab44fa8b048353515b9ef9e2b480ad3fa64fddc; parent_hash: 0xbb51…7290; end: NoMoreTransactions; extrinsics_count: 3    
2026-05-28 14:52:56 Consensus with no RPC sender success: CreatedBlock { hash: 0xb2fb9271e1796a067dce60e47ab44fa8b048353515b9ef9e2b480ad3fa64fddc, aux: ImportedAux { header_only: false, clear_justification_requests: false, needs_justification: false, bad_justification: false, is_new_best: true }, proof_size: 0 }    
2026-05-28 14:52:56 🏆 Imported #149 (0xbb51…7290 → 0xb2fb…fddc)    
2026-05-28 14:52:57 💤 Idle (0 peers), best: #149 (0xb2fb…fddc), finalized #149 (0xb2fb…fddc), ⬇ 0 ⬆ 0    
2026-05-28 14:52:57 Current block number: 150    
2026-05-28 14:52:57 🙌 Starting consensus session on top of parent 0xb2fb9271e1796a067dce60e47ab44fa8b048353515b9ef9e2b480ad3fa64fddc (#149)    
2026-05-28 14:52:57 🎁 Prepared block for proposing at 150 (1 ms) hash: 0xca76308323638def8400c03e037f535255a24ee7987896cbfe818a5c73a9411a; parent_hash: 0xb2fb…fddc; end: NoMoreTransactions; extrinsics_count: 3    
2026-05-28 14:52:57 Consensus with no RPC sender success: CreatedBlock { hash: 0xca76308323638def8400c03e037f535255a24ee7987896cbfe818a5c73a9411a, aux: ImportedAux { header_only: false, clear_justification_requests: false, needs_justification: false, bad_justification: false, is_new_best: true }, proof_size: 0 }    
2026-05-28 14:52:57 🏆 Imported #150 (0xb2fb…fddc → 0xca76…411a)    
2026-05-28 14:52:58 Current block number: 151    
2026-05-28 14:52:58 🙌 Starting consensus session on top of parent 0xca76308323638def8400c03e037f535255a24ee7987896cbfe818a5c73a9411a (#150)    
2026-05-28 14:52:58 🎁 Prepared block for proposing at 151 (5 ms) hash: 0x5c49b3ecc37899f055d53df2c17fc3a85f8e0425d75797e83842ec31ae4c7389; parent_hash: 0xca76…411a; end: NoMoreTransactions; extrinsics_count: 3    
2026-05-28 14:52:58 Consensus with no RPC sender success: CreatedBlock { hash: 0x5c49b3ecc37899f055d53df2c17fc3a85f8e0425d75797e83842ec31ae4c7389, aux: ImportedAux { header_only: false, clear_justification_requests: false, needs_justification: false, bad_justification: false, is_new_best: true }, proof_size: 0 }    
2026-05-28 14:52:58 🏆 Imported #151 (0xca76…411a → 0x5c49…7389)    
2026-05-28 14:52:59 Current block number: 152    
2026-05-28 14:52:59 🙌 Starting consensus session on top of parent 0x5c49b3ecc37899f055d53df2c17fc3a85f8e0425d75797e83842ec31ae4c7389 (#151)    
2026-05-28 14:52:59 🎁 Prepared block for proposing at 152 (5 ms) hash: 0xb9c3df25c8601a9b1c504960cf1c31394622420cccc4a79f0e6cfa6ab7d902d5; parent_hash: 0x5c49…7389; end: NoMoreTransactions; extrinsics_count: 3    
2026-05-28 14:52:59 Consensus with no RPC sender success: CreatedBlock { hash: 0xb9c3df25c8601a9b1c504960cf1c31394622420cccc4a79f0e6cfa6ab7d902d5, aux: ImportedAux { header_only: false, clear_justification_requests: false, needs_justification: false, bad_justification: false, is_new_best: true }, proof_size: 0 }    
2026-05-28 14:52:59 🏆 Imported #152 (0x5c49…7389 → 0xb9c3…02d5)    
2026-05-28 14:53:00 Current block number: 153    
2026-05-28 14:53:00 🙌 Starting consensus session on top of parent 0xb9c3df25c8601a9b1c504960cf1c31394622420cccc4a79f0e6cfa6ab7d902d5 (#152)    
2026-05-28 14:53:00 🎁 Prepared block for proposing at 153 (5 ms) hash: 0xd26c69ff19ddd2a8303ca9d05fa4287e92d21cec4005a8295c268ec6f5613b09; parent_hash: 0xb9c3…02d5; end: NoMoreTransactions; extrinsics_count: 3    
2026-05-28 14:53:00 Consensus with no RPC sender success: CreatedBlock { hash: 0xd26c69ff19ddd2a8303ca9d05fa4287e92d21cec4005a8295c268ec6f5613b09, aux: ImportedAux { header_only: false, clear_justification_requests: false, needs_justification: false, bad_justification: false, is_new_best: true }, proof_size: 0 }    
2026-05-28 14:53:00 🏆 Imported #153 (0xb9c3…02d5 → 0xd26c…3b09)    
2026-05-28 14:53:01 Current block number: 154    
2026-05-28 14:53:01 🙌 Starting consensus session on top of parent 0xd26c69ff19ddd2a8303ca9d05fa4287e92d21cec4005a8295c268ec6f5613b09 (#153)    
2026-05-28 14:53:01 🎁 Prepared block for proposing at 154 (4 ms) hash: 0x0c95e6f1e36fcab190301e20f5b550e1c9b820613ee47f1340dde42cb7f56b8d; parent_hash: 0xd26c…3b09; end: NoMoreTransactions; extrinsics_count: 3    
2026-05-28 14:53:01 Consensus with no RPC sender success: CreatedBlock { hash: 0x0c95e6f1e36fcab190301e20f5b550e1c9b820613ee47f1340dde42cb7f56b8d, aux: ImportedAux { header_only: false, clear_justification_requests: false, needs_justification: false, bad_justification: false, is_new_best: true }, proof_size: 0 }    
2026-05-28 14:53:01 🏆 Imported #154 (0xd26c…3b09 → 0x0c95…6b8d)    
2026-05-28 14:53:02 💤 Idle (0 peers), best: #154 (0x0c95…6b8d), finalized #154 (0x0c95…6b8d), ⬇ 0 ⬆ 0    
2026-05-28 14:53:02 Current block number: 155    
2026-05-28 14:53:02 🙌 Starting consensus session on top of parent 0x0c95e6f1e36fcab190301e20f5b550e1c9b820613ee47f1340dde42cb7f56b8d (#154)    
2026-05-28 14:53:02 🎁 Prepared block for proposing at 155 (2 ms) hash: 0x5bc8e88f6117fc3489f9b2fa2e8b4ef033e9ea5e151dd8788c51e879ae4a59a8; parent_hash: 0x0c95…6b8d; end: NoMoreTransactions; extrinsics_count: 3    
2026-05-28 14:53:02 Consensus with no RPC sender success: CreatedBlock { hash: 0x5bc8e88f6117fc3489f9b2fa2e8b4ef033e9ea5e151dd8788c51e879ae4a59a8, aux: ImportedAux { header_only: false, clear_justification_requests: false, needs_justification: false, bad_justification: false, is_new_best: true }, proof_size: 0 }    
2026-05-28 14:53:02 🏆 Imported #155 (0x0c95…6b8d → 0x5bc8…59a8)    
2026-05-28 14:53:03 Current block number: 156    
2026-05-28 14:53:03 🙌 Starting consensus session on top of parent 0x5bc8e88f6117fc3489f9b2fa2e8b4ef033e9ea5e151dd8788c51e879ae4a59a8 (#155)    
2026-05-28 14:53:03 🎁 Prepared block for proposing at 156 (4 ms) hash: 0xc55171a16abcaef5191377448c0b7fa997118c22cc5734b24059f50ed79170a1; parent_hash: 0x5bc8…59a8; end: NoMoreTransactions; extrinsics_count: 3    
2026-05-28 14:53:03 Consensus with no RPC sender success: CreatedBlock { hash: 0xc55171a16abcaef5191377448c0b7fa997118c22cc5734b24059f50ed79170a1, aux: ImportedAux { header_only: false, clear_justification_requests: false, needs_justification: false, bad_justification: false, is_new_best: true }, proof_size: 0 }    
2026-05-28 14:53:03 🏆 Imported #156 (0x5bc8…59a8 → 0xc551…70a1)    
2026-05-28 14:53:04 Current block number: 157    
2026-05-28 14:53:04 🙌 Starting consensus session on top of parent 0xc55171a16abcaef5191377448c0b7fa997118c22cc5734b24059f50ed79170a1 (#156)    
2026-05-28 14:53:04 🎁 Prepared block for proposing at 157 (5 ms) hash: 0xf1a3aa4eeec63dd3038e5d22c7455dad4693f281fda3d8b451a47ce047d99526; parent_hash: 0xc551…70a1; end: NoMoreTransactions; extrinsics_count: 3    
2026-05-28 14:53:04 Consensus with no RPC sender success: CreatedBlock { hash: 0xf1a3aa4eeec63dd3038e5d22c7455dad4693f281fda3d8b451a47ce047d99526, aux: ImportedAux { header_only: false, clear_justification_requests: false, needs_justification: false, bad_justification: false, is_new_best: true }, proof_size: 0 }    
2026-05-28 14:53:04 🏆 Imported #157 (0xc551…70a1 → 0xf1a3…9526)    
2026-05-28 14:53:05 Current block number: 158    
2026-05-28 14:53:05 🙌 Starting consensus session on top of parent 0xf1a3aa4eeec63dd3038e5d22c7455dad4693f281fda3d8b451a47ce047d99526 (#157)    
2026-05-28 14:53:05 🎁 Prepared block for proposing at 158 (5 ms) hash: 0xcaaffb5b5de31f7bd400e5deabeae8157ef5549da509f07dcc32382d7e7e961a; parent_hash: 0xf1a3…9526; end: NoMoreTransactions; extrinsics_count: 3    
2026-05-28 14:53:05 Consensus with no RPC sender success: CreatedBlock { hash: 0xcaaffb5b5de31f7bd400e5deabeae8157ef5549da509f07dcc32382d7e7e961a, aux: ImportedAux { header_only: false, clear_justification_requests: false, needs_justification: false, bad_justification: false, is_new_best: true }, proof_size: 0 }    
2026-05-28 14:53:05 🏆 Imported #158 (0xf1a3…9526 → 0xcaaf…961a)    
2026-05-28 14:53:06 Current block number: 159    
2026-05-28 14:53:06 🙌 Starting consensus session on top of parent 0xcaaffb5b5de31f7bd400e5deabeae8157ef5549da509f07dcc32382d7e7e961a (#158)    
2026-05-28 14:53:06 🎁 Prepared block for proposing at 159 (5 ms) hash: 0x201ab9e700ac4ddac333598376be16779fac179acf2d42350665e49bd01f32bc; parent_hash: 0xcaaf…961a; end: NoMoreTransactions; extrinsics_count: 3    
2026-05-28 14:53:06 Consensus with no RPC sender success: CreatedBlock { hash: 0x201ab9e700ac4ddac333598376be16779fac179acf2d42350665e49bd01f32bc, aux: ImportedAux { header_only: false, clear_justification_requests: false, needs_justification: false, bad_justification: false, is_new_best: true }, proof_size: 0 }    
2026-05-28 14:53:06 🏆 Imported #159 (0xcaaf…961a → 0x201a…32bc)    
2026-05-28 14:53:07 💤 Idle (0 peers), best: #159 (0x201a…32bc), finalized #159 (0x201a…32bc), ⬇ 0 ⬆ 0    
2026-05-28 14:53:07 Current block number: 160    
2026-05-28 14:53:07 🙌 Starting consensus session on top of parent 0x201ab9e700ac4ddac333598376be16779fac179acf2d42350665e49bd01f32bc (#159)    
2026-05-28 14:53:07 🎁 Prepared block for proposing at 160 (4 ms) hash: 0xd6701198723873dfc8aac89336fad71ae49d958419cc3d4732de333d08fa3a61; parent_hash: 0x201a…32bc; end: NoMoreTransactions; extrinsics_count: 3    
2026-05-28 14:53:07 Consensus with no RPC sender success: CreatedBlock { hash: 0xd6701198723873dfc8aac89336fad71ae49d958419cc3d4732de333d08fa3a61, aux: ImportedAux { header_only: false, clear_justification_requests: false, needs_justification: false, bad_justification: false, is_new_best: true }, proof_size: 0 }    
2026-05-28 14:53:07 🏆 Imported #160 (0x201a…32bc → 0xd670…3a61)    
2026-05-28 14:53:08 Current block number: 161    
2026-05-28 14:53:08 🙌 Starting consensus session on top of parent 0xd6701198723873dfc8aac89336fad71ae49d958419cc3d4732de333d08fa3a61 (#160)    
2026-05-28 14:53:08 🎁 Prepared block for proposing at 161 (5 ms) hash: 0x80c66d570a98cbce3ef984daa36a93ad67eb1c05d94b88da9d9af26c807198da; parent_hash: 0xd670…3a61; end: NoMoreTransactions; extrinsics_count: 3    
2026-05-28 14:53:08 Consensus with no RPC sender success: CreatedBlock { hash: 0x80c66d570a98cbce3ef984daa36a93ad67eb1c05d94b88da9d9af26c807198da, aux: ImportedAux { header_only: false, clear_justification_requests: false, needs_justification: false, bad_justification: false, is_new_best: true }, proof_size: 0 }    
2026-05-28 14:53:08 🏆 Imported #161 (0xd670…3a61 → 0x80c6…98da)    
2026-05-28 14:53:09 Current block number: 162    
2026-05-28 14:53:09 🙌 Starting consensus session on top of parent 0x80c66d570a98cbce3ef984daa36a93ad67eb1c05d94b88da9d9af26c807198da (#161)    
2026-05-28 14:53:09 🎁 Prepared block for proposing at 162 (5 ms) hash: 0x432ebce399746d896e5565ee185305f3d495fe9af9f737d42d2cdb406a5e6252; parent_hash: 0x80c6…98da; end: NoMoreTransactions; extrinsics_count: 3    
2026-05-28 14:53:09 Consensus with no RPC sender success: CreatedBlock { hash: 0x432ebce399746d896e5565ee185305f3d495fe9af9f737d42d2cdb406a5e6252, aux: ImportedAux { header_only: false, clear_justification_requests: false, needs_justification: false, bad_justification: false, is_new_best: true }, proof_size: 0 }    
2026-05-28 14:53:09 🏆 Imported #162 (0x80c6…98da → 0x432e…6252)    
2026-05-28 14:53:10 Current block number: 163    
2026-05-28 14:53:10 🙌 Starting consensus session on top of parent 0x432ebce399746d896e5565ee185305f3d495fe9af9f737d42d2cdb406a5e6252 (#162)    
2026-05-28 14:53:10 🎁 Prepared block for proposing at 163 (5 ms) hash: 0x2198bd91cc72c13256a0a0d7c9d2d313be7bb91edff5adb2aa57dbf9d11e011a; parent_hash: 0x432e…6252; end: NoMoreTransactions; extrinsics_count: 3    
2026-05-28 14:53:10 Consensus with no RPC sender success: CreatedBlock { hash: 0x2198bd91cc72c13256a0a0d7c9d2d313be7bb91edff5adb2aa57dbf9d11e011a, aux: ImportedAux { header_only: false, clear_justification_requests: false, needs_justification: false, bad_justification: false, is_new_best: true }, proof_size: 0 }    
2026-05-28 14:53:10 🏆 Imported #163 (0x432e…6252 → 0x2198…011a)    
2026-05-28 14:53:11 Current block number: 164    
2026-05-28 14:53:11 🙌 Starting consensus session on top of parent 0x2198bd91cc72c13256a0a0d7c9d2d313be7bb91edff5adb2aa57dbf9d11e011a (#163)    
2026-05-28 14:53:11 🎁 Prepared block for proposing at 164 (4 ms) hash: 0xd0c3195f5ff8df5f73ce9c95aa7b6ac27bb74d4180d0bdcefc7779dea9ea2dba; parent_hash: 0x2198…011a; end: NoMoreTransactions; extrinsics_count: 3    
2026-05-28 14:53:11 Consensus with no RPC sender success: CreatedBlock { hash: 0xd0c3195f5ff8df5f73ce9c95aa7b6ac27bb74d4180d0bdcefc7779dea9ea2dba, aux: ImportedAux { header_only: false, clear_justification_requests: false, needs_justification: false, bad_justification: false, is_new_best: true }, proof_size: 0 }    
2026-05-28 14:53:11 🏆 Imported #164 (0x2198…011a → 0xd0c3…2dba)    
2026-05-28 14:53:12 💤 Idle (0 peers), best: #164 (0xd0c3…2dba), finalized #164 (0xd0c3…2dba), ⬇ 0 ⬆ 0    
2026-05-28 14:53:12 Current block number: 165    
2026-05-28 14:53:12 🙌 Starting consensus session on top of parent 0xd0c3195f5ff8df5f73ce9c95aa7b6ac27bb74d4180d0bdcefc7779dea9ea2dba (#164)    
2026-05-28 14:53:12 🎁 Prepared block for proposing at 165 (4 ms) hash: 0xb7b79e15fd6995a8070315d820a84ad38532ef2ef16157c38c65c374a5d4d476; parent_hash: 0xd0c3…2dba; end: NoMoreTransactions; extrinsics_count: 3    
2026-05-28 14:53:12 Consensus with no RPC sender success: CreatedBlock { hash: 0xb7b79e15fd6995a8070315d820a84ad38532ef2ef16157c38c65c374a5d4d476, aux: ImportedAux { header_only: false, clear_justification_requests: false, needs_justification: false, bad_justification: false, is_new_best: true }, proof_size: 0 }    
2026-05-28 14:53:12 🏆 Imported #165 (0xd0c3…2dba → 0xb7b7…d476)    
2026-05-28 14:53:13 Current block number: 166    
2026-05-28 14:53:13 🙌 Starting consensus session on top of parent 0xb7b79e15fd6995a8070315d820a84ad38532ef2ef16157c38c65c374a5d4d476 (#165)    
2026-05-28 14:53:13 🎁 Prepared block for proposing at 166 (4 ms) hash: 0xd3340d22b6efce875566ecf4eb3aba015f665b2643ab2266237636573f167d03; parent_hash: 0xb7b7…d476; end: NoMoreTransactions; extrinsics_count: 3    
2026-05-28 14:53:13 Consensus with no RPC sender success: CreatedBlock { hash: 0xd3340d22b6efce875566ecf4eb3aba015f665b2643ab2266237636573f167d03, aux: ImportedAux { header_only: false, clear_justification_requests: false, needs_justification: false, bad_justification: false, is_new_best: true }, proof_size: 0 }    
2026-05-28 14:53:13 🏆 Imported #166 (0xb7b7…d476 → 0xd334…7d03)    
2026-05-28 14:53:14 Current block number: 167    
2026-05-28 14:53:14 🙌 Starting consensus session on top of parent 0xd3340d22b6efce875566ecf4eb3aba015f665b2643ab2266237636573f167d03 (#166)    
2026-05-28 14:53:14 🎁 Prepared block for proposing at 167 (5 ms) hash: 0xfc54332d271c4af46138da32f15eb6e2a1f9fb09d040fc591819dc831a3578d5; parent_hash: 0xd334…7d03; end: NoMoreTransactions; extrinsics_count: 3    
2026-05-28 14:53:14 Consensus with no RPC sender success: CreatedBlock { hash: 0xfc54332d271c4af46138da32f15eb6e2a1f9fb09d040fc591819dc831a3578d5, aux: ImportedAux { header_only: false, clear_justification_requests: false, needs_justification: false, bad_justification: false, is_new_best: true }, proof_size: 0 }    
2026-05-28 14:53:14 🏆 Imported #167 (0xd334…7d03 → 0xfc54…78d5)    
2026-05-28 14:53:15 Current block number: 168    
2026-05-28 14:53:15 🙌 Starting consensus session on top of parent 0xfc54332d271c4af46138da32f15eb6e2a1f9fb09d040fc591819dc831a3578d5 (#167)    
2026-05-28 14:53:15 🎁 Prepared block for proposing at 168 (5 ms) hash: 0x77bc8011c4d66b4677b0cf8c7628356ad0978c2b76da530837e01b899876853d; parent_hash: 0xfc54…78d5; end: NoMoreTransactions; extrinsics_count: 3    
2026-05-28 14:53:15 Consensus with no RPC sender success: CreatedBlock { hash: 0x77bc8011c4d66b4677b0cf8c7628356ad0978c2b76da530837e01b899876853d, aux: ImportedAux { header_only: false, clear_justification_requests: false, needs_justification: false, bad_justification: false, is_new_best: true }, proof_size: 0 }    
2026-05-28 14:53:15 🏆 Imported #168 (0xfc54…78d5 → 0x77bc…853d)    
2026-05-28 14:53:16 Current block number: 169    
2026-05-28 14:53:16 🙌 Starting consensus session on top of parent 0x77bc8011c4d66b4677b0cf8c7628356ad0978c2b76da530837e01b899876853d (#168)    
2026-05-28 14:53:16 🎁 Prepared block for proposing at 169 (5 ms) hash: 0xd1be7440fbef87046009c10cff66527756fde2ea457d05117dc5596aacbfee81; parent_hash: 0x77bc…853d; end: NoMoreTransactions; extrinsics_count: 3    
2026-05-28 14:53:16 Consensus with no RPC sender success: CreatedBlock { hash: 0xd1be7440fbef87046009c10cff66527756fde2ea457d05117dc5596aacbfee81, aux: ImportedAux { header_only: false, clear_justification_requests: false, needs_justification: false, bad_justification: false, is_new_best: true }, proof_size: 0 }    
2026-05-28 14:53:16 🏆 Imported #169 (0x77bc…853d → 0xd1be…ee81)    
2026-05-28 14:53:17 💤 Idle (0 peers), best: #169 (0xd1be…ee81), finalized #169 (0xd1be…ee81), ⬇ 0 ⬆ 0    
2026-05-28 14:53:17 Current block number: 170    
2026-05-28 14:53:17 🙌 Starting consensus session on top of parent 0xd1be7440fbef87046009c10cff66527756fde2ea457d05117dc5596aacbfee81 (#169)    
2026-05-28 14:53:17 🎁 Prepared block for proposing at 170 (4 ms) hash: 0x1a159016cb6cb18551c072d8983ea82fad24e84a656ac4e3d442d8c098fb6415; parent_hash: 0xd1be…ee81; end: NoMoreTransactions; extrinsics_count: 3    
2026-05-28 14:53:17 Consensus with no RPC sender success: CreatedBlock { hash: 0x1a159016cb6cb18551c072d8983ea82fad24e84a656ac4e3d442d8c098fb6415, aux: ImportedAux { header_only: false, clear_justification_requests: false, needs_justification: false, bad_justification: false, is_new_best: true }, proof_size: 0 }    
2026-05-28 14:53:17 🏆 Imported #170 (0xd1be…ee81 → 0x1a15…6415)    
2026-05-28 14:53:18 Current block number: 171    
2026-05-28 14:53:18 🙌 Starting consensus session on top of parent 0x1a159016cb6cb18551c072d8983ea82fad24e84a656ac4e3d442d8c098fb6415 (#170)    
2026-05-28 14:53:18 🎁 Prepared block for proposing at 171 (3 ms) hash: 0x46a4b0d3cd4551ea3885da7a4a20a2be15bd25df90f75aa956599443b24e2dbd; parent_hash: 0x1a15…6415; end: NoMoreTransactions; extrinsics_count: 3    
2026-05-28 14:53:18 Consensus with no RPC sender success: CreatedBlock { hash: 0x46a4b0d3cd4551ea3885da7a4a20a2be15bd25df90f75aa956599443b24e2dbd, aux: ImportedAux { header_only: false, clear_justification_requests: false, needs_justification: false, bad_justification: false, is_new_best: true }, proof_size: 0 }    
2026-05-28 14:53:18 🏆 Imported #171 (0x1a15…6415 → 0x46a4…2dbd)    
2026-05-28 14:53:19 Current block number: 172    
2026-05-28 14:53:19 🙌 Starting consensus session on top of parent 0x46a4b0d3cd4551ea3885da7a4a20a2be15bd25df90f75aa956599443b24e2dbd (#171)    
2026-05-28 14:53:19 🎁 Prepared block for proposing at 172 (5 ms) hash: 0x39b01710b1d28164714efb45081f555e25b39406f2ed665aa3cd0ecece6734f4; parent_hash: 0x46a4…2dbd; end: NoMoreTransactions; extrinsics_count: 3    
2026-05-28 14:53:19 Consensus with no RPC sender success: CreatedBlock { hash: 0x39b01710b1d28164714efb45081f555e25b39406f2ed665aa3cd0ecece6734f4, aux: ImportedAux { header_only: false, clear_justification_requests: false, needs_justification: false, bad_justification: false, is_new_best: true }, proof_size: 0 }    
2026-05-28 14:53:19 🏆 Imported #172 (0x46a4…2dbd → 0x39b0…34f4)    
2026-05-28 14:53:20 Current block number: 173    
2026-05-28 14:53:20 🙌 Starting consensus session on top of parent 0x39b01710b1d28164714efb45081f555e25b39406f2ed665aa3cd0ecece6734f4 (#172)    
2026-05-28 14:53:20 🎁 Prepared block for proposing at 173 (5 ms) hash: 0x92be99748c8ece1b8e76d03d85d985094265aad5d9ee0ce6bbb8048224ffcdde; parent_hash: 0x39b0…34f4; end: NoMoreTransactions; extrinsics_count: 3    
2026-05-28 14:53:20 Consensus with no RPC sender success: CreatedBlock { hash: 0x92be99748c8ece1b8e76d03d85d985094265aad5d9ee0ce6bbb8048224ffcdde, aux: ImportedAux { header_only: false, clear_justification_requests: false, needs_justification: false, bad_justification: false, is_new_best: true }, proof_size: 0 }    
2026-05-28 14:53:20 🏆 Imported #173 (0x39b0…34f4 → 0x92be…cdde)    
2026-05-28 14:53:21 Current block number: 174    
2026-05-28 14:53:21 🙌 Starting consensus session on top of parent 0x92be99748c8ece1b8e76d03d85d985094265aad5d9ee0ce6bbb8048224ffcdde (#173)    
2026-05-28 14:53:21 🎁 Prepared block for proposing at 174 (5 ms) hash: 0xfc664bbbc7591aca1517fe7dfcd8415cd907c1ea6e7e3bae3ffc7c8d485193be; parent_hash: 0x92be…cdde; end: NoMoreTransactions; extrinsics_count: 3    
2026-05-28 14:53:21 Consensus with no RPC sender success: CreatedBlock { hash: 0xfc664bbbc7591aca1517fe7dfcd8415cd907c1ea6e7e3bae3ffc7c8d485193be, aux: ImportedAux { header_only: false, clear_justification_requests: false, needs_justification: false, bad_justification: false, is_new_best: true }, proof_size: 0 }    
2026-05-28 14:53:21 🏆 Imported #174 (0x92be…cdde → 0xfc66…93be)    
2026-05-28 14:53:22 💤 Idle (0 peers), best: #174 (0xfc66…93be), finalized #174 (0xfc66…93be), ⬇ 0 ⬆ 0    
2026-05-28 14:53:22 Current block number: 175    
2026-05-28 14:53:22 🙌 Starting consensus session on top of parent 0xfc664bbbc7591aca1517fe7dfcd8415cd907c1ea6e7e3bae3ffc7c8d485193be (#174)    
2026-05-28 14:53:22 🎁 Prepared block for proposing at 175 (4 ms) hash: 0xa9bc3bbbad2ff21cf779a26eecca737e3502c53868bdd7d8579bf08b11e7cdc5; parent_hash: 0xfc66…93be; end: NoMoreTransactions; extrinsics_count: 3    
2026-05-28 14:53:22 Consensus with no RPC sender success: CreatedBlock { hash: 0xa9bc3bbbad2ff21cf779a26eecca737e3502c53868bdd7d8579bf08b11e7cdc5, aux: ImportedAux { header_only: false, clear_justification_requests: false, needs_justification: false, bad_justification: false, is_new_best: true }, proof_size: 0 }    
2026-05-28 14:53:22 🏆 Imported #175 (0xfc66…93be → 0xa9bc…cdc5)    
2026-05-28 14:53:23 Current block number: 176    
2026-05-28 14:53:23 🙌 Starting consensus session on top of parent 0xa9bc3bbbad2ff21cf779a26eecca737e3502c53868bdd7d8579bf08b11e7cdc5 (#175)    
2026-05-28 14:53:23 🎁 Prepared block for proposing at 176 (5 ms) hash: 0xae5814bf11b53bc1b6ad86bb6e30b54794b35c9070eda39f69dd9ce3d457e6f1; parent_hash: 0xa9bc…cdc5; end: NoMoreTransactions; extrinsics_count: 3    
2026-05-28 14:53:23 Consensus with no RPC sender success: CreatedBlock { hash: 0xae5814bf11b53bc1b6ad86bb6e30b54794b35c9070eda39f69dd9ce3d457e6f1, aux: ImportedAux { header_only: false, clear_justification_requests: false, needs_justification: false, bad_justification: false, is_new_best: true }, proof_size: 0 }    
2026-05-28 14:53:23 🏆 Imported #176 (0xa9bc…cdc5 → 0xae58…e6f1)    
2026-05-28 14:53:24 Current block number: 177    
2026-05-28 14:53:24 🙌 Starting consensus session on top of parent 0xae5814bf11b53bc1b6ad86bb6e30b54794b35c9070eda39f69dd9ce3d457e6f1 (#176)    
2026-05-28 14:53:24 🎁 Prepared block for proposing at 177 (5 ms) hash: 0x3d1d631e8b3f74b5cd4615feac497b2b8a627fa3866cca63f7dd81b402066f39; parent_hash: 0xae58…e6f1; end: NoMoreTransactions; extrinsics_count: 3    
2026-05-28 14:53:24 Consensus with no RPC sender success: CreatedBlock { hash: 0x3d1d631e8b3f74b5cd4615feac497b2b8a627fa3866cca63f7dd81b402066f39, aux: ImportedAux { header_only: false, clear_justification_requests: false, needs_justification: false, bad_justification: false, is_new_best: true }, proof_size: 0 }    
2026-05-28 14:53:24 🏆 Imported #177 (0xae58…e6f1 → 0x3d1d…6f39)    
2026-05-28 14:53:25 Current block number: 178    
2026-05-28 14:53:25 🙌 Starting consensus session on top of parent 0x3d1d631e8b3f74b5cd4615feac497b2b8a627fa3866cca63f7dd81b402066f39 (#177)    
2026-05-28 14:53:25 🎁 Prepared block for proposing at 178 (5 ms) hash: 0xcf31dcf467e0f92525821817c870b76533c0704f7c7934bc980f5d796400b970; parent_hash: 0x3d1d…6f39; end: NoMoreTransactions; extrinsics_count: 3    
2026-05-28 14:53:25 Consensus with no RPC sender success: CreatedBlock { hash: 0xcf31dcf467e0f92525821817c870b76533c0704f7c7934bc980f5d796400b970, aux: ImportedAux { header_only: false, clear_justification_requests: false, needs_justification: false, bad_justification: false, is_new_best: true }, proof_size: 0 }    
2026-05-28 14:53:25 🏆 Imported #178 (0x3d1d…6f39 → 0xcf31…b970)    
2026-05-28 14:53:26 Current block number: 179    
2026-05-28 14:53:26 🙌 Starting consensus session on top of parent 0xcf31dcf467e0f92525821817c870b76533c0704f7c7934bc980f5d796400b970 (#178)    
2026-05-28 14:53:26 🎁 Prepared block for proposing at 179 (4 ms) hash: 0x45308146141eae145df61abc1543ed893c0e1d245dd64d6a830dd12ec0650971; parent_hash: 0xcf31…b970; end: NoMoreTransactions; extrinsics_count: 3    
2026-05-28 14:53:26 Consensus with no RPC sender success: CreatedBlock { hash: 0x45308146141eae145df61abc1543ed893c0e1d245dd64d6a830dd12ec0650971, aux: ImportedAux { header_only: false, clear_justification_requests: false, needs_justification: false, bad_justification: false, is_new_best: true }, proof_size: 0 }    
2026-05-28 14:53:26 🏆 Imported #179 (0xcf31…b970 → 0x4530…0971)    
2026-05-28 14:53:27 💤 Idle (0 peers), best: #179 (0x4530…0971), finalized #179 (0x4530…0971), ⬇ 0 ⬆ 0    
2026-05-28 14:53:27 Current block number: 180    
2026-05-28 14:53:27 🙌 Starting consensus session on top of parent 0x45308146141eae145df61abc1543ed893c0e1d245dd64d6a830dd12ec0650971 (#179)    
2026-05-28 14:53:27 🎁 Prepared block for proposing at 180 (5 ms) hash: 0x4aaf04614cb9d41a585fa2cdab6bbfb5d825be6df331d7bb93d68f171e75b1aa; parent_hash: 0x4530…0971; end: NoMoreTransactions; extrinsics_count: 3    
2026-05-28 14:53:27 Consensus with no RPC sender success: CreatedBlock { hash: 0x4aaf04614cb9d41a585fa2cdab6bbfb5d825be6df331d7bb93d68f171e75b1aa, aux: ImportedAux { header_only: false, clear_justification_requests: false, needs_justification: false, bad_justification: false, is_new_best: true }, proof_size: 0 }    
2026-05-28 14:53:27 🏆 Imported #180 (0x4530…0971 → 0x4aaf…b1aa)    
2026-05-28 14:53:28 Current block number: 181    
2026-05-28 14:53:28 🙌 Starting consensus session on top of parent 0x4aaf04614cb9d41a585fa2cdab6bbfb5d825be6df331d7bb93d68f171e75b1aa (#180)    
2026-05-28 14:53:28 🎁 Prepared block for proposing at 181 (5 ms) hash: 0x32e8af9a9ea202a2dda4ca40aef779317face925d39737d7f37e5d744a8a53f9; parent_hash: 0x4aaf…b1aa; end: NoMoreTransactions; extrinsics_count: 3    
2026-05-28 14:53:28 Consensus with no RPC sender success: CreatedBlock { hash: 0x32e8af9a9ea202a2dda4ca40aef779317face925d39737d7f37e5d744a8a53f9, aux: ImportedAux { header_only: false, clear_justification_requests: false, needs_justification: false, bad_justification: false, is_new_best: true }, proof_size: 0 }    
2026-05-28 14:53:28 🏆 Imported #181 (0x4aaf…b1aa → 0x32e8…53f9)    
2026-05-28 14:53:29 Current block number: 182    
2026-05-28 14:53:29 🙌 Starting consensus session on top of parent 0x32e8af9a9ea202a2dda4ca40aef779317face925d39737d7f37e5d744a8a53f9 (#181)    
2026-05-28 14:53:29 🎁 Prepared block for proposing at 182 (5 ms) hash: 0x6eed574185c0e2a8cfb11b7da825aa6dfae4b0eec72cf4a35bd00993842686f9; parent_hash: 0x32e8…53f9; end: NoMoreTransactions; extrinsics_count: 3    
2026-05-28 14:53:29 Consensus with no RPC sender success: CreatedBlock { hash: 0x6eed574185c0e2a8cfb11b7da825aa6dfae4b0eec72cf4a35bd00993842686f9, aux: ImportedAux { header_only: false, clear_justification_requests: false, needs_justification: false, bad_justification: false, is_new_best: true }, proof_size: 0 }    
2026-05-28 14:53:29 🏆 Imported #182 (0x32e8…53f9 → 0x6eed…86f9)    
2026-05-28 14:53:30 Current block number: 183    
2026-05-28 14:53:30 🙌 Starting consensus session on top of parent 0x6eed574185c0e2a8cfb11b7da825aa6dfae4b0eec72cf4a35bd00993842686f9 (#182)    
2026-05-28 14:53:30 🎁 Prepared block for proposing at 183 (5 ms) hash: 0xdfcc20bfa36bb370a26e73e1a0dc3c5e55457c70cc75199d80bbde9a011b307a; parent_hash: 0x6eed…86f9; end: NoMoreTransactions; extrinsics_count: 3    
2026-05-28 14:53:30 Consensus with no RPC sender success: CreatedBlock { hash: 0xdfcc20bfa36bb370a26e73e1a0dc3c5e55457c70cc75199d80bbde9a011b307a, aux: ImportedAux { header_only: false, clear_justification_requests: false, needs_justification: false, bad_justification: false, is_new_best: true }, proof_size: 0 }    
2026-05-28 14:53:30 🏆 Imported #183 (0x6eed…86f9 → 0xdfcc…307a)    
2026-05-28 14:53:31 Current block number: 184    
2026-05-28 14:53:31 🙌 Starting consensus session on top of parent 0xdfcc20bfa36bb370a26e73e1a0dc3c5e55457c70cc75199d80bbde9a011b307a (#183)    
2026-05-28 14:53:31 🎁 Prepared block for proposing at 184 (5 ms) hash: 0x68c7340444c7709069008d1419ea762cd2b6929c983ceb97cd071853fc1d83d7; parent_hash: 0xdfcc…307a; end: NoMoreTransactions; extrinsics_count: 3    
2026-05-28 14:53:31 Consensus with no RPC sender success: CreatedBlock { hash: 0x68c7340444c7709069008d1419ea762cd2b6929c983ceb97cd071853fc1d83d7, aux: ImportedAux { header_only: false, clear_justification_requests: false, needs_justification: false, bad_justification: false, is_new_best: true }, proof_size: 0 }    
2026-05-28 14:53:31 🏆 Imported #184 (0xdfcc…307a → 0x68c7…83d7)    
2026-05-28 14:53:32 💤 Idle (0 peers), best: #184 (0x68c7…83d7), finalized #184 (0x68c7…83d7), ⬇ 0 ⬆ 0    
2026-05-28 14:53:32 Current block number: 185    
2026-05-28 14:53:32 🙌 Starting consensus session on top of parent 0x68c7340444c7709069008d1419ea762cd2b6929c983ceb97cd071853fc1d83d7 (#184)    
2026-05-28 14:53:32 🎁 Prepared block for proposing at 185 (2 ms) hash: 0x73d8ce523ae4cb84ac2bbac869ae0f2f508b897dd25a4bc3d27b99db906a61e9; parent_hash: 0x68c7…83d7; end: NoMoreTransactions; extrinsics_count: 3    
2026-05-28 14:53:32 Consensus with no RPC sender success: CreatedBlock { hash: 0x73d8ce523ae4cb84ac2bbac869ae0f2f508b897dd25a4bc3d27b99db906a61e9, aux: ImportedAux { header_only: false, clear_justification_requests: false, needs_justification: false, bad_justification: false, is_new_best: true }, proof_size: 0 }    
2026-05-28 14:53:32 🏆 Imported #185 (0x68c7…83d7 → 0x73d8…61e9)    
2026-05-28 14:53:33 Current block number: 186    
2026-05-28 14:53:33 🙌 Starting consensus session on top of parent 0x73d8ce523ae4cb84ac2bbac869ae0f2f508b897dd25a4bc3d27b99db906a61e9 (#185)    
2026-05-28 14:53:33 🎁 Prepared block for proposing at 186 (2 ms) hash: 0x7c70955da7168fae65156a2683d19e8fa34861fd2bfbbe2ca42c8790216434ea; parent_hash: 0x73d8…61e9; end: NoMoreTransactions; extrinsics_count: 3    
2026-05-28 14:53:33 Consensus with no RPC sender success: CreatedBlock { hash: 0x7c70955da7168fae65156a2683d19e8fa34861fd2bfbbe2ca42c8790216434ea, aux: ImportedAux { header_only: false, clear_justification_requests: false, needs_justification: false, bad_justification: false, is_new_best: true }, proof_size: 0 }    
2026-05-28 14:53:33 🏆 Imported #186 (0x73d8…61e9 → 0x7c70…34ea)    
2026-05-28 14:53:34 Current block number: 187    
2026-05-28 14:53:34 🙌 Starting consensus session on top of parent 0x7c70955da7168fae65156a2683d19e8fa34861fd2bfbbe2ca42c8790216434ea (#186)    
2026-05-28 14:53:34 🎁 Prepared block for proposing at 187 (4 ms) hash: 0x625d3e1e5faada668f8cb1eabaa30cb3e452d908762432df8d09954830763667; parent_hash: 0x7c70…34ea; end: NoMoreTransactions; extrinsics_count: 3    
2026-05-28 14:53:34 Consensus with no RPC sender success: CreatedBlock { hash: 0x625d3e1e5faada668f8cb1eabaa30cb3e452d908762432df8d09954830763667, aux: ImportedAux { header_only: false, clear_justification_requests: false, needs_justification: false, bad_justification: false, is_new_best: true }, proof_size: 0 }    
2026-05-28 14:53:34 🏆 Imported #187 (0x7c70…34ea → 0x625d…3667)    
2026-05-28 14:53:35 Current block number: 188    
2026-05-28 14:53:35 🙌 Starting consensus session on top of parent 0x625d3e1e5faada668f8cb1eabaa30cb3e452d908762432df8d09954830763667 (#187)    
2026-05-28 14:53:35 🎁 Prepared block for proposing at 188 (4 ms) hash: 0x101f3528e1fc262aa94e95e65376a34dac9bdea832b1240d3551d4c028ba22b1; parent_hash: 0x625d…3667; end: NoMoreTransactions; extrinsics_count: 3    
2026-05-28 14:53:35 Consensus with no RPC sender success: CreatedBlock { hash: 0x101f3528e1fc262aa94e95e65376a34dac9bdea832b1240d3551d4c028ba22b1, aux: ImportedAux { header_only: false, clear_justification_requests: false, needs_justification: false, bad_justification: false, is_new_best: true }, proof_size: 0 }    
2026-05-28 14:53:35 🏆 Imported #188 (0x625d…3667 → 0x101f…22b1)    
2026-05-28 14:53:36 Current block number: 189    
2026-05-28 14:53:36 🙌 Starting consensus session on top of parent 0x101f3528e1fc262aa94e95e65376a34dac9bdea832b1240d3551d4c028ba22b1 (#188)    
2026-05-28 14:53:36 🎁 Prepared block for proposing at 189 (4 ms) hash: 0xc399ee91daf54884a1a502c1014d61b854383a4a59ce84a279f3ad95371a4a21; parent_hash: 0x101f…22b1; end: NoMoreTransactions; extrinsics_count: 3    
2026-05-28 14:53:36 Consensus with no RPC sender success: CreatedBlock { hash: 0xc399ee91daf54884a1a502c1014d61b854383a4a59ce84a279f3ad95371a4a21, aux: ImportedAux { header_only: false, clear_justification_requests: false, needs_justification: false, bad_justification: false, is_new_best: true }, proof_size: 0 }    
2026-05-28 14:53:36 🏆 Imported #189 (0x101f…22b1 → 0xc399…4a21)    
2026-05-28 14:53:37 💤 Idle (0 peers), best: #189 (0xc399…4a21), finalized #189 (0xc399…4a21), ⬇ 0 ⬆ 0    
2026-05-28 14:53:37 Current block number: 190    
2026-05-28 14:53:37 🙌 Starting consensus session on top of parent 0xc399ee91daf54884a1a502c1014d61b854383a4a59ce84a279f3ad95371a4a21 (#189)    
2026-05-28 14:53:37 🎁 Prepared block for proposing at 190 (2 ms) hash: 0x3c5dcabaf5b6f47f01d4fa2ec2e60cc224ba119e1fb1906c923ccef75afe6ec0; parent_hash: 0xc399…4a21; end: NoMoreTransactions; extrinsics_count: 3    
2026-05-28 14:53:37 Consensus with no RPC sender success: CreatedBlock { hash: 0x3c5dcabaf5b6f47f01d4fa2ec2e60cc224ba119e1fb1906c923ccef75afe6ec0, aux: ImportedAux { header_only: false, clear_justification_requests: false, needs_justification: false, bad_justification: false, is_new_best: true }, proof_size: 0 }    
2026-05-28 14:53:37 🏆 Imported #190 (0xc399…4a21 → 0x3c5d…6ec0)    
2026-05-28 14:53:38 Current block number: 191    
2026-05-28 14:53:38 🙌 Starting consensus session on top of parent 0x3c5dcabaf5b6f47f01d4fa2ec2e60cc224ba119e1fb1906c923ccef75afe6ec0 (#190)    
2026-05-28 14:53:38 🎁 Prepared block for proposing at 191 (1 ms) hash: 0x9a87e37cbaad328f53eb135c2a71b3d41d0fd444e9b19e58120c443fb10b817e; parent_hash: 0x3c5d…6ec0; end: NoMoreTransactions; extrinsics_count: 3    
2026-05-28 14:53:38 Consensus with no RPC sender success: CreatedBlock { hash: 0x9a87e37cbaad328f53eb135c2a71b3d41d0fd444e9b19e58120c443fb10b817e, aux: ImportedAux { header_only: false, clear_justification_requests: false, needs_justification: false, bad_justification: false, is_new_best: true }, proof_size: 0 }    
2026-05-28 14:53:38 🏆 Imported #191 (0x3c5d…6ec0 → 0x9a87…817e)    
2026-05-28 14:53:39 Current block number: 192    
2026-05-28 14:53:39 🙌 Starting consensus session on top of parent 0x9a87e37cbaad328f53eb135c2a71b3d41d0fd444e9b19e58120c443fb10b817e (#191)    
2026-05-28 14:53:39 🎁 Prepared block for proposing at 192 (5 ms) hash: 0x52b743df9f58497769da9fb5cfd57cffebb585c5391df7e22afbb25a654c53db; parent_hash: 0x9a87…817e; end: NoMoreTransactions; extrinsics_count: 3    
2026-05-28 14:53:39 Consensus with no RPC sender success: CreatedBlock { hash: 0x52b743df9f58497769da9fb5cfd57cffebb585c5391df7e22afbb25a654c53db, aux: ImportedAux { header_only: false, clear_justification_requests: false, needs_justification: false, bad_justification: false, is_new_best: true }, proof_size: 0 }    
2026-05-28 14:53:39 🏆 Imported #192 (0x9a87…817e → 0x52b7…53db)    
2026-05-28 14:53:40 Current block number: 193    
2026-05-28 14:53:40 🙌 Starting consensus session on top of parent 0x52b743df9f58497769da9fb5cfd57cffebb585c5391df7e22afbb25a654c53db (#192)    
2026-05-28 14:53:40 🎁 Prepared block for proposing at 193 (1 ms) hash: 0x34274c3062d8fed77a93131f0b2bc5b602e670e8e3cf87eeaecb9b26374d61d7; parent_hash: 0x52b7…53db; end: NoMoreTransactions; extrinsics_count: 3    
2026-05-28 14:53:40 Consensus with no RPC sender success: CreatedBlock { hash: 0x34274c3062d8fed77a93131f0b2bc5b602e670e8e3cf87eeaecb9b26374d61d7, aux: ImportedAux { header_only: false, clear_justification_requests: false, needs_justification: false, bad_justification: false, is_new_best: true }, proof_size: 0 }    
2026-05-28 14:53:40 🏆 Imported #193 (0x52b7…53db → 0x3427…61d7)    
2026-05-28 14:53:41 Current block number: 194    
2026-05-28 14:53:41 🙌 Starting consensus session on top of parent 0x34274c3062d8fed77a93131f0b2bc5b602e670e8e3cf87eeaecb9b26374d61d7 (#193)    
2026-05-28 14:53:41 🎁 Prepared block for proposing at 194 (1 ms) hash: 0x77410c5f30b555a20d18b405fc04599fddb5da7ac4adb195b110b8ef032fd681; parent_hash: 0x3427…61d7; end: NoMoreTransactions; extrinsics_count: 3    
2026-05-28 14:53:41 Consensus with no RPC sender success: CreatedBlock { hash: 0x77410c5f30b555a20d18b405fc04599fddb5da7ac4adb195b110b8ef032fd681, aux: ImportedAux { header_only: false, clear_justification_requests: false, needs_justification: false, bad_justification: false, is_new_best: true }, proof_size: 0 }    
2026-05-28 14:53:41 🏆 Imported #194 (0x3427…61d7 → 0x7741…d681)    
2026-05-28 14:53:42 💤 Idle (0 peers), best: #194 (0x7741…d681), finalized #194 (0x7741…d681), ⬇ 0 ⬆ 0    
2026-05-28 14:53:42 Current block number: 195    
2026-05-28 14:53:42 🙌 Starting consensus session on top of parent 0x77410c5f30b555a20d18b405fc04599fddb5da7ac4adb195b110b8ef032fd681 (#194)    
2026-05-28 14:53:42 🎁 Prepared block for proposing at 195 (6 ms) hash: 0xe5abc56669459504001d287843a5e83c12462b3bfa5bda1649116d52661b0989; parent_hash: 0x7741…d681; end: NoMoreTransactions; extrinsics_count: 3    
2026-05-28 14:53:42 Consensus with no RPC sender success: CreatedBlock { hash: 0xe5abc56669459504001d287843a5e83c12462b3bfa5bda1649116d52661b0989, aux: ImportedAux { header_only: false, clear_justification_requests: false, needs_justification: false, bad_justification: false, is_new_best: true }, proof_size: 0 }    
2026-05-28 14:53:42 🏆 Imported #195 (0x7741…d681 → 0xe5ab…0989)    
2026-05-28 14:53:43 Current block number: 196    
2026-05-28 14:53:43 🙌 Starting consensus session on top of parent 0xe5abc56669459504001d287843a5e83c12462b3bfa5bda1649116d52661b0989 (#195)    
2026-05-28 14:53:43 🎁 Prepared block for proposing at 196 (5 ms) hash: 0xd9f9891d5876647e82f5c4c6b86f018ea5f089e476dd9287334e6ef7adf66b86; parent_hash: 0xe5ab…0989; end: NoMoreTransactions; extrinsics_count: 3    
2026-05-28 14:53:43 Consensus with no RPC sender success: CreatedBlock { hash: 0xd9f9891d5876647e82f5c4c6b86f018ea5f089e476dd9287334e6ef7adf66b86, aux: ImportedAux { header_only: false, clear_justification_requests: false, needs_justification: false, bad_justification: false, is_new_best: true }, proof_size: 0 }    
2026-05-28 14:53:43 🏆 Imported #196 (0xe5ab…0989 → 0xd9f9…6b86)    
2026-05-28 14:53:44 Current block number: 197    
2026-05-28 14:53:44 🙌 Starting consensus session on top of parent 0xd9f9891d5876647e82f5c4c6b86f018ea5f089e476dd9287334e6ef7adf66b86 (#196)    
2026-05-28 14:53:44 🎁 Prepared block for proposing at 197 (4 ms) hash: 0xaac860a7fa0f82357835bf02686657bcbd1328d06d596b77bed2175e6190a82c; parent_hash: 0xd9f9…6b86; end: NoMoreTransactions; extrinsics_count: 3    
2026-05-28 14:53:44 Consensus with no RPC sender success: CreatedBlock { hash: 0xaac860a7fa0f82357835bf02686657bcbd1328d06d596b77bed2175e6190a82c, aux: ImportedAux { header_only: false, clear_justification_requests: false, needs_justification: false, bad_justification: false, is_new_best: true }, proof_size: 0 }    
2026-05-28 14:53:44 🏆 Imported #197 (0xd9f9…6b86 → 0xaac8…a82c)    
2026-05-28 14:53:45 Current block number: 198    
2026-05-28 14:53:45 🙌 Starting consensus session on top of parent 0xaac860a7fa0f82357835bf02686657bcbd1328d06d596b77bed2175e6190a82c (#197)    
2026-05-28 14:53:45 🎁 Prepared block for proposing at 198 (4 ms) hash: 0x98a8bf9062a96b987e1c599f839bb6692a33da4b598ea7a0f99dad2cf2c03445; parent_hash: 0xaac8…a82c; end: NoMoreTransactions; extrinsics_count: 3    
2026-05-28 14:53:45 Consensus with no RPC sender success: CreatedBlock { hash: 0x98a8bf9062a96b987e1c599f839bb6692a33da4b598ea7a0f99dad2cf2c03445, aux: ImportedAux { header_only: false, clear_justification_requests: false, needs_justification: false, bad_justification: false, is_new_best: true }, proof_size: 0 }    
2026-05-28 14:53:45 🏆 Imported #198 (0xaac8…a82c → 0x98a8…3445)    
2026-05-28 14:53:46 Current block number: 199    
2026-05-28 14:53:46 🙌 Starting consensus session on top of parent 0x98a8bf9062a96b987e1c599f839bb6692a33da4b598ea7a0f99dad2cf2c03445 (#198)    
2026-05-28 14:53:46 🎁 Prepared block for proposing at 199 (6 ms) hash: 0x2de387356b70acf4830162a8a4b7610cff1a71d22c860ed5e9c6060936270c82; parent_hash: 0x98a8…3445; end: NoMoreTransactions; extrinsics_count: 3    
2026-05-28 14:53:46 Consensus with no RPC sender success: CreatedBlock { hash: 0x2de387356b70acf4830162a8a4b7610cff1a71d22c860ed5e9c6060936270c82, aux: ImportedAux { header_only: false, clear_justification_requests: false, needs_justification: false, bad_justification: false, is_new_best: true }, proof_size: 0 }    
2026-05-28 14:53:46 🏆 Imported #199 (0x98a8…3445 → 0x2de3…0c82)    
2026-05-28 14:53:47 💤 Idle (0 peers), best: #199 (0x2de3…0c82), finalized #199 (0x2de3…0c82), ⬇ 0 ⬆ 0    
2026-05-28 14:53:47 Current block number: 200    
2026-05-28 14:53:47 🙌 Starting consensus session on top of parent 0x2de387356b70acf4830162a8a4b7610cff1a71d22c860ed5e9c6060936270c82 (#199)    
2026-05-28 14:53:47 🎁 Prepared block for proposing at 200 (4 ms) hash: 0xaccfc98678acd0d5ec169fb100df37659d02bb7bff2e1d1d014f7e9f5599b9f1; parent_hash: 0x2de3…0c82; end: NoMoreTransactions; extrinsics_count: 3    
2026-05-28 14:53:47 Consensus with no RPC sender success: CreatedBlock { hash: 0xaccfc98678acd0d5ec169fb100df37659d02bb7bff2e1d1d014f7e9f5599b9f1, aux: ImportedAux { header_only: false, clear_justification_requests: false, needs_justification: false, bad_justification: false, is_new_best: true }, proof_size: 0 }    
2026-05-28 14:53:47 🏆 Imported #200 (0x2de3…0c82 → 0xaccf…b9f1)    
2026-05-28 14:53:48 Current block number: 201    
2026-05-28 14:53:48 🙌 Starting consensus session on top of parent 0xaccfc98678acd0d5ec169fb100df37659d02bb7bff2e1d1d014f7e9f5599b9f1 (#200)    
2026-05-28 14:53:48 🎁 Prepared block for proposing at 201 (4 ms) hash: 0xec93d98bf6033d0dd84c5c82d3901d65344e28290640c9494437a55defe4918f; parent_hash: 0xaccf…b9f1; end: NoMoreTransactions; extrinsics_count: 3    
2026-05-28 14:53:48 Consensus with no RPC sender success: CreatedBlock { hash: 0xec93d98bf6033d0dd84c5c82d3901d65344e28290640c9494437a55defe4918f, aux: ImportedAux { header_only: false, clear_justification_requests: false, needs_justification: false, bad_justification: false, is_new_best: true }, proof_size: 0 }    
2026-05-28 14:53:48 🏆 Imported #201 (0xaccf…b9f1 → 0xec93…918f)    
2026-05-28 14:53:49 Current block number: 202    
2026-05-28 14:53:49 🙌 Starting consensus session on top of parent 0xec93d98bf6033d0dd84c5c82d3901d65344e28290640c9494437a55defe4918f (#201)    
2026-05-28 14:53:49 🎁 Prepared block for proposing at 202 (9 ms) hash: 0xc410190fe1796ac2971512b8b0308ecefe83c968c3791af9fd0860c2a81caddb; parent_hash: 0xec93…918f; end: NoMoreTransactions; extrinsics_count: 3    
2026-05-28 14:53:49 Consensus with no RPC sender success: CreatedBlock { hash: 0xc410190fe1796ac2971512b8b0308ecefe83c968c3791af9fd0860c2a81caddb, aux: ImportedAux { header_only: false, clear_justification_requests: false, needs_justification: false, bad_justification: false, is_new_best: true }, proof_size: 0 }    
2026-05-28 14:53:49 🏆 Imported #202 (0xec93…918f → 0xc410…addb)    
2026-05-28 14:53:50 Current block number: 203    
2026-05-28 14:53:50 🙌 Starting consensus session on top of parent 0xc410190fe1796ac2971512b8b0308ecefe83c968c3791af9fd0860c2a81caddb (#202)    
2026-05-28 14:53:50 🎁 Prepared block for proposing at 203 (5 ms) hash: 0x57518f62c224530137952651cabfa9ea422905b060afda9715a324fc5a7ebb1e; parent_hash: 0xc410…addb; end: NoMoreTransactions; extrinsics_count: 3    
2026-05-28 14:53:50 Consensus with no RPC sender success: CreatedBlock { hash: 0x57518f62c224530137952651cabfa9ea422905b060afda9715a324fc5a7ebb1e, aux: ImportedAux { header_only: false, clear_justification_requests: false, needs_justification: false, bad_justification: false, is_new_best: true }, proof_size: 0 }    
2026-05-28 14:53:50 🏆 Imported #203 (0xc410…addb → 0x5751…bb1e)    
2026-05-28 14:53:51 Current block number: 204    
2026-05-28 14:53:51 🙌 Starting consensus session on top of parent 0x57518f62c224530137952651cabfa9ea422905b060afda9715a324fc5a7ebb1e (#203)    
2026-05-28 14:53:51 🎁 Prepared block for proposing at 204 (4 ms) hash: 0x43131f23126cdb8c86d845e88cb29ec38ff088afbfe4abc5394dbb414b6f5d8f; parent_hash: 0x5751…bb1e; end: NoMoreTransactions; extrinsics_count: 3    
2026-05-28 14:53:51 Consensus with no RPC sender success: CreatedBlock { hash: 0x43131f23126cdb8c86d845e88cb29ec38ff088afbfe4abc5394dbb414b6f5d8f, aux: ImportedAux { header_only: false, clear_justification_requests: false, needs_justification: false, bad_justification: false, is_new_best: true }, proof_size: 0 }    
2026-05-28 14:53:51 🏆 Imported #204 (0x5751…bb1e → 0x4313…5d8f)    
2026-05-28 14:53:52 💤 Idle (0 peers), best: #204 (0x4313…5d8f), finalized #204 (0x4313…5d8f), ⬇ 0 ⬆ 0    
2026-05-28 14:53:52 Current block number: 205    
2026-05-28 14:53:52 🙌 Starting consensus session on top of parent 0x43131f23126cdb8c86d845e88cb29ec38ff088afbfe4abc5394dbb414b6f5d8f (#204)    
2026-05-28 14:53:52 🎁 Prepared block for proposing at 205 (5 ms) hash: 0x736632018d1c6321d40475c1b424c3fa34f3f206e58bba76a6cecf2597d2ae1f; parent_hash: 0x4313…5d8f; end: NoMoreTransactions; extrinsics_count: 3    
2026-05-28 14:53:52 Consensus with no RPC sender success: CreatedBlock { hash: 0x736632018d1c6321d40475c1b424c3fa34f3f206e58bba76a6cecf2597d2ae1f, aux: ImportedAux { header_only: false, clear_justification_requests: false, needs_justification: false, bad_justification: false, is_new_best: true }, proof_size: 0 }    
2026-05-28 14:53:52 🏆 Imported #205 (0x4313…5d8f → 0x7366…ae1f)    
2026-05-28 14:53:53 Current block number: 206    
2026-05-28 14:53:53 🙌 Starting consensus session on top of parent 0x736632018d1c6321d40475c1b424c3fa34f3f206e58bba76a6cecf2597d2ae1f (#205)    
2026-05-28 14:53:53 🎁 Prepared block for proposing at 206 (4 ms) hash: 0x9d98bfa5a213a50e97620b62108278acfb918c02925e9c547e1fc7756792b9db; parent_hash: 0x7366…ae1f; end: NoMoreTransactions; extrinsics_count: 3    
2026-05-28 14:53:53 Consensus with no RPC sender success: CreatedBlock { hash: 0x9d98bfa5a213a50e97620b62108278acfb918c02925e9c547e1fc7756792b9db, aux: ImportedAux { header_only: false, clear_justification_requests: false, needs_justification: false, bad_justification: false, is_new_best: true }, proof_size: 0 }    
2026-05-28 14:53:53 🏆 Imported #206 (0x7366…ae1f → 0x9d98…b9db)    
2026-05-28 14:53:54 Current block number: 207    
2026-05-28 14:53:54 🙌 Starting consensus session on top of parent 0x9d98bfa5a213a50e97620b62108278acfb918c02925e9c547e1fc7756792b9db (#206)    
2026-05-28 14:53:54 🎁 Prepared block for proposing at 207 (5 ms) hash: 0x1778154402be53acbcc926e437a27e26f4b732251b8031db239ba67fa1708d8b; parent_hash: 0x9d98…b9db; end: NoMoreTransactions; extrinsics_count: 3    
2026-05-28 14:53:54 Consensus with no RPC sender success: CreatedBlock { hash: 0x1778154402be53acbcc926e437a27e26f4b732251b8031db239ba67fa1708d8b, aux: ImportedAux { header_only: false, clear_justification_requests: false, needs_justification: false, bad_justification: false, is_new_best: true }, proof_size: 0 }    
2026-05-28 14:53:54 🏆 Imported #207 (0x9d98…b9db → 0x1778…8d8b)    
2026-05-28 14:53:55 Current block number: 208    
2026-05-28 14:53:55 🙌 Starting consensus session on top of parent 0x1778154402be53acbcc926e437a27e26f4b732251b8031db239ba67fa1708d8b (#207)    
2026-05-28 14:53:55 🎁 Prepared block for proposing at 208 (4 ms) hash: 0x783e5537530d2ede0d26444e397860ae102edd9693ae72a67df416dad0382705; parent_hash: 0x1778…8d8b; end: NoMoreTransactions; extrinsics_count: 3    
2026-05-28 14:53:55 Consensus with no RPC sender success: CreatedBlock { hash: 0x783e5537530d2ede0d26444e397860ae102edd9693ae72a67df416dad0382705, aux: ImportedAux { header_only: false, clear_justification_requests: false, needs_justification: false, bad_justification: false, is_new_best: true }, proof_size: 0 }    
2026-05-28 14:53:55 🏆 Imported #208 (0x1778…8d8b → 0x783e…2705)    
2026-05-28 14:53:56 Current block number: 209    
2026-05-28 14:53:56 🙌 Starting consensus session on top of parent 0x783e5537530d2ede0d26444e397860ae102edd9693ae72a67df416dad0382705 (#208)    
2026-05-28 14:53:56 🎁 Prepared block for proposing at 209 (3 ms) hash: 0x6d78f50f24265673815bc6a7ce3ed6f6719ac805e69a2e1ddfd4e3c2e4ffce84; parent_hash: 0x783e…2705; end: NoMoreTransactions; extrinsics_count: 2    
2026-05-28 14:53:56 Consensus with no RPC sender success: CreatedBlock { hash: 0x6d78f50f24265673815bc6a7ce3ed6f6719ac805e69a2e1ddfd4e3c2e4ffce84, aux: ImportedAux { header_only: false, clear_justification_requests: false, needs_justification: false, bad_justification: false, is_new_best: true }, proof_size: 0 }    
2026-05-28 14:53:56 🏆 Imported #209 (0x783e…2705 → 0x6d78…ce84)    
2026-05-28 14:53:57 💤 Idle (0 peers), best: #209 (0x6d78…ce84), finalized #209 (0x6d78…ce84), ⬇ 0 ⬆ 0    
2026-05-28 14:53:57 Current block number: 210    
2026-05-28 14:53:57 🙌 Starting consensus session on top of parent 0x6d78f50f24265673815bc6a7ce3ed6f6719ac805e69a2e1ddfd4e3c2e4ffce84 (#209)    
2026-05-28 14:53:57 🎁 Prepared block for proposing at 210 (1 ms) hash: 0xd4bea4bbf1f1568b27a6722c8c6189dddf36f2b3b70528a8b6d6edc710d8731b; parent_hash: 0x6d78…ce84; end: NoMoreTransactions; extrinsics_count: 2    
2026-05-28 14:53:57 Consensus with no RPC sender success: CreatedBlock { hash: 0xd4bea4bbf1f1568b27a6722c8c6189dddf36f2b3b70528a8b6d6edc710d8731b, aux: ImportedAux { header_only: false, clear_justification_requests: false, needs_justification: false, bad_justification: false, is_new_best: true }, proof_size: 0 }    
2026-05-28 14:53:57 🏆 Imported #210 (0x6d78…ce84 → 0xd4be…731b)    
2026-05-28 14:53:58 Current block number: 211    
2026-05-28 14:53:58 🙌 Starting consensus session on top of parent 0xd4bea4bbf1f1568b27a6722c8c6189dddf36f2b3b70528a8b6d6edc710d8731b (#210)    
2026-05-28 14:53:58 🎁 Prepared block for proposing at 211 (5 ms) hash: 0xf69770359690d18f526ee629ab8a8e04eac1b95f80eb1837e69469ca9e63863d; parent_hash: 0xd4be…731b; end: NoMoreTransactions; extrinsics_count: 2    
2026-05-28 14:53:58 Consensus with no RPC sender success: CreatedBlock { hash: 0xf69770359690d18f526ee629ab8a8e04eac1b95f80eb1837e69469ca9e63863d, aux: ImportedAux { header_only: false, clear_justification_requests: false, needs_justification: false, bad_justification: false, is_new_best: true }, proof_size: 0 }    
2026-05-28 14:53:58 🏆 Imported #211 (0xd4be…731b → 0xf697…863d)    
2026-05-28 14:53:59 Current block number: 212    
2026-05-28 14:53:59 🙌 Starting consensus session on top of parent 0xf69770359690d18f526ee629ab8a8e04eac1b95f80eb1837e69469ca9e63863d (#211)    
2026-05-28 14:53:59 🎁 Prepared block for proposing at 212 (4 ms) hash: 0xa1c33970e6c24d8972950986375e322ff2002711de0caf2aec4d88ee6699051c; parent_hash: 0xf697…863d; end: NoMoreTransactions; extrinsics_count: 2    
2026-05-28 14:53:59 Consensus with no RPC sender success: CreatedBlock { hash: 0xa1c33970e6c24d8972950986375e322ff2002711de0caf2aec4d88ee6699051c, aux: ImportedAux { header_only: false, clear_justification_requests: false, needs_justification: false, bad_justification: false, is_new_best: true }, proof_size: 0 }    
2026-05-28 14:53:59 🏆 Imported #212 (0xf697…863d → 0xa1c3…051c)    
2026-05-28 14:54:00 Current block number: 213    
2026-05-28 14:54:00 🙌 Starting consensus session on top of parent 0xa1c33970e6c24d8972950986375e322ff2002711de0caf2aec4d88ee6699051c (#212)    
2026-05-28 14:54:00 🎁 Prepared block for proposing at 213 (2 ms) hash: 0x39749d66a9d8df1606cdfd21e50068b4c4f94efcfb0f6a95d9ce5b6d3505cb37; parent_hash: 0xa1c3…051c; end: NoMoreTransactions; extrinsics_count: 2    
2026-05-28 14:54:00 Consensus with no RPC sender success: CreatedBlock { hash: 0x39749d66a9d8df1606cdfd21e50068b4c4f94efcfb0f6a95d9ce5b6d3505cb37, aux: ImportedAux { header_only: false, clear_justification_requests: false, needs_justification: false, bad_justification: false, is_new_best: true }, proof_size: 0 }    
2026-05-28 14:54:00 🏆 Imported #213 (0xa1c3…051c → 0x3974…cb37)    
2026-05-28 14:54:01 Current block number: 214    
2026-05-28 14:54:01 🙌 Starting consensus session on top of parent 0x39749d66a9d8df1606cdfd21e50068b4c4f94efcfb0f6a95d9ce5b6d3505cb37 (#213)    
2026-05-28 14:54:01 🎁 Prepared block for proposing at 214 (3 ms) hash: 0x5a82f66498d1668046ac25e5aa5373641c6e7c26dc8839565fd8a354a2dc47fb; parent_hash: 0x3974…cb37; end: NoMoreTransactions; extrinsics_count: 2    
2026-05-28 14:54:01 Consensus with no RPC sender success: CreatedBlock { hash: 0x5a82f66498d1668046ac25e5aa5373641c6e7c26dc8839565fd8a354a2dc47fb, aux: ImportedAux { header_only: false, clear_justification_requests: false, needs_justification: false, bad_justification: false, is_new_best: true }, proof_size: 0 }    
2026-05-28 14:54:01 🏆 Imported #214 (0x3974…cb37 → 0x5a82…47fb)    
2026-05-28 14:54:02 💤 Idle (0 peers), best: #214 (0x5a82…47fb), finalized #214 (0x5a82…47fb), ⬇ 0 ⬆ 0    
2026-05-28 14:54:02 Current block number: 215    
2026-05-28 14:54:02 🙌 Starting consensus session on top of parent 0x5a82f66498d1668046ac25e5aa5373641c6e7c26dc8839565fd8a354a2dc47fb (#214)    
2026-05-28 14:54:02 🎁 Prepared block for proposing at 215 (1 ms) hash: 0xbdd6984e475950d59bc89fbc27d448787335af4d77c82fcd2cec6ce1e263ff2a; parent_hash: 0x5a82…47fb; end: NoMoreTransactions; extrinsics_count: 2    
2026-05-28 14:54:02 Consensus with no RPC sender success: CreatedBlock { hash: 0xbdd6984e475950d59bc89fbc27d448787335af4d77c82fcd2cec6ce1e263ff2a, aux: ImportedAux { header_only: false, clear_justification_requests: false, needs_justification: false, bad_justification: false, is_new_best: true }, proof_size: 0 }    
2026-05-28 14:54:02 🏆 Imported #215 (0x5a82…47fb → 0xbdd6…ff2a)    
2026-05-28 14:54:03 Current block number: 216    
2026-05-28 14:54:03 🙌 Starting consensus session on top of parent 0xbdd6984e475950d59bc89fbc27d448787335af4d77c82fcd2cec6ce1e263ff2a (#215)    
2026-05-28 14:54:03 🎁 Prepared block for proposing at 216 (3 ms) hash: 0x8e49312813bb1b90735194e292490645a3ba1c4a6472c9a42e8a7169a31b2cf9; parent_hash: 0xbdd6…ff2a; end: NoMoreTransactions; extrinsics_count: 2    
2026-05-28 14:54:03 Consensus with no RPC sender success: CreatedBlock { hash: 0x8e49312813bb1b90735194e292490645a3ba1c4a6472c9a42e8a7169a31b2cf9, aux: ImportedAux { header_only: false, clear_justification_requests: false, needs_justification: false, bad_justification: false, is_new_best: true }, proof_size: 0 }    
2026-05-28 14:54:03 🏆 Imported #216 (0xbdd6…ff2a → 0x8e49…2cf9)    
2026-05-28 14:54:04 Current block number: 217    
2026-05-28 14:54:04 🙌 Starting consensus session on top of parent 0x8e49312813bb1b90735194e292490645a3ba1c4a6472c9a42e8a7169a31b2cf9 (#216)    
2026-05-28 14:54:04 🎁 Prepared block for proposing at 217 (3 ms) hash: 0x95dc797e7e0a3f1d3bf61e32990dbdd52da7aec42e411c7c61ad82453802c59b; parent_hash: 0x8e49…2cf9; end: NoMoreTransactions; extrinsics_count: 2    
2026-05-28 14:54:04 Consensus with no RPC sender success: CreatedBlock { hash: 0x95dc797e7e0a3f1d3bf61e32990dbdd52da7aec42e411c7c61ad82453802c59b, aux: ImportedAux { header_only: false, clear_justification_requests: false, needs_justification: false, bad_justification: false, is_new_best: true }, proof_size: 0 }    
2026-05-28 14:54:04 🏆 Imported #217 (0x8e49…2cf9 → 0x95dc…c59b)    
2026-05-28 14:54:05 Current block number: 218    
2026-05-28 14:54:05 🙌 Starting consensus session on top of parent 0x95dc797e7e0a3f1d3bf61e32990dbdd52da7aec42e411c7c61ad82453802c59b (#217)    
2026-05-28 14:54:05 🎁 Prepared block for proposing at 218 (4 ms) hash: 0xdaba0f4b1e27b8960d8cbfe9712c151272c5b4035f070928f3a893b13bcf6008; parent_hash: 0x95dc…c59b; end: NoMoreTransactions; extrinsics_count: 2    
2026-05-28 14:54:05 Consensus with no RPC sender success: CreatedBlock { hash: 0xdaba0f4b1e27b8960d8cbfe9712c151272c5b4035f070928f3a893b13bcf6008, aux: ImportedAux { header_only: false, clear_justification_requests: false, needs_justification: false, bad_justification: false, is_new_best: true }, proof_size: 0 }    
2026-05-28 14:54:05 🏆 Imported #218 (0x95dc…c59b → 0xdaba…6008)    
2026-05-28 14:54:06 Current block number: 219    
2026-05-28 14:54:06 🙌 Starting consensus session on top of parent 0xdaba0f4b1e27b8960d8cbfe9712c151272c5b4035f070928f3a893b13bcf6008 (#218)    
2026-05-28 14:54:06 🎁 Prepared block for proposing at 219 (1 ms) hash: 0x39f7bef975eeb1b0709087e3f02ecb008ae7c0716b05f6a927dc9089f507797a; parent_hash: 0xdaba…6008; end: NoMoreTransactions; extrinsics_count: 2    
2026-05-28 14:54:06 Consensus with no RPC sender success: CreatedBlock { hash: 0x39f7bef975eeb1b0709087e3f02ecb008ae7c0716b05f6a927dc9089f507797a, aux: ImportedAux { header_only: false, clear_justification_requests: false, needs_justification: false, bad_justification: false, is_new_best: true }, proof_size: 0 }    
2026-05-28 14:54:06 🏆 Imported #219 (0xdaba…6008 → 0x39f7…797a)    
2026-05-28 14:54:07 💤 Idle (0 peers), best: #219 (0x39f7…797a), finalized #219 (0x39f7…797a), ⬇ 0 ⬆ 0    
2026-05-28 14:54:07 Current block number: 220    
2026-05-28 14:54:07 🙌 Starting consensus session on top of parent 0x39f7bef975eeb1b0709087e3f02ecb008ae7c0716b05f6a927dc9089f507797a (#219)    
2026-05-28 14:54:07 🎁 Prepared block for proposing at 220 (1 ms) hash: 0x967f48b2d2b47042a803447a0d2bcfdd11b87b198dd4951aa7c1c4969a564282; parent_hash: 0x39f7…797a; end: NoMoreTransactions; extrinsics_count: 2    
2026-05-28 14:54:07 Consensus with no RPC sender success: CreatedBlock { hash: 0x967f48b2d2b47042a803447a0d2bcfdd11b87b198dd4951aa7c1c4969a564282, aux: ImportedAux { header_only: false, clear_justification_requests: false, needs_justification: false, bad_justification: false, is_new_best: true }, proof_size: 0 }    
2026-05-28 14:54:07 🏆 Imported #220 (0x39f7…797a → 0x967f…4282)    
2026-05-28 14:54:08 Current block number: 221    
2026-05-28 14:54:08 🙌 Starting consensus session on top of parent 0x967f48b2d2b47042a803447a0d2bcfdd11b87b198dd4951aa7c1c4969a564282 (#220)    
2026-05-28 14:54:08 🎁 Prepared block for proposing at 221 (1 ms) hash: 0x03ccdb668dfa7c7ee4e3df37f7bbd22ef72607dcce00f4dcf3e9ce9205085b8f; parent_hash: 0x967f…4282; end: NoMoreTransactions; extrinsics_count: 2    
2026-05-28 14:54:08 Consensus with no RPC sender success: CreatedBlock { hash: 0x03ccdb668dfa7c7ee4e3df37f7bbd22ef72607dcce00f4dcf3e9ce9205085b8f, aux: ImportedAux { header_only: false, clear_justification_requests: false, needs_justification: false, bad_justification: false, is_new_best: true }, proof_size: 0 }    
2026-05-28 14:54:08 🏆 Imported #221 (0x967f…4282 → 0x03cc…5b8f)    
2026-05-28 14:54:09 Current block number: 222    
2026-05-28 14:54:09 🙌 Starting consensus session on top of parent 0x03ccdb668dfa7c7ee4e3df37f7bbd22ef72607dcce00f4dcf3e9ce9205085b8f (#221)    
2026-05-28 14:54:09 🎁 Prepared block for proposing at 222 (1 ms) hash: 0xf8f463b90c9334eb029564aeed4e4a0492302e4267372d971ce6c1185bbf1ef2; parent_hash: 0x03cc…5b8f; end: NoMoreTransactions; extrinsics_count: 2    
2026-05-28 14:54:09 Consensus with no RPC sender success: CreatedBlock { hash: 0xf8f463b90c9334eb029564aeed4e4a0492302e4267372d971ce6c1185bbf1ef2, aux: ImportedAux { header_only: false, clear_justification_requests: false, needs_justification: false, bad_justification: false, is_new_best: true }, proof_size: 0 }    
2026-05-28 14:54:09 🏆 Imported #222 (0x03cc…5b8f → 0xf8f4…1ef2)    
2026-05-28 14:54:10 Current block number: 223    
2026-05-28 14:54:10 🙌 Starting consensus session on top of parent 0xf8f463b90c9334eb029564aeed4e4a0492302e4267372d971ce6c1185bbf1ef2 (#222)    
2026-05-28 14:54:10 🎁 Prepared block for proposing at 223 (1 ms) hash: 0xd408beb22018be8a909ec42620839e8a61f38f2110c7f45aba8e1f5e22bc0454; parent_hash: 0xf8f4…1ef2; end: NoMoreTransactions; extrinsics_count: 2    
2026-05-28 14:54:10 Consensus with no RPC sender success: CreatedBlock { hash: 0xd408beb22018be8a909ec42620839e8a61f38f2110c7f45aba8e1f5e22bc0454, aux: ImportedAux { header_only: false, clear_justification_requests: false, needs_justification: false, bad_justification: false, is_new_best: true }, proof_size: 0 }    
2026-05-28 14:54:10 🏆 Imported #223 (0xf8f4…1ef2 → 0xd408…0454)    
2026-05-28 14:54:11 Current block number: 224    
2026-05-28 14:54:11 🙌 Starting consensus session on top of parent 0xd408beb22018be8a909ec42620839e8a61f38f2110c7f45aba8e1f5e22bc0454 (#223)    
2026-05-28 14:54:11 🎁 Prepared block for proposing at 224 (4 ms) hash: 0x1066e13ce36e99f69a63189d0dcb4192f3116df5c9e8f90b672a36be012c0628; parent_hash: 0xd408…0454; end: NoMoreTransactions; extrinsics_count: 2    
2026-05-28 14:54:11 Consensus with no RPC sender success: CreatedBlock { hash: 0x1066e13ce36e99f69a63189d0dcb4192f3116df5c9e8f90b672a36be012c0628, aux: ImportedAux { header_only: false, clear_justification_requests: false, needs_justification: false, bad_justification: false, is_new_best: true }, proof_size: 0 }    
2026-05-28 14:54:11 🏆 Imported #224 (0xd408…0454 → 0x1066…0628)    
2026-05-28 14:54:12 💤 Idle (0 peers), best: #224 (0x1066…0628), finalized #224 (0x1066…0628), ⬇ 0 ⬆ 0    
2026-05-28 14:54:12 Current block number: 225    
2026-05-28 14:54:12 🙌 Starting consensus session on top of parent 0x1066e13ce36e99f69a63189d0dcb4192f3116df5c9e8f90b672a36be012c0628 (#224)    
2026-05-28 14:54:12 🎁 Prepared block for proposing at 225 (1 ms) hash: 0x93522698673c2938229bfec97e9db0a31cd2f0351cc3c95fb8fc2f2651ae3a29; parent_hash: 0x1066…0628; end: NoMoreTransactions; extrinsics_count: 2    
2026-05-28 14:54:12 Consensus with no RPC sender success: CreatedBlock { hash: 0x93522698673c2938229bfec97e9db0a31cd2f0351cc3c95fb8fc2f2651ae3a29, aux: ImportedAux { header_only: false, clear_justification_requests: false, needs_justification: false, bad_justification: false, is_new_best: true }, proof_size: 0 }    
2026-05-28 14:54:12 🏆 Imported #225 (0x1066…0628 → 0x9352…3a29)    
2026-05-28 14:54:13 Current block number: 226    
2026-05-28 14:54:13 🙌 Starting consensus session on top of parent 0x93522698673c2938229bfec97e9db0a31cd2f0351cc3c95fb8fc2f2651ae3a29 (#225)    
2026-05-28 14:54:13 🎁 Prepared block for proposing at 226 (3 ms) hash: 0x1b07019a1018a1e215a0b02be130a78463ea386e9ddbeacd7dfc3de7a2b7763f; parent_hash: 0x9352…3a29; end: NoMoreTransactions; extrinsics_count: 2    
2026-05-28 14:54:13 Consensus with no RPC sender success: CreatedBlock { hash: 0x1b07019a1018a1e215a0b02be130a78463ea386e9ddbeacd7dfc3de7a2b7763f, aux: ImportedAux { header_only: false, clear_justification_requests: false, needs_justification: false, bad_justification: false, is_new_best: true }, proof_size: 0 }    
2026-05-28 14:54:13 🏆 Imported #226 (0x9352…3a29 → 0x1b07…763f)    
2026-05-28 14:54:14 Current block number: 227    
2026-05-28 14:54:14 🙌 Starting consensus session on top of parent 0x1b07019a1018a1e215a0b02be130a78463ea386e9ddbeacd7dfc3de7a2b7763f (#226)    
2026-05-28 14:54:14 🎁 Prepared block for proposing at 227 (2 ms) hash: 0x2e2e3fafe0bc7e1fe2fe9e53dd29865eb12e79fb58733c43dba23c18cf59a8c9; parent_hash: 0x1b07…763f; end: NoMoreTransactions; extrinsics_count: 2    
2026-05-28 14:54:14 Consensus with no RPC sender success: CreatedBlock { hash: 0x2e2e3fafe0bc7e1fe2fe9e53dd29865eb12e79fb58733c43dba23c18cf59a8c9, aux: ImportedAux { header_only: false, clear_justification_requests: false, needs_justification: false, bad_justification: false, is_new_best: true }, proof_size: 0 }    
2026-05-28 14:54:14 🏆 Imported #227 (0x1b07…763f → 0x2e2e…a8c9)    
2026-05-28 14:54:15 Current block number: 228    
2026-05-28 14:54:15 🙌 Starting consensus session on top of parent 0x2e2e3fafe0bc7e1fe2fe9e53dd29865eb12e79fb58733c43dba23c18cf59a8c9 (#227)    
2026-05-28 14:54:15 🎁 Prepared block for proposing at 228 (0 ms) hash: 0x0ff4e4766952899bf8c69f19bf0b743c2a89683f271a3e779f1a73c5a9ee7cbc; parent_hash: 0x2e2e…a8c9; end: NoMoreTransactions; extrinsics_count: 2    
2026-05-28 14:54:15 Consensus with no RPC sender success: CreatedBlock { hash: 0x0ff4e4766952899bf8c69f19bf0b743c2a89683f271a3e779f1a73c5a9ee7cbc, aux: ImportedAux { header_only: false, clear_justification_requests: false, needs_justification: false, bad_justification: false, is_new_best: true }, proof_size: 0 }    
2026-05-28 14:54:15 🏆 Imported #228 (0x2e2e…a8c9 → 0x0ff4…7cbc)    
2026-05-28 14:54:16 Current block number: 229    
2026-05-28 14:54:16 🙌 Starting consensus session on top of parent 0x0ff4e4766952899bf8c69f19bf0b743c2a89683f271a3e779f1a73c5a9ee7cbc (#228)    
2026-05-28 14:54:16 🎁 Prepared block for proposing at 229 (1 ms) hash: 0x51c9a51b26c7d0ecc8d259598c213189e31374f3395b2398cf641f2b2b91497b; parent_hash: 0x0ff4…7cbc; end: NoMoreTransactions; extrinsics_count: 2    
2026-05-28 14:54:16 Consensus with no RPC sender success: CreatedBlock { hash: 0x51c9a51b26c7d0ecc8d259598c213189e31374f3395b2398cf641f2b2b91497b, aux: ImportedAux { header_only: false, clear_justification_requests: false, needs_justification: false, bad_justification: false, is_new_best: true }, proof_size: 0 }    
2026-05-28 14:54:16 🏆 Imported #229 (0x0ff4…7cbc → 0x51c9…497b)    
2026-05-28 14:54:17 💤 Idle (0 peers), best: #229 (0x51c9…497b), finalized #229 (0x51c9…497b), ⬇ 0 ⬆ 0    
2026-05-28 14:54:17 Current block number: 230    
2026-05-28 14:54:17 🙌 Starting consensus session on top of parent 0x51c9a51b26c7d0ecc8d259598c213189e31374f3395b2398cf641f2b2b91497b (#229)    
2026-05-28 14:54:17 🎁 Prepared block for proposing at 230 (2 ms) hash: 0xd0757979f10d5019ad52fbd651f7d229801096397912d52e1294ab1fa85fe4cd; parent_hash: 0x51c9…497b; end: NoMoreTransactions; extrinsics_count: 2    
2026-05-28 14:54:17 Consensus with no RPC sender success: CreatedBlock { hash: 0xd0757979f10d5019ad52fbd651f7d229801096397912d52e1294ab1fa85fe4cd, aux: ImportedAux { header_only: false, clear_justification_requests: false, needs_justification: false, bad_justification: false, is_new_best: true }, proof_size: 0 }    
2026-05-28 14:54:17 🏆 Imported #230 (0x51c9…497b → 0xd075…e4cd)    
2026-05-28 14:54:18 Current block number: 231    
2026-05-28 14:54:18 🙌 Starting consensus session on top of parent 0xd0757979f10d5019ad52fbd651f7d229801096397912d52e1294ab1fa85fe4cd (#230)    
2026-05-28 14:54:18 🎁 Prepared block for proposing at 231 (1 ms) hash: 0x083e93bf76bcaaa4f38397bf8ec0fb84b10a15f73ab591f24a74a117d728a85c; parent_hash: 0xd075…e4cd; end: NoMoreTransactions; extrinsics_count: 2    
2026-05-28 14:54:18 Consensus with no RPC sender success: CreatedBlock { hash: 0x083e93bf76bcaaa4f38397bf8ec0fb84b10a15f73ab591f24a74a117d728a85c, aux: ImportedAux { header_only: false, clear_justification_requests: false, needs_justification: false, bad_justification: false, is_new_best: true }, proof_size: 0 }    
2026-05-28 14:54:18 🏆 Imported #231 (0xd075…e4cd → 0x083e…a85c)    
2026-05-28 14:54:19 Current block number: 232    
2026-05-28 14:54:19 🙌 Starting consensus session on top of parent 0x083e93bf76bcaaa4f38397bf8ec0fb84b10a15f73ab591f24a74a117d728a85c (#231)    
2026-05-28 14:54:19 🎁 Prepared block for proposing at 232 (3 ms) hash: 0x4ff8f5126f3c4a3887f7c9d35a7505ed8e86d02c131ff752fc42b0bfd8c12c58; parent_hash: 0x083e…a85c; end: NoMoreTransactions; extrinsics_count: 2    
2026-05-28 14:54:19 Consensus with no RPC sender success: CreatedBlock { hash: 0x4ff8f5126f3c4a3887f7c9d35a7505ed8e86d02c131ff752fc42b0bfd8c12c58, aux: ImportedAux { header_only: false, clear_justification_requests: false, needs_justification: false, bad_justification: false, is_new_best: true }, proof_size: 0 }    
2026-05-28 14:54:19 🏆 Imported #232 (0x083e…a85c → 0x4ff8…2c58)    
2026-05-28 14:54:20 Current block number: 233    
2026-05-28 14:54:20 🙌 Starting consensus session on top of parent 0x4ff8f5126f3c4a3887f7c9d35a7505ed8e86d02c131ff752fc42b0bfd8c12c58 (#232)    
2026-05-28 14:54:20 🎁 Prepared block for proposing at 233 (3 ms) hash: 0x036415b66cd683926fd7926aaf93d547df8ede66b8c624e86b8911af6ceba1a6; parent_hash: 0x4ff8…2c58; end: NoMoreTransactions; extrinsics_count: 2    
2026-05-28 14:54:20 Consensus with no RPC sender success: CreatedBlock { hash: 0x036415b66cd683926fd7926aaf93d547df8ede66b8c624e86b8911af6ceba1a6, aux: ImportedAux { header_only: false, clear_justification_requests: false, needs_justification: false, bad_justification: false, is_new_best: true }, proof_size: 0 }    
2026-05-28 14:54:20 🏆 Imported #233 (0x4ff8…2c58 → 0x0364…a1a6)    
2026-05-28 14:54:21 Current block number: 234    
2026-05-28 14:54:21 🙌 Starting consensus session on top of parent 0x036415b66cd683926fd7926aaf93d547df8ede66b8c624e86b8911af6ceba1a6 (#233)    
2026-05-28 14:54:21 🎁 Prepared block for proposing at 234 (1 ms) hash: 0x014c3f4cca8acbdbf028f5aaba23ddaf8aff354a427d5aebb99f3d2f75145eb3; parent_hash: 0x0364…a1a6; end: NoMoreTransactions; extrinsics_count: 2    
2026-05-28 14:54:21 Consensus with no RPC sender success: CreatedBlock { hash: 0x014c3f4cca8acbdbf028f5aaba23ddaf8aff354a427d5aebb99f3d2f75145eb3, aux: ImportedAux { header_only: false, clear_justification_requests: false, needs_justification: false, bad_justification: false, is_new_best: true }, proof_size: 0 }    
2026-05-28 14:54:21 🏆 Imported #234 (0x0364…a1a6 → 0x014c…5eb3)    
2026-05-28 14:54:22 💤 Idle (0 peers), best: #234 (0x014c…5eb3), finalized #234 (0x014c…5eb3), ⬇ 0 ⬆ 0    
2026-05-28 14:54:22 Current block number: 235    
2026-05-28 14:54:22 🙌 Starting consensus session on top of parent 0x014c3f4cca8acbdbf028f5aaba23ddaf8aff354a427d5aebb99f3d2f75145eb3 (#234)    
2026-05-28 14:54:22 🎁 Prepared block for proposing at 235 (4 ms) hash: 0xdf5f56555aa1d4f82469947574512043fff0422f2aa19e03f45cf5962b5d0919; parent_hash: 0x014c…5eb3; end: NoMoreTransactions; extrinsics_count: 2    
2026-05-28 14:54:22 Consensus with no RPC sender success: CreatedBlock { hash: 0xdf5f56555aa1d4f82469947574512043fff0422f2aa19e03f45cf5962b5d0919, aux: ImportedAux { header_only: false, clear_justification_requests: false, needs_justification: false, bad_justification: false, is_new_best: true }, proof_size: 0 }    
2026-05-28 14:54:22 🏆 Imported #235 (0x014c…5eb3 → 0xdf5f…0919)    
2026-05-28 14:54:23 Current block number: 236    
2026-05-28 14:54:23 🙌 Starting consensus session on top of parent 0xdf5f56555aa1d4f82469947574512043fff0422f2aa19e03f45cf5962b5d0919 (#235)    
2026-05-28 14:54:23 🎁 Prepared block for proposing at 236 (3 ms) hash: 0x6bc5d92bd5174c13c98c1b0d08b15958a8a0e30f5e5096f3fed8003df34c3c14; parent_hash: 0xdf5f…0919; end: NoMoreTransactions; extrinsics_count: 2    
2026-05-28 14:54:23 Consensus with no RPC sender success: CreatedBlock { hash: 0x6bc5d92bd5174c13c98c1b0d08b15958a8a0e30f5e5096f3fed8003df34c3c14, aux: ImportedAux { header_only: false, clear_justification_requests: false, needs_justification: false, bad_justification: false, is_new_best: true }, proof_size: 0 }    
2026-05-28 14:54:23 🏆 Imported #236 (0xdf5f…0919 → 0x6bc5…3c14)    
2026-05-28 14:54:24 Current block number: 237    
2026-05-28 14:54:24 🙌 Starting consensus session on top of parent 0x6bc5d92bd5174c13c98c1b0d08b15958a8a0e30f5e5096f3fed8003df34c3c14 (#236)    
2026-05-28 14:54:24 🎁 Prepared block for proposing at 237 (3 ms) hash: 0x1ac7dc54105e26b60ee636f5fb3dc5d63385c28d556622d51587ec758220c100; parent_hash: 0x6bc5…3c14; end: NoMoreTransactions; extrinsics_count: 2    
2026-05-28 14:54:24 Consensus with no RPC sender success: CreatedBlock { hash: 0x1ac7dc54105e26b60ee636f5fb3dc5d63385c28d556622d51587ec758220c100, aux: ImportedAux { header_only: false, clear_justification_requests: false, needs_justification: false, bad_justification: false, is_new_best: true }, proof_size: 0 }    
2026-05-28 14:54:24 🏆 Imported #237 (0x6bc5…3c14 → 0x1ac7…c100)    
2026-05-28 14:54:25 Current block number: 238    
2026-05-28 14:54:25 🙌 Starting consensus session on top of parent 0x1ac7dc54105e26b60ee636f5fb3dc5d63385c28d556622d51587ec758220c100 (#237)    
2026-05-28 14:54:25 🎁 Prepared block for proposing at 238 (1 ms) hash: 0x2acae500e3b02279034d20333fb4b4dbe333bfd0d159b9aea731d5269cfc0c40; parent_hash: 0x1ac7…c100; end: NoMoreTransactions; extrinsics_count: 2    
2026-05-28 14:54:25 Consensus with no RPC sender success: CreatedBlock { hash: 0x2acae500e3b02279034d20333fb4b4dbe333bfd0d159b9aea731d5269cfc0c40, aux: ImportedAux { header_only: false, clear_justification_requests: false, needs_justification: false, bad_justification: false, is_new_best: true }, proof_size: 0 }    
2026-05-28 14:54:25 🏆 Imported #238 (0x1ac7…c100 → 0x2aca…0c40)    
2026-05-28 14:54:26 Current block number: 239    
2026-05-28 14:54:26 🙌 Starting consensus session on top of parent 0x2acae500e3b02279034d20333fb4b4dbe333bfd0d159b9aea731d5269cfc0c40 (#238)    
2026-05-28 14:54:26 🎁 Prepared block for proposing at 239 (1 ms) hash: 0xb53bff11d92b84b87773576cbc2150c1350b756dd87e28f873d061f583e34aa4; parent_hash: 0x2aca…0c40; end: NoMoreTransactions; extrinsics_count: 2    
2026-05-28 14:54:26 Consensus with no RPC sender success: CreatedBlock { hash: 0xb53bff11d92b84b87773576cbc2150c1350b756dd87e28f873d061f583e34aa4, aux: ImportedAux { header_only: false, clear_justification_requests: false, needs_justification: false, bad_justification: false, is_new_best: true }, proof_size: 0 }    
2026-05-28 14:54:26 🏆 Imported #239 (0x2aca…0c40 → 0xb53b…4aa4)    
2026-05-28 14:54:27 💤 Idle (0 peers), best: #239 (0xb53b…4aa4), finalized #239 (0xb53b…4aa4), ⬇ 0 ⬆ 0    
2026-05-28 14:54:27 Current block number: 240    
2026-05-28 14:54:27 🙌 Starting consensus session on top of parent 0xb53bff11d92b84b87773576cbc2150c1350b756dd87e28f873d061f583e34aa4 (#239)    
2026-05-28 14:54:27 🎁 Prepared block for proposing at 240 (1 ms) hash: 0x0caa4a1b677e666203bee53f1ee223b939a08aa3c7e1af71ecbd2cd05515a34a; parent_hash: 0xb53b…4aa4; end: NoMoreTransactions; extrinsics_count: 2    
2026-05-28 14:54:27 Consensus with no RPC sender success: CreatedBlock { hash: 0x0caa4a1b677e666203bee53f1ee223b939a08aa3c7e1af71ecbd2cd05515a34a, aux: ImportedAux { header_only: false, clear_justification_requests: false, needs_justification: false, bad_justification: false, is_new_best: true }, proof_size: 0 }    
2026-05-28 14:54:27 🏆 Imported #240 (0xb53b…4aa4 → 0x0caa…a34a)    
2026-05-28 14:54:28 Current block number: 241    
2026-05-28 14:54:28 🙌 Starting consensus session on top of parent 0x0caa4a1b677e666203bee53f1ee223b939a08aa3c7e1af71ecbd2cd05515a34a (#240)    
2026-05-28 14:54:28 🎁 Prepared block for proposing at 241 (1 ms) hash: 0x08a3551afe7d04b73e366cb99206a69ab7d7c822b59f391ee67e2980d1226896; parent_hash: 0x0caa…a34a; end: NoMoreTransactions; extrinsics_count: 2    
2026-05-28 14:54:28 Consensus with no RPC sender success: CreatedBlock { hash: 0x08a3551afe7d04b73e366cb99206a69ab7d7c822b59f391ee67e2980d1226896, aux: ImportedAux { header_only: false, clear_justification_requests: false, needs_justification: false, bad_justification: false, is_new_best: true }, proof_size: 0 }    
2026-05-28 14:54:28 🏆 Imported #241 (0x0caa…a34a → 0x08a3…6896)    
2026-05-28 14:54:29 Current block number: 242    
2026-05-28 14:54:29 🙌 Starting consensus session on top of parent 0x08a3551afe7d04b73e366cb99206a69ab7d7c822b59f391ee67e2980d1226896 (#241)    
2026-05-28 14:54:29 🎁 Prepared block for proposing at 242 (4 ms) hash: 0x14f6f9e6cc548fda54a59b95449021f7c49cf804b6bdf815394067f298e27cde; parent_hash: 0x08a3…6896; end: NoMoreTransactions; extrinsics_count: 2    
2026-05-28 14:54:29 Consensus with no RPC sender success: CreatedBlock { hash: 0x14f6f9e6cc548fda54a59b95449021f7c49cf804b6bdf815394067f298e27cde, aux: ImportedAux { header_only: false, clear_justification_requests: false, needs_justification: false, bad_justification: false, is_new_best: true }, proof_size: 0 }    
2026-05-28 14:54:29 🏆 Imported #242 (0x08a3…6896 → 0x14f6…7cde)    
2026-05-28 14:54:30 Current block number: 243    
2026-05-28 14:54:30 🙌 Starting consensus session on top of parent 0x14f6f9e6cc548fda54a59b95449021f7c49cf804b6bdf815394067f298e27cde (#242)    
2026-05-28 14:54:30 🎁 Prepared block for proposing at 243 (1 ms) hash: 0x50c6d9dc11d89c4e128dd3f50f63c8a1a73d0fa3192d69c9fed790dfccc0a842; parent_hash: 0x14f6…7cde; end: NoMoreTransactions; extrinsics_count: 2    
2026-05-28 14:54:30 Consensus with no RPC sender success: CreatedBlock { hash: 0x50c6d9dc11d89c4e128dd3f50f63c8a1a73d0fa3192d69c9fed790dfccc0a842, aux: ImportedAux { header_only: false, clear_justification_requests: false, needs_justification: false, bad_justification: false, is_new_best: true }, proof_size: 0 }    
2026-05-28 14:54:30 🏆 Imported #243 (0x14f6…7cde → 0x50c6…a842)    
2026-05-28 14:54:31 Current block number: 244    
2026-05-28 14:54:31 🙌 Starting consensus session on top of parent 0x50c6d9dc11d89c4e128dd3f50f63c8a1a73d0fa3192d69c9fed790dfccc0a842 (#243)    
2026-05-28 14:54:31 🎁 Prepared block for proposing at 244 (3 ms) hash: 0x6dd49d6266841309e10de56ac4f1f5835f407ce181654c0a0ed05be7560ad5f1; parent_hash: 0x50c6…a842; end: NoMoreTransactions; extrinsics_count: 2    
2026-05-28 14:54:31 Consensus with no RPC sender success: CreatedBlock { hash: 0x6dd49d6266841309e10de56ac4f1f5835f407ce181654c0a0ed05be7560ad5f1, aux: ImportedAux { header_only: false, clear_justification_requests: false, needs_justification: false, bad_justification: false, is_new_best: true }, proof_size: 0 }    
2026-05-28 14:54:31 🏆 Imported #244 (0x50c6…a842 → 0x6dd4…d5f1)    
2026-05-28 14:54:32 💤 Idle (0 peers), best: #244 (0x6dd4…d5f1), finalized #244 (0x6dd4…d5f1), ⬇ 0 ⬆ 0    
2026-05-28 14:54:32 Current block number: 245    
2026-05-28 14:54:32 🙌 Starting consensus session on top of parent 0x6dd49d6266841309e10de56ac4f1f5835f407ce181654c0a0ed05be7560ad5f1 (#244)    
2026-05-28 14:54:32 🎁 Prepared block for proposing at 245 (4 ms) hash: 0x310f4b11a088ac1bba6ec6e58d6fcc618c218500d5ad22addc9a1756dd9058fe; parent_hash: 0x6dd4…d5f1; end: NoMoreTransactions; extrinsics_count: 2    
2026-05-28 14:54:32 Consensus with no RPC sender success: CreatedBlock { hash: 0x310f4b11a088ac1bba6ec6e58d6fcc618c218500d5ad22addc9a1756dd9058fe, aux: ImportedAux { header_only: false, clear_justification_requests: false, needs_justification: false, bad_justification: false, is_new_best: true }, proof_size: 0 }    
2026-05-28 14:54:32 🏆 Imported #245 (0x6dd4…d5f1 → 0x310f…58fe)    
2026-05-28 14:54:33 Current block number: 246    
2026-05-28 14:54:33 🙌 Starting consensus session on top of parent 0x310f4b11a088ac1bba6ec6e58d6fcc618c218500d5ad22addc9a1756dd9058fe (#245)    
2026-05-28 14:54:33 🎁 Prepared block for proposing at 246 (1 ms) hash: 0x1092f448a45c3dd9c74cd276440d3a58ba759ac36e3bcdc6e587e7337521d2a8; parent_hash: 0x310f…58fe; end: NoMoreTransactions; extrinsics_count: 2    
2026-05-28 14:54:33 Consensus with no RPC sender success: CreatedBlock { hash: 0x1092f448a45c3dd9c74cd276440d3a58ba759ac36e3bcdc6e587e7337521d2a8, aux: ImportedAux { header_only: false, clear_justification_requests: false, needs_justification: false, bad_justification: false, is_new_best: true }, proof_size: 0 }    
2026-05-28 14:54:33 🏆 Imported #246 (0x310f…58fe → 0x1092…d2a8)    
2026-05-28 14:54:34 Current block number: 247    
2026-05-28 14:54:34 🙌 Starting consensus session on top of parent 0x1092f448a45c3dd9c74cd276440d3a58ba759ac36e3bcdc6e587e7337521d2a8 (#246)    
2026-05-28 14:54:34 🎁 Prepared block for proposing at 247 (4 ms) hash: 0xc195f36aa938ed84a3ceca9addb6d1034425f3dcdfd6dbafecad60b12a6588be; parent_hash: 0x1092…d2a8; end: NoMoreTransactions; extrinsics_count: 2    
2026-05-28 14:54:34 Consensus with no RPC sender success: CreatedBlock { hash: 0xc195f36aa938ed84a3ceca9addb6d1034425f3dcdfd6dbafecad60b12a6588be, aux: ImportedAux { header_only: false, clear_justification_requests: false, needs_justification: false, bad_justification: false, is_new_best: true }, proof_size: 0 }    
2026-05-28 14:54:34 🏆 Imported #247 (0x1092…d2a8 → 0xc195…88be)    
2026-05-28 14:54:35 Current block number: 248    
2026-05-28 14:54:35 🙌 Starting consensus session on top of parent 0xc195f36aa938ed84a3ceca9addb6d1034425f3dcdfd6dbafecad60b12a6588be (#247)    
2026-05-28 14:54:35 🎁 Prepared block for proposing at 248 (1 ms) hash: 0x9ef21098e48eeb8e0c7aa280e30e7c604bf299fe2b4723e48f20b3e34203df79; parent_hash: 0xc195…88be; end: NoMoreTransactions; extrinsics_count: 2    
2026-05-28 14:54:35 Consensus with no RPC sender success: CreatedBlock { hash: 0x9ef21098e48eeb8e0c7aa280e30e7c604bf299fe2b4723e48f20b3e34203df79, aux: ImportedAux { header_only: false, clear_justification_requests: false, needs_justification: false, bad_justification: false, is_new_best: true }, proof_size: 0 }    
2026-05-28 14:54:35 🏆 Imported #248 (0xc195…88be → 0x9ef2…df79)    
2026-05-28 14:54:36 Current block number: 249    
2026-05-28 14:54:36 🙌 Starting consensus session on top of parent 0x9ef21098e48eeb8e0c7aa280e30e7c604bf299fe2b4723e48f20b3e34203df79 (#248)    
2026-05-28 14:54:36 🎁 Prepared block for proposing at 249 (3 ms) hash: 0x12bc0ffbb8283b074865dfbbd806cfb2cd98c37fc5a81931a1f87b3e342b51cd; parent_hash: 0x9ef2…df79; end: NoMoreTransactions; extrinsics_count: 2    
2026-05-28 14:54:36 Consensus with no RPC sender success: CreatedBlock { hash: 0x12bc0ffbb8283b074865dfbbd806cfb2cd98c37fc5a81931a1f87b3e342b51cd, aux: ImportedAux { header_only: false, clear_justification_requests: false, needs_justification: false, bad_justification: false, is_new_best: true }, proof_size: 0 }    
2026-05-28 14:54:36 🏆 Imported #249 (0x9ef2…df79 → 0x12bc…51cd)    
2026-05-28 14:54:37 💤 Idle (0 peers), best: #249 (0x12bc…51cd), finalized #249 (0x12bc…51cd), ⬇ 0 ⬆ 0    
2026-05-28 14:54:37 Current block number: 250    
2026-05-28 14:54:37 🙌 Starting consensus session on top of parent 0x12bc0ffbb8283b074865dfbbd806cfb2cd98c37fc5a81931a1f87b3e342b51cd (#249)    
2026-05-28 14:54:37 🎁 Prepared block for proposing at 250 (3 ms) hash: 0x3104d7840218ecdc6b962f2ed9ef8a16ddb0f9727ed70c643f5bfe0318f2ab7b; parent_hash: 0x12bc…51cd; end: NoMoreTransactions; extrinsics_count: 2    
2026-05-28 14:54:37 Consensus with no RPC sender success: CreatedBlock { hash: 0x3104d7840218ecdc6b962f2ed9ef8a16ddb0f9727ed70c643f5bfe0318f2ab7b, aux: ImportedAux { header_only: false, clear_justification_requests: false, needs_justification: false, bad_justification: false, is_new_best: true }, proof_size: 0 }    
2026-05-28 14:54:37 🏆 Imported #250 (0x12bc…51cd → 0x3104…ab7b)    
2026-05-28 14:54:38 Current block number: 251    
2026-05-28 14:54:38 🙌 Starting consensus session on top of parent 0x3104d7840218ecdc6b962f2ed9ef8a16ddb0f9727ed70c643f5bfe0318f2ab7b (#250)    
2026-05-28 14:54:38 🎁 Prepared block for proposing at 251 (5 ms) hash: 0x8e5c574863eebbdf94ff89243d8caa71b97a724ab499866eeb0a199c3df24269; parent_hash: 0x3104…ab7b; end: NoMoreTransactions; extrinsics_count: 2    
2026-05-28 14:54:38 Consensus with no RPC sender success: CreatedBlock { hash: 0x8e5c574863eebbdf94ff89243d8caa71b97a724ab499866eeb0a199c3df24269, aux: ImportedAux { header_only: false, clear_justification_requests: false, needs_justification: false, bad_justification: false, is_new_best: true }, proof_size: 0 }    
2026-05-28 14:54:38 🏆 Imported #251 (0x3104…ab7b → 0x8e5c…4269)    
2026-05-28 14:54:39 Current block number: 252    
2026-05-28 14:54:39 🙌 Starting consensus session on top of parent 0x8e5c574863eebbdf94ff89243d8caa71b97a724ab499866eeb0a199c3df24269 (#251)    
2026-05-28 14:54:39 🎁 Prepared block for proposing at 252 (4 ms) hash: 0x34a9b7cc887f92fd543128d80fa172d1904b6fa16c55933be1bb6e134e91f1d6; parent_hash: 0x8e5c…4269; end: NoMoreTransactions; extrinsics_count: 2    
2026-05-28 14:54:39 Consensus with no RPC sender success: CreatedBlock { hash: 0x34a9b7cc887f92fd543128d80fa172d1904b6fa16c55933be1bb6e134e91f1d6, aux: ImportedAux { header_only: false, clear_justification_requests: false, needs_justification: false, bad_justification: false, is_new_best: true }, proof_size: 0 }    
2026-05-28 14:54:39 🏆 Imported #252 (0x8e5c…4269 → 0x34a9…f1d6)    
2026-05-28 14:54:40 Current block number: 253    
2026-05-28 14:54:40 🙌 Starting consensus session on top of parent 0x34a9b7cc887f92fd543128d80fa172d1904b6fa16c55933be1bb6e134e91f1d6 (#252)    
2026-05-28 14:54:40 🎁 Prepared block for proposing at 253 (1 ms) hash: 0x5d719f7de35365b0a1d4093ff43039f4802957046486e55a4af233bdafde1f1d; parent_hash: 0x34a9…f1d6; end: NoMoreTransactions; extrinsics_count: 2    
2026-05-28 14:54:40 Consensus with no RPC sender success: CreatedBlock { hash: 0x5d719f7de35365b0a1d4093ff43039f4802957046486e55a4af233bdafde1f1d, aux: ImportedAux { header_only: false, clear_justification_requests: false, needs_justification: false, bad_justification: false, is_new_best: true }, proof_size: 0 }    
2026-05-28 14:54:40 🏆 Imported #253 (0x34a9…f1d6 → 0x5d71…1f1d)    
2026-05-28 14:54:41 Current block number: 254    
2026-05-28 14:54:41 🙌 Starting consensus session on top of parent 0x5d719f7de35365b0a1d4093ff43039f4802957046486e55a4af233bdafde1f1d (#253)    
2026-05-28 14:54:41 🎁 Prepared block for proposing at 254 (1 ms) hash: 0x721152130f161644c49c64a015934ac6dcd04e24e6f0afe156c419c0f393a02f; parent_hash: 0x5d71…1f1d; end: NoMoreTransactions; extrinsics_count: 2    
2026-05-28 14:54:41 Consensus with no RPC sender success: CreatedBlock { hash: 0x721152130f161644c49c64a015934ac6dcd04e24e6f0afe156c419c0f393a02f, aux: ImportedAux { header_only: false, clear_justification_requests: false, needs_justification: false, bad_justification: false, is_new_best: true }, proof_size: 0 }    
2026-05-28 14:54:41 🏆 Imported #254 (0x5d71…1f1d → 0x7211…a02f)    
2026-05-28 14:54:42 💤 Idle (0 peers), best: #254 (0x7211…a02f), finalized #254 (0x7211…a02f), ⬇ 0 ⬆ 0    
2026-05-28 14:54:42 Current block number: 255    
2026-05-28 14:54:42 🙌 Starting consensus session on top of parent 0x721152130f161644c49c64a015934ac6dcd04e24e6f0afe156c419c0f393a02f (#254)    
2026-05-28 14:54:42 🎁 Prepared block for proposing at 255 (5 ms) hash: 0x38b2fe7b3d865d118b35773d3a31825596a8f840e7341fb1300cb445b0a1a288; parent_hash: 0x7211…a02f; end: NoMoreTransactions; extrinsics_count: 2    
2026-05-28 14:54:42 Consensus with no RPC sender success: CreatedBlock { hash: 0x38b2fe7b3d865d118b35773d3a31825596a8f840e7341fb1300cb445b0a1a288, aux: ImportedAux { header_only: false, clear_justification_requests: false, needs_justification: false, bad_justification: false, is_new_best: true }, proof_size: 0 }    
2026-05-28 14:54:42 🏆 Imported #255 (0x7211…a02f → 0x38b2…a288)    
2026-05-28 14:54:43 Current block number: 256    
2026-05-28 14:54:43 🙌 Starting consensus session on top of parent 0x38b2fe7b3d865d118b35773d3a31825596a8f840e7341fb1300cb445b0a1a288 (#255)    
2026-05-28 14:54:43 🎁 Prepared block for proposing at 256 (4 ms) hash: 0x388f2134b9e4ad1284aa22e9ba8c7d2da0a80fdb61f48ab1e282076aca4b0255; parent_hash: 0x38b2…a288; end: NoMoreTransactions; extrinsics_count: 2    
2026-05-28 14:54:43 Consensus with no RPC sender success: CreatedBlock { hash: 0x388f2134b9e4ad1284aa22e9ba8c7d2da0a80fdb61f48ab1e282076aca4b0255, aux: ImportedAux { header_only: false, clear_justification_requests: false, needs_justification: false, bad_justification: false, is_new_best: true }, proof_size: 0 }    
2026-05-28 14:54:43 🏆 Imported #256 (0x38b2…a288 → 0x388f…0255)    
2026-05-28 14:54:44 Current block number: 257    
2026-05-28 14:54:44 🙌 Starting consensus session on top of parent 0x388f2134b9e4ad1284aa22e9ba8c7d2da0a80fdb61f48ab1e282076aca4b0255 (#256)    
2026-05-28 14:54:44 🎁 Prepared block for proposing at 257 (3 ms) hash: 0xdf56a330053595b055c7d5a82580bf1fd7c3104384ba78041e8f8bd7c69b1960; parent_hash: 0x388f…0255; end: NoMoreTransactions; extrinsics_count: 2    
2026-05-28 14:54:44 Consensus with no RPC sender success: CreatedBlock { hash: 0xdf56a330053595b055c7d5a82580bf1fd7c3104384ba78041e8f8bd7c69b1960, aux: ImportedAux { header_only: false, clear_justification_requests: false, needs_justification: false, bad_justification: false, is_new_best: true }, proof_size: 0 }    
2026-05-28 14:54:44 🏆 Imported #257 (0x388f…0255 → 0xdf56…1960)    
2026-05-28 14:54:45 Current block number: 258    
2026-05-28 14:54:45 🙌 Starting consensus session on top of parent 0xdf56a330053595b055c7d5a82580bf1fd7c3104384ba78041e8f8bd7c69b1960 (#257)    
2026-05-28 14:54:45 🎁 Prepared block for proposing at 258 (3 ms) hash: 0xab43bebffde6230e72aae15c623c9a2b8159b900e30a4b711b357909bafc6967; parent_hash: 0xdf56…1960; end: NoMoreTransactions; extrinsics_count: 2    
2026-05-28 14:54:45 Consensus with no RPC sender success: CreatedBlock { hash: 0xab43bebffde6230e72aae15c623c9a2b8159b900e30a4b711b357909bafc6967, aux: ImportedAux { header_only: false, clear_justification_requests: false, needs_justification: false, bad_justification: false, is_new_best: true }, proof_size: 0 }    
2026-05-28 14:54:45 🏆 Imported #258 (0xdf56…1960 → 0xab43…6967)    
2026-05-28 14:54:46 Current block number: 259    
2026-05-28 14:54:46 🙌 Starting consensus session on top of parent 0xab43bebffde6230e72aae15c623c9a2b8159b900e30a4b711b357909bafc6967 (#258)    
2026-05-28 14:54:46 🎁 Prepared block for proposing at 259 (3 ms) hash: 0xb81c1610d1c1ca9f92303f3e23caca5bd8017286fac8c281a506ac91fc1a4ae6; parent_hash: 0xab43…6967; end: NoMoreTransactions; extrinsics_count: 2    
2026-05-28 14:54:46 Consensus with no RPC sender success: CreatedBlock { hash: 0xb81c1610d1c1ca9f92303f3e23caca5bd8017286fac8c281a506ac91fc1a4ae6, aux: ImportedAux { header_only: false, clear_justification_requests: false, needs_justification: false, bad_justification: false, is_new_best: true }, proof_size: 0 }    
2026-05-28 14:54:46 🏆 Imported #259 (0xab43…6967 → 0xb81c…4ae6)    
2026-05-28 14:54:47 💤 Idle (0 peers), best: #259 (0xb81c…4ae6), finalized #259 (0xb81c…4ae6), ⬇ 0 ⬆ 0    
2026-05-28 14:54:47 Current block number: 260    
2026-05-28 14:54:47 🙌 Starting consensus session on top of parent 0xb81c1610d1c1ca9f92303f3e23caca5bd8017286fac8c281a506ac91fc1a4ae6 (#259)    
2026-05-28 14:54:47 🎁 Prepared block for proposing at 260 (2 ms) hash: 0xf38706b649339fa4af614d048bd7f3198b8113083c1ab5f925a37e2dd29b6185; parent_hash: 0xb81c…4ae6; end: NoMoreTransactions; extrinsics_count: 2    
2026-05-28 14:54:47 Consensus with no RPC sender success: CreatedBlock { hash: 0xf38706b649339fa4af614d048bd7f3198b8113083c1ab5f925a37e2dd29b6185, aux: ImportedAux { header_only: false, clear_justification_requests: false, needs_justification: false, bad_justification: false, is_new_best: true }, proof_size: 0 }    
2026-05-28 14:54:47 🏆 Imported #260 (0xb81c…4ae6 → 0xf387…6185)    
2026-05-28 14:54:48 Current block number: 261    
2026-05-28 14:54:48 🙌 Starting consensus session on top of parent 0xf38706b649339fa4af614d048bd7f3198b8113083c1ab5f925a37e2dd29b6185 (#260)    
2026-05-28 14:54:48 🎁 Prepared block for proposing at 261 (3 ms) hash: 0xe79a3ac244332c6444a7b6a7a4708ce70ac465686ef61dbd633336377d20a502; parent_hash: 0xf387…6185; end: NoMoreTransactions; extrinsics_count: 2    
2026-05-28 14:54:48 Consensus with no RPC sender success: CreatedBlock { hash: 0xe79a3ac244332c6444a7b6a7a4708ce70ac465686ef61dbd633336377d20a502, aux: ImportedAux { header_only: false, clear_justification_requests: false, needs_justification: false, bad_justification: false, is_new_best: true }, proof_size: 0 }    
2026-05-28 14:54:48 🏆 Imported #261 (0xf387…6185 → 0xe79a…a502)    
2026-05-28 14:54:49 Current block number: 262    
2026-05-28 14:54:49 🙌 Starting consensus session on top of parent 0xe79a3ac244332c6444a7b6a7a4708ce70ac465686ef61dbd633336377d20a502 (#261)    
2026-05-28 14:54:49 🎁 Prepared block for proposing at 262 (5 ms) hash: 0xf91a6ebaae3b178ccef71989b329e733e813f1e8613925a3710dd05beb65fb3a; parent_hash: 0xe79a…a502; end: NoMoreTransactions; extrinsics_count: 2    
2026-05-28 14:54:49 Consensus with no RPC sender success: CreatedBlock { hash: 0xf91a6ebaae3b178ccef71989b329e733e813f1e8613925a3710dd05beb65fb3a, aux: ImportedAux { header_only: false, clear_justification_requests: false, needs_justification: false, bad_justification: false, is_new_best: true }, proof_size: 0 }    
2026-05-28 14:54:49 🏆 Imported #262 (0xe79a…a502 → 0xf91a…fb3a)    
2026-05-28 14:54:50 Current block number: 263    
2026-05-28 14:54:50 🙌 Starting consensus session on top of parent 0xf91a6ebaae3b178ccef71989b329e733e813f1e8613925a3710dd05beb65fb3a (#262)    
2026-05-28 14:54:50 🎁 Prepared block for proposing at 263 (3 ms) hash: 0x68d0bcc10997c7cbd70a84319c7b8ef4fbc63f3f9957f2bc259d7bdab6fc33c6; parent_hash: 0xf91a…fb3a; end: NoMoreTransactions; extrinsics_count: 2    
2026-05-28 14:54:50 Consensus with no RPC sender success: CreatedBlock { hash: 0x68d0bcc10997c7cbd70a84319c7b8ef4fbc63f3f9957f2bc259d7bdab6fc33c6, aux: ImportedAux { header_only: false, clear_justification_requests: false, needs_justification: false, bad_justification: false, is_new_best: true }, proof_size: 0 }    
2026-05-28 14:54:50 🏆 Imported #263 (0xf91a…fb3a → 0x68d0…33c6)    
2026-05-28 14:54:51 Current block number: 264    
2026-05-28 14:54:51 🙌 Starting consensus session on top of parent 0x68d0bcc10997c7cbd70a84319c7b8ef4fbc63f3f9957f2bc259d7bdab6fc33c6 (#263)    
2026-05-28 14:54:51 🎁 Prepared block for proposing at 264 (1 ms) hash: 0x9cf71f6e0232db61ea4b7486340821223806ec30f8b2cb1cbc427381dc569bac; parent_hash: 0x68d0…33c6; end: NoMoreTransactions; extrinsics_count: 2    
2026-05-28 14:54:51 Consensus with no RPC sender success: CreatedBlock { hash: 0x9cf71f6e0232db61ea4b7486340821223806ec30f8b2cb1cbc427381dc569bac, aux: ImportedAux { header_only: false, clear_justification_requests: false, needs_justification: false, bad_justification: false, is_new_best: true }, proof_size: 0 }    
2026-05-28 14:54:51 🏆 Imported #264 (0x68d0…33c6 → 0x9cf7…9bac)    
2026-05-28 14:54:52 💤 Idle (0 peers), best: #264 (0x9cf7…9bac), finalized #264 (0x9cf7…9bac), ⬇ 0 ⬆ 0    
2026-05-28 14:54:52 Current block number: 265    
2026-05-28 14:54:52 🙌 Starting consensus session on top of parent 0x9cf71f6e0232db61ea4b7486340821223806ec30f8b2cb1cbc427381dc569bac (#264)    
2026-05-28 14:54:52 🎁 Prepared block for proposing at 265 (2 ms) hash: 0x8c758fdc4e9396513e29be1566dc3a04238a558d119c4168ba7912c3d15ccca9; parent_hash: 0x9cf7…9bac; end: NoMoreTransactions; extrinsics_count: 2    
2026-05-28 14:54:52 Consensus with no RPC sender success: CreatedBlock { hash: 0x8c758fdc4e9396513e29be1566dc3a04238a558d119c4168ba7912c3d15ccca9, aux: ImportedAux { header_only: false, clear_justification_requests: false, needs_justification: false, bad_justification: false, is_new_best: true }, proof_size: 0 }    
2026-05-28 14:54:52 🏆 Imported #265 (0x9cf7…9bac → 0x8c75…cca9)    
2026-05-28 14:54:53 Current block number: 266    
2026-05-28 14:54:53 🙌 Starting consensus session on top of parent 0x8c758fdc4e9396513e29be1566dc3a04238a558d119c4168ba7912c3d15ccca9 (#265)    
2026-05-28 14:54:53 🎁 Prepared block for proposing at 266 (2 ms) hash: 0xed32ce2b91c18251c7da3c7c0e9ecbd254463089e3efd4f143e36b008f7c64f2; parent_hash: 0x8c75…cca9; end: NoMoreTransactions; extrinsics_count: 2    
2026-05-28 14:54:53 Consensus with no RPC sender success: CreatedBlock { hash: 0xed32ce2b91c18251c7da3c7c0e9ecbd254463089e3efd4f143e36b008f7c64f2, aux: ImportedAux { header_only: false, clear_justification_requests: false, needs_justification: false, bad_justification: false, is_new_best: true }, proof_size: 0 }    
2026-05-28 14:54:53 🏆 Imported #266 (0x8c75…cca9 → 0xed32…64f2)    
2026-05-28 14:54:54 Current block number: 267    
2026-05-28 14:54:54 🙌 Starting consensus session on top of parent 0xed32ce2b91c18251c7da3c7c0e9ecbd254463089e3efd4f143e36b008f7c64f2 (#266)    
2026-05-28 14:54:54 🎁 Prepared block for proposing at 267 (1 ms) hash: 0x9ffc920eb3457d4ab435eb289085a9a28c3fe32af6062467a72e6e5878f9e87c; parent_hash: 0xed32…64f2; end: NoMoreTransactions; extrinsics_count: 2    
2026-05-28 14:54:54 Consensus with no RPC sender success: CreatedBlock { hash: 0x9ffc920eb3457d4ab435eb289085a9a28c3fe32af6062467a72e6e5878f9e87c, aux: ImportedAux { header_only: false, clear_justification_requests: false, needs_justification: false, bad_justification: false, is_new_best: true }, proof_size: 0 }    
2026-05-28 14:54:54 🏆 Imported #267 (0xed32…64f2 → 0x9ffc…e87c)    
2026-05-28 14:54:55 Current block number: 268    
2026-05-28 14:54:55 🙌 Starting consensus session on top of parent 0x9ffc920eb3457d4ab435eb289085a9a28c3fe32af6062467a72e6e5878f9e87c (#267)    
2026-05-28 14:54:55 🎁 Prepared block for proposing at 268 (3 ms) hash: 0x4ba332161adb9407958eaabba80904269f8e20f5a3950befe2e61ee4f833286f; parent_hash: 0x9ffc…e87c; end: NoMoreTransactions; extrinsics_count: 2    
2026-05-28 14:54:55 Consensus with no RPC sender success: CreatedBlock { hash: 0x4ba332161adb9407958eaabba80904269f8e20f5a3950befe2e61ee4f833286f, aux: ImportedAux { header_only: false, clear_justification_requests: false, needs_justification: false, bad_justification: false, is_new_best: true }, proof_size: 0 }    
2026-05-28 14:54:55 🏆 Imported #268 (0x9ffc…e87c → 0x4ba3…286f)    
2026-05-28 14:54:56 Current block number: 269    
2026-05-28 14:54:56 🙌 Starting consensus session on top of parent 0x4ba332161adb9407958eaabba80904269f8e20f5a3950befe2e61ee4f833286f (#268)    
2026-05-28 14:54:56 🎁 Prepared block for proposing at 269 (1 ms) hash: 0x7dfa9d1efa95a233c85c78aa88fc22cdf77cff4f175548dd1a2a1f662d23896b; parent_hash: 0x4ba3…286f; end: NoMoreTransactions; extrinsics_count: 2    
2026-05-28 14:54:56 Consensus with no RPC sender success: CreatedBlock { hash: 0x7dfa9d1efa95a233c85c78aa88fc22cdf77cff4f175548dd1a2a1f662d23896b, aux: ImportedAux { header_only: false, clear_justification_requests: false, needs_justification: false, bad_justification: false, is_new_best: true }, proof_size: 0 }    
2026-05-28 14:54:56 🏆 Imported #269 (0x4ba3…286f → 0x7dfa…896b)    
2026-05-28 14:54:57 💤 Idle (0 peers), best: #269 (0x7dfa…896b), finalized #269 (0x7dfa…896b), ⬇ 0 ⬆ 0    
2026-05-28 14:54:57 Current block number: 270    
2026-05-28 14:54:57 🙌 Starting consensus session on top of parent 0x7dfa9d1efa95a233c85c78aa88fc22cdf77cff4f175548dd1a2a1f662d23896b (#269)    
2026-05-28 14:54:57 🎁 Prepared block for proposing at 270 (3 ms) hash: 0xd6ddb8c7af9327c1d9aa6ac4303d4ab98e826e20bdb9a4b9e23dc3f7b059721d; parent_hash: 0x7dfa…896b; end: NoMoreTransactions; extrinsics_count: 2    
2026-05-28 14:54:57 Consensus with no RPC sender success: CreatedBlock { hash: 0xd6ddb8c7af9327c1d9aa6ac4303d4ab98e826e20bdb9a4b9e23dc3f7b059721d, aux: ImportedAux { header_only: false, clear_justification_requests: false, needs_justification: false, bad_justification: false, is_new_best: true }, proof_size: 0 }    
2026-05-28 14:54:57 🏆 Imported #270 (0x7dfa…896b → 0xd6dd…721d)    
2026-05-28 14:54:58 Current block number: 271    
2026-05-28 14:54:58 🙌 Starting consensus session on top of parent 0xd6ddb8c7af9327c1d9aa6ac4303d4ab98e826e20bdb9a4b9e23dc3f7b059721d (#270)    
2026-05-28 14:54:58 🎁 Prepared block for proposing at 271 (3 ms) hash: 0x7e312fff65eb5f32c388a3067768fcad21d883c2a002d2cab8db073c842490cd; parent_hash: 0xd6dd…721d; end: NoMoreTransactions; extrinsics_count: 2    
2026-05-28 14:54:58 Consensus with no RPC sender success: CreatedBlock { hash: 0x7e312fff65eb5f32c388a3067768fcad21d883c2a002d2cab8db073c842490cd, aux: ImportedAux { header_only: false, clear_justification_requests: false, needs_justification: false, bad_justification: false, is_new_best: true }, proof_size: 0 }    
2026-05-28 14:54:58 🏆 Imported #271 (0xd6dd…721d → 0x7e31…90cd)    
2026-05-28 14:54:59 Current block number: 272    
2026-05-28 14:54:59 🙌 Starting consensus session on top of parent 0x7e312fff65eb5f32c388a3067768fcad21d883c2a002d2cab8db073c842490cd (#271)    
2026-05-28 14:54:59 🎁 Prepared block for proposing at 272 (4 ms) hash: 0x5ef710e44f27135b1683162ba9d16126d840910cf975c5d8ce21899d5acd0691; parent_hash: 0x7e31…90cd; end: NoMoreTransactions; extrinsics_count: 2    
2026-05-28 14:54:59 Consensus with no RPC sender success: CreatedBlock { hash: 0x5ef710e44f27135b1683162ba9d16126d840910cf975c5d8ce21899d5acd0691, aux: ImportedAux { header_only: false, clear_justification_requests: false, needs_justification: false, bad_justification: false, is_new_best: true }, proof_size: 0 }    
2026-05-28 14:54:59 🏆 Imported #272 (0x7e31…90cd → 0x5ef7…0691)    
2026-05-28 14:55:00 Current block number: 273    
2026-05-28 14:55:00 🙌 Starting consensus session on top of parent 0x5ef710e44f27135b1683162ba9d16126d840910cf975c5d8ce21899d5acd0691 (#272)    
2026-05-28 14:55:00 🎁 Prepared block for proposing at 273 (3 ms) hash: 0x21aea55a4f6c6ad46fe297ebe2e0f13350f5620a0342fdef954914ca318c5804; parent_hash: 0x5ef7…0691; end: NoMoreTransactions; extrinsics_count: 2    
2026-05-28 14:55:00 Consensus with no RPC sender success: CreatedBlock { hash: 0x21aea55a4f6c6ad46fe297ebe2e0f13350f5620a0342fdef954914ca318c5804, aux: ImportedAux { header_only: false, clear_justification_requests: false, needs_justification: false, bad_justification: false, is_new_best: true }, proof_size: 0 }    
2026-05-28 14:55:00 🏆 Imported #273 (0x5ef7…0691 → 0x21ae…5804)    
2026-05-28 14:55:01 Current block number: 274    
2026-05-28 14:55:01 🙌 Starting consensus session on top of parent 0x21aea55a4f6c6ad46fe297ebe2e0f13350f5620a0342fdef954914ca318c5804 (#273)    
2026-05-28 14:55:01 🎁 Prepared block for proposing at 274 (2 ms) hash: 0xc11262203c89f382d2fb0ad38b53108f64f688d61359cd7c17c1c0b1c4e44a02; parent_hash: 0x21ae…5804; end: NoMoreTransactions; extrinsics_count: 2    
2026-05-28 14:55:01 Consensus with no RPC sender success: CreatedBlock { hash: 0xc11262203c89f382d2fb0ad38b53108f64f688d61359cd7c17c1c0b1c4e44a02, aux: ImportedAux { header_only: false, clear_justification_requests: false, needs_justification: false, bad_justification: false, is_new_best: true }, proof_size: 0 }    
2026-05-28 14:55:01 🏆 Imported #274 (0x21ae…5804 → 0xc112…4a02)    
2026-05-28 14:55:02 💤 Idle (0 peers), best: #274 (0xc112…4a02), finalized #274 (0xc112…4a02), ⬇ 0 ⬆ 0    
2026-05-28 14:55:02 Current block number: 275    
2026-05-28 14:55:02 🙌 Starting consensus session on top of parent 0xc11262203c89f382d2fb0ad38b53108f64f688d61359cd7c17c1c0b1c4e44a02 (#274)    
2026-05-28 14:55:02 🎁 Prepared block for proposing at 275 (1 ms) hash: 0x672610fcbf1d3e0428aac221ce5ae6df3f42d5ad333565a8470b084497e9895f; parent_hash: 0xc112…4a02; end: NoMoreTransactions; extrinsics_count: 2    
2026-05-28 14:55:02 Consensus with no RPC sender success: CreatedBlock { hash: 0x672610fcbf1d3e0428aac221ce5ae6df3f42d5ad333565a8470b084497e9895f, aux: ImportedAux { header_only: false, clear_justification_requests: false, needs_justification: false, bad_justification: false, is_new_best: true }, proof_size: 0 }    
2026-05-28 14:55:02 🏆 Imported #275 (0xc112…4a02 → 0x6726…895f)    
2026-05-28 14:55:03 Current block number: 276    
2026-05-28 14:55:03 🙌 Starting consensus session on top of parent 0x672610fcbf1d3e0428aac221ce5ae6df3f42d5ad333565a8470b084497e9895f (#275)    
2026-05-28 14:55:03 🎁 Prepared block for proposing at 276 (3 ms) hash: 0xa229a8fae70bcd60e057da90072d115691a9a22aed4f2e2aa6b6e825aae84185; parent_hash: 0x6726…895f; end: NoMoreTransactions; extrinsics_count: 2    
2026-05-28 14:55:03 Consensus with no RPC sender success: CreatedBlock { hash: 0xa229a8fae70bcd60e057da90072d115691a9a22aed4f2e2aa6b6e825aae84185, aux: ImportedAux { header_only: false, clear_justification_requests: false, needs_justification: false, bad_justification: false, is_new_best: true }, proof_size: 0 }    
2026-05-28 14:55:03 🏆 Imported #276 (0x6726…895f → 0xa229…4185)    
2026-05-28 14:55:04 Current block number: 277    
2026-05-28 14:55:04 🙌 Starting consensus session on top of parent 0xa229a8fae70bcd60e057da90072d115691a9a22aed4f2e2aa6b6e825aae84185 (#276)    
2026-05-28 14:55:04 🎁 Prepared block for proposing at 277 (2 ms) hash: 0xb0e21ef2072b134c7cd25318c870a54fcd256630c63641eb9b5eb6bde9f6c3c4; parent_hash: 0xa229…4185; end: NoMoreTransactions; extrinsics_count: 2    
2026-05-28 14:55:04 Consensus with no RPC sender success: CreatedBlock { hash: 0xb0e21ef2072b134c7cd25318c870a54fcd256630c63641eb9b5eb6bde9f6c3c4, aux: ImportedAux { header_only: false, clear_justification_requests: false, needs_justification: false, bad_justification: false, is_new_best: true }, proof_size: 0 }    
2026-05-28 14:55:04 🏆 Imported #277 (0xa229…4185 → 0xb0e2…c3c4)    
2026-05-28 14:55:05 Current block number: 278    
2026-05-28 14:55:05 🙌 Starting consensus session on top of parent 0xb0e21ef2072b134c7cd25318c870a54fcd256630c63641eb9b5eb6bde9f6c3c4 (#277)    
2026-05-28 14:55:05 🎁 Prepared block for proposing at 278 (1 ms) hash: 0x6cdfbffc1bb52437092c7bdc8bbcc15017eb0619e7b5e893608dcd3712aa28c7; parent_hash: 0xb0e2…c3c4; end: NoMoreTransactions; extrinsics_count: 2    
2026-05-28 14:55:05 Consensus with no RPC sender success: CreatedBlock { hash: 0x6cdfbffc1bb52437092c7bdc8bbcc15017eb0619e7b5e893608dcd3712aa28c7, aux: ImportedAux { header_only: false, clear_justification_requests: false, needs_justification: false, bad_justification: false, is_new_best: true }, proof_size: 0 }    
2026-05-28 14:55:05 🏆 Imported #278 (0xb0e2…c3c4 → 0x6cdf…28c7)    
2026-05-28 14:55:06 Current block number: 279    
2026-05-28 14:55:06 🙌 Starting consensus session on top of parent 0x6cdfbffc1bb52437092c7bdc8bbcc15017eb0619e7b5e893608dcd3712aa28c7 (#278)    
2026-05-28 14:55:06 🎁 Prepared block for proposing at 279 (2 ms) hash: 0x9749e4c68cd0770b71cbecd713e91978ad331906237ebdd6566fa79999775e60; parent_hash: 0x6cdf…28c7; end: NoMoreTransactions; extrinsics_count: 2    
2026-05-28 14:55:06 Consensus with no RPC sender success: CreatedBlock { hash: 0x9749e4c68cd0770b71cbecd713e91978ad331906237ebdd6566fa79999775e60, aux: ImportedAux { header_only: false, clear_justification_requests: false, needs_justification: false, bad_justification: false, is_new_best: true }, proof_size: 0 }    
2026-05-28 14:55:06 🏆 Imported #279 (0x6cdf…28c7 → 0x9749…5e60)    
2026-05-28 14:55:07 💤 Idle (0 peers), best: #279 (0x9749…5e60), finalized #279 (0x9749…5e60), ⬇ 0 ⬆ 0    
2026-05-28 14:55:07 Current block number: 280    
2026-05-28 14:55:07 🙌 Starting consensus session on top of parent 0x9749e4c68cd0770b71cbecd713e91978ad331906237ebdd6566fa79999775e60 (#279)    
2026-05-28 14:55:07 🎁 Prepared block for proposing at 280 (2 ms) hash: 0x09064c7df089522732194ea690d7ef0359290f6689db0565b9b52eb51c46ed62; parent_hash: 0x9749…5e60; end: NoMoreTransactions; extrinsics_count: 2    
2026-05-28 14:55:07 Consensus with no RPC sender success: CreatedBlock { hash: 0x09064c7df089522732194ea690d7ef0359290f6689db0565b9b52eb51c46ed62, aux: ImportedAux { header_only: false, clear_justification_requests: false, needs_justification: false, bad_justification: false, is_new_best: true }, proof_size: 0 }    
2026-05-28 14:55:07 🏆 Imported #280 (0x9749…5e60 → 0x0906…ed62)    
2026-05-28 14:55:08 Current block number: 281    
2026-05-28 14:55:08 🙌 Starting consensus session on top of parent 0x09064c7df089522732194ea690d7ef0359290f6689db0565b9b52eb51c46ed62 (#280)    
2026-05-28 14:55:08 🎁 Prepared block for proposing at 281 (4 ms) hash: 0xb106fc4a48f4e47f2a8e23791d4a088654bc387bc7d761260e2d892a84af9f6e; parent_hash: 0x0906…ed62; end: NoMoreTransactions; extrinsics_count: 2    
2026-05-28 14:55:08 Consensus with no RPC sender success: CreatedBlock { hash: 0xb106fc4a48f4e47f2a8e23791d4a088654bc387bc7d761260e2d892a84af9f6e, aux: ImportedAux { header_only: false, clear_justification_requests: false, needs_justification: false, bad_justification: false, is_new_best: true }, proof_size: 0 }    
2026-05-28 14:55:08 🏆 Imported #281 (0x0906…ed62 → 0xb106…9f6e)    
2026-05-28 14:55:09 Current block number: 282    
2026-05-28 14:55:09 🙌 Starting consensus session on top of parent 0xb106fc4a48f4e47f2a8e23791d4a088654bc387bc7d761260e2d892a84af9f6e (#281)    
2026-05-28 14:55:09 🎁 Prepared block for proposing at 282 (1 ms) hash: 0x5ce1ff863c8e455a27c3f4e067ebe730f416fd7c18c85039281011e031b8c194; parent_hash: 0xb106…9f6e; end: NoMoreTransactions; extrinsics_count: 2    
2026-05-28 14:55:09 Consensus with no RPC sender success: CreatedBlock { hash: 0x5ce1ff863c8e455a27c3f4e067ebe730f416fd7c18c85039281011e031b8c194, aux: ImportedAux { header_only: false, clear_justification_requests: false, needs_justification: false, bad_justification: false, is_new_best: true }, proof_size: 0 }    
2026-05-28 14:55:09 🏆 Imported #282 (0xb106…9f6e → 0x5ce1…c194)    
2026-05-28 14:55:10 Current block number: 283    
2026-05-28 14:55:10 🙌 Starting consensus session on top of parent 0x5ce1ff863c8e455a27c3f4e067ebe730f416fd7c18c85039281011e031b8c194 (#282)    
2026-05-28 14:55:10 🎁 Prepared block for proposing at 283 (3 ms) hash: 0x0a543dd36a3cb4562c00ca905ba72134dbfaf49055a9798dd91a1f97f7243dc4; parent_hash: 0x5ce1…c194; end: NoMoreTransactions; extrinsics_count: 2    
2026-05-28 14:55:10 Consensus with no RPC sender success: CreatedBlock { hash: 0x0a543dd36a3cb4562c00ca905ba72134dbfaf49055a9798dd91a1f97f7243dc4, aux: ImportedAux { header_only: false, clear_justification_requests: false, needs_justification: false, bad_justification: false, is_new_best: true }, proof_size: 0 }    
2026-05-28 14:55:10 🏆 Imported #283 (0x5ce1…c194 → 0x0a54…3dc4)    
2026-05-28 14:55:11 Current block number: 284    
2026-05-28 14:55:11 🙌 Starting consensus session on top of parent 0x0a543dd36a3cb4562c00ca905ba72134dbfaf49055a9798dd91a1f97f7243dc4 (#283)    
2026-05-28 14:55:11 🎁 Prepared block for proposing at 284 (1 ms) hash: 0xf5c87edec5cd3733eccbf2eeb8d4570e48eebda9f4b93b1cbe4adbe7ca4a1c15; parent_hash: 0x0a54…3dc4; end: NoMoreTransactions; extrinsics_count: 2    
2026-05-28 14:55:11 Consensus with no RPC sender success: CreatedBlock { hash: 0xf5c87edec5cd3733eccbf2eeb8d4570e48eebda9f4b93b1cbe4adbe7ca4a1c15, aux: ImportedAux { header_only: false, clear_justification_requests: false, needs_justification: false, bad_justification: false, is_new_best: true }, proof_size: 0 }    
2026-05-28 14:55:11 🏆 Imported #284 (0x0a54…3dc4 → 0xf5c8…1c15)    
2026-05-28 14:55:12 💤 Idle (0 peers), best: #284 (0xf5c8…1c15), finalized #284 (0xf5c8…1c15), ⬇ 0 ⬆ 0    
2026-05-28 14:55:12 Current block number: 285    
2026-05-28 14:55:12 🙌 Starting consensus session on top of parent 0xf5c87edec5cd3733eccbf2eeb8d4570e48eebda9f4b93b1cbe4adbe7ca4a1c15 (#284)    
2026-05-28 14:55:12 🎁 Prepared block for proposing at 285 (3 ms) hash: 0x21468302922452395d7c5bf7ff245546f61d26e99d805cfa72928f7c26da1148; parent_hash: 0xf5c8…1c15; end: NoMoreTransactions; extrinsics_count: 2    
2026-05-28 14:55:12 Consensus with no RPC sender success: CreatedBlock { hash: 0x21468302922452395d7c5bf7ff245546f61d26e99d805cfa72928f7c26da1148, aux: ImportedAux { header_only: false, clear_justification_requests: false, needs_justification: false, bad_justification: false, is_new_best: true }, proof_size: 0 }    
2026-05-28 14:55:12 🏆 Imported #285 (0xf5c8…1c15 → 0x2146…1148)    
2026-05-28 14:55:13 Current block number: 286    
2026-05-28 14:55:13 🙌 Starting consensus session on top of parent 0x21468302922452395d7c5bf7ff245546f61d26e99d805cfa72928f7c26da1148 (#285)    
2026-05-28 14:55:13 🎁 Prepared block for proposing at 286 (1 ms) hash: 0x7cba5e01be0fff7ca12d4898d976ee1a660224d970bba2b2120cf0633ab5c364; parent_hash: 0x2146…1148; end: NoMoreTransactions; extrinsics_count: 2    
2026-05-28 14:55:13 Consensus with no RPC sender success: CreatedBlock { hash: 0x7cba5e01be0fff7ca12d4898d976ee1a660224d970bba2b2120cf0633ab5c364, aux: ImportedAux { header_only: false, clear_justification_requests: false, needs_justification: false, bad_justification: false, is_new_best: true }, proof_size: 0 }    
2026-05-28 14:55:13 🏆 Imported #286 (0x2146…1148 → 0x7cba…c364)    
2026-05-28 14:55:14 Current block number: 287    
2026-05-28 14:55:14 🙌 Starting consensus session on top of parent 0x7cba5e01be0fff7ca12d4898d976ee1a660224d970bba2b2120cf0633ab5c364 (#286)    
2026-05-28 14:55:14 🎁 Prepared block for proposing at 287 (1 ms) hash: 0xdad39e1570782766483bcbf61ab1251f39e6acb1cb81d68f466494201595d71b; parent_hash: 0x7cba…c364; end: NoMoreTransactions; extrinsics_count: 2    
2026-05-28 14:55:14 Consensus with no RPC sender success: CreatedBlock { hash: 0xdad39e1570782766483bcbf61ab1251f39e6acb1cb81d68f466494201595d71b, aux: ImportedAux { header_only: false, clear_justification_requests: false, needs_justification: false, bad_justification: false, is_new_best: true }, proof_size: 0 }    
2026-05-28 14:55:14 🏆 Imported #287 (0x7cba…c364 → 0xdad3…d71b)    
2026-05-28 14:55:15 Current block number: 288    
2026-05-28 14:55:15 🙌 Starting consensus session on top of parent 0xdad39e1570782766483bcbf61ab1251f39e6acb1cb81d68f466494201595d71b (#287)    
2026-05-28 14:55:15 🎁 Prepared block for proposing at 288 (1 ms) hash: 0xbc07ebc5a675de76826057081e7e9ba1e15935b36e3e86163294e60da7d3b8a2; parent_hash: 0xdad3…d71b; end: NoMoreTransactions; extrinsics_count: 2    
2026-05-28 14:55:15 Consensus with no RPC sender success: CreatedBlock { hash: 0xbc07ebc5a675de76826057081e7e9ba1e15935b36e3e86163294e60da7d3b8a2, aux: ImportedAux { header_only: false, clear_justification_requests: false, needs_justification: false, bad_justification: false, is_new_best: true }, proof_size: 0 }    
2026-05-28 14:55:15 🏆 Imported #288 (0xdad3…d71b → 0xbc07…b8a2)    
2026-05-28 14:55:16 Current block number: 289    
2026-05-28 14:55:16 🙌 Starting consensus session on top of parent 0xbc07ebc5a675de76826057081e7e9ba1e15935b36e3e86163294e60da7d3b8a2 (#288)    
2026-05-28 14:55:16 🎁 Prepared block for proposing at 289 (2 ms) hash: 0x09fd62f4c5535a0e29cfee6318d1b79ed148709c930064cee19a0c9f2a114a23; parent_hash: 0xbc07…b8a2; end: NoMoreTransactions; extrinsics_count: 2    
2026-05-28 14:55:16 Consensus with no RPC sender success: CreatedBlock { hash: 0x09fd62f4c5535a0e29cfee6318d1b79ed148709c930064cee19a0c9f2a114a23, aux: ImportedAux { header_only: false, clear_justification_requests: false, needs_justification: false, bad_justification: false, is_new_best: true }, proof_size: 0 }    
2026-05-28 14:55:16 🏆 Imported #289 (0xbc07…b8a2 → 0x09fd…4a23)    
2026-05-28 14:55:17 💤 Idle (0 peers), best: #289 (0x09fd…4a23), finalized #289 (0x09fd…4a23), ⬇ 0 ⬆ 0    
2026-05-28 14:55:17 Current block number: 290    
2026-05-28 14:55:17 🙌 Starting consensus session on top of parent 0x09fd62f4c5535a0e29cfee6318d1b79ed148709c930064cee19a0c9f2a114a23 (#289)    
2026-05-28 14:55:17 🎁 Prepared block for proposing at 290 (5 ms) hash: 0x60b2593e9104d23b2428ac5ff85038d62224525b437faa72051096c5311db28f; parent_hash: 0x09fd…4a23; end: NoMoreTransactions; extrinsics_count: 2    
2026-05-28 14:55:17 Consensus with no RPC sender success: CreatedBlock { hash: 0x60b2593e9104d23b2428ac5ff85038d62224525b437faa72051096c5311db28f, aux: ImportedAux { header_only: false, clear_justification_requests: false, needs_justification: false, bad_justification: false, is_new_best: true }, proof_size: 0 }    
2026-05-28 14:55:17 🏆 Imported #290 (0x09fd…4a23 → 0x60b2…b28f)    
2026-05-28 14:55:18 Current block number: 291    
2026-05-28 14:55:18 🙌 Starting consensus session on top of parent 0x60b2593e9104d23b2428ac5ff85038d62224525b437faa72051096c5311db28f (#290)    
2026-05-28 14:55:18 🎁 Prepared block for proposing at 291 (3 ms) hash: 0xbe98c63108241c9557f18f5acf3daf4d311abe0254845712d4572471aada25df; parent_hash: 0x60b2…b28f; end: NoMoreTransactions; extrinsics_count: 2    
2026-05-28 14:55:18 Consensus with no RPC sender success: CreatedBlock { hash: 0xbe98c63108241c9557f18f5acf3daf4d311abe0254845712d4572471aada25df, aux: ImportedAux { header_only: false, clear_justification_requests: false, needs_justification: false, bad_justification: false, is_new_best: true }, proof_size: 0 }    
2026-05-28 14:55:18 🏆 Imported #291 (0x60b2…b28f → 0xbe98…25df)    
2026-05-28 14:55:19 Current block number: 292    
2026-05-28 14:55:19 🙌 Starting consensus session on top of parent 0xbe98c63108241c9557f18f5acf3daf4d311abe0254845712d4572471aada25df (#291)    
2026-05-28 14:55:19 🎁 Prepared block for proposing at 292 (3 ms) hash: 0xc6799a441257af867deabd353c7d377cc55b3f1645a7e61cd14402cff1353576; parent_hash: 0xbe98…25df; end: NoMoreTransactions; extrinsics_count: 2    
2026-05-28 14:55:19 Consensus with no RPC sender success: CreatedBlock { hash: 0xc6799a441257af867deabd353c7d377cc55b3f1645a7e61cd14402cff1353576, aux: ImportedAux { header_only: false, clear_justification_requests: false, needs_justification: false, bad_justification: false, is_new_best: true }, proof_size: 0 }    
2026-05-28 14:55:19 🏆 Imported #292 (0xbe98…25df → 0xc679…3576)    
2026-05-28 14:55:20 Current block number: 293    
2026-05-28 14:55:20 🙌 Starting consensus session on top of parent 0xc6799a441257af867deabd353c7d377cc55b3f1645a7e61cd14402cff1353576 (#292)    
2026-05-28 14:55:20 🎁 Prepared block for proposing at 293 (3 ms) hash: 0x6c7534f2625b20eaa9b78bbb4ab19c8d2b5f8fbb38a7e318b9ac3e34c5c4ae1e; parent_hash: 0xc679…3576; end: NoMoreTransactions; extrinsics_count: 2    
2026-05-28 14:55:20 Consensus with no RPC sender success: CreatedBlock { hash: 0x6c7534f2625b20eaa9b78bbb4ab19c8d2b5f8fbb38a7e318b9ac3e34c5c4ae1e, aux: ImportedAux { header_only: false, clear_justification_requests: false, needs_justification: false, bad_justification: false, is_new_best: true }, proof_size: 0 }    
2026-05-28 14:55:20 🏆 Imported #293 (0xc679…3576 → 0x6c75…ae1e)    
2026-05-28 14:55:21 Current block number: 294    
2026-05-28 14:55:21 🙌 Starting consensus session on top of parent 0x6c7534f2625b20eaa9b78bbb4ab19c8d2b5f8fbb38a7e318b9ac3e34c5c4ae1e (#293)    
2026-05-28 14:55:21 🎁 Prepared block for proposing at 294 (3 ms) hash: 0xcf6dbcbfde0a3a8184bd620c2a354d6fd894383cfdb7669398f03b11668bca0e; parent_hash: 0x6c75…ae1e; end: NoMoreTransactions; extrinsics_count: 2    
2026-05-28 14:55:21 Consensus with no RPC sender success: CreatedBlock { hash: 0xcf6dbcbfde0a3a8184bd620c2a354d6fd894383cfdb7669398f03b11668bca0e, aux: ImportedAux { header_only: false, clear_justification_requests: false, needs_justification: false, bad_justification: false, is_new_best: true }, proof_size: 0 }    
2026-05-28 14:55:21 🏆 Imported #294 (0x6c75…ae1e → 0xcf6d…ca0e)    
2026-05-28 14:55:22 💤 Idle (0 peers), best: #294 (0xcf6d…ca0e), finalized #294 (0xcf6d…ca0e), ⬇ 0 ⬆ 0    
2026-05-28 14:55:22 Current block number: 295    
2026-05-28 14:55:22 🙌 Starting consensus session on top of parent 0xcf6dbcbfde0a3a8184bd620c2a354d6fd894383cfdb7669398f03b11668bca0e (#294)    
2026-05-28 14:55:22 🎁 Prepared block for proposing at 295 (4 ms) hash: 0xa85cb861958a94a0cd9d6dbf413f7987958dc1706d112297037eca447b7c9571; parent_hash: 0xcf6d…ca0e; end: NoMoreTransactions; extrinsics_count: 2    
2026-05-28 14:55:22 Consensus with no RPC sender success: CreatedBlock { hash: 0xa85cb861958a94a0cd9d6dbf413f7987958dc1706d112297037eca447b7c9571, aux: ImportedAux { header_only: false, clear_justification_requests: false, needs_justification: false, bad_justification: false, is_new_best: true }, proof_size: 0 }    
2026-05-28 14:55:22 🏆 Imported #295 (0xcf6d…ca0e → 0xa85c…9571)    
2026-05-28 14:55:23 Current block number: 296    
2026-05-28 14:55:23 🙌 Starting consensus session on top of parent 0xa85cb861958a94a0cd9d6dbf413f7987958dc1706d112297037eca447b7c9571 (#295)    
2026-05-28 14:55:23 🎁 Prepared block for proposing at 296 (4 ms) hash: 0xa039a1f2173fc769491d0bae2f73a197aeb0b3e13b89e8f7d0e2f3cbf4a9c6fe; parent_hash: 0xa85c…9571; end: NoMoreTransactions; extrinsics_count: 2    
2026-05-28 14:55:23 Consensus with no RPC sender success: CreatedBlock { hash: 0xa039a1f2173fc769491d0bae2f73a197aeb0b3e13b89e8f7d0e2f3cbf4a9c6fe, aux: ImportedAux { header_only: false, clear_justification_requests: false, needs_justification: false, bad_justification: false, is_new_best: true }, proof_size: 0 }    
2026-05-28 14:55:23 🏆 Imported #296 (0xa85c…9571 → 0xa039…c6fe)    
2026-05-28 14:55:24 Current block number: 297    
2026-05-28 14:55:24 🙌 Starting consensus session on top of parent 0xa039a1f2173fc769491d0bae2f73a197aeb0b3e13b89e8f7d0e2f3cbf4a9c6fe (#296)    
2026-05-28 14:55:24 🎁 Prepared block for proposing at 297 (3 ms) hash: 0x711a629d9c626b726871eef771999474b007ed7d04081075a4c1166b38c81153; parent_hash: 0xa039…c6fe; end: NoMoreTransactions; extrinsics_count: 2    
2026-05-28 14:55:24 Consensus with no RPC sender success: CreatedBlock { hash: 0x711a629d9c626b726871eef771999474b007ed7d04081075a4c1166b38c81153, aux: ImportedAux { header_only: false, clear_justification_requests: false, needs_justification: false, bad_justification: false, is_new_best: true }, proof_size: 0 }    
2026-05-28 14:55:24 🏆 Imported #297 (0xa039…c6fe → 0x711a…1153)    
2026-05-28 14:55:25 Current block number: 298    
2026-05-28 14:55:25 🙌 Starting consensus session on top of parent 0x711a629d9c626b726871eef771999474b007ed7d04081075a4c1166b38c81153 (#297)    
2026-05-28 14:55:25 🎁 Prepared block for proposing at 298 (4 ms) hash: 0x9c248f8476ec1185888d3f08a9b465f4fd01509d96dfe3a1792e81e726f81d17; parent_hash: 0x711a…1153; end: NoMoreTransactions; extrinsics_count: 2    
2026-05-28 14:55:25 Consensus with no RPC sender success: CreatedBlock { hash: 0x9c248f8476ec1185888d3f08a9b465f4fd01509d96dfe3a1792e81e726f81d17, aux: ImportedAux { header_only: false, clear_justification_requests: false, needs_justification: false, bad_justification: false, is_new_best: true }, proof_size: 0 }    
2026-05-28 14:55:25 🏆 Imported #298 (0x711a…1153 → 0x9c24…1d17)    
2026-05-28 14:55:26 Current block number: 299    
2026-05-28 14:55:26 🙌 Starting consensus session on top of parent 0x9c248f8476ec1185888d3f08a9b465f4fd01509d96dfe3a1792e81e726f81d17 (#298)    
2026-05-28 14:55:26 🎁 Prepared block for proposing at 299 (4 ms) hash: 0x2fd931cee57acf0f74335765782ea4d1b6283b40aedfab4379d3d31d8873661a; parent_hash: 0x9c24…1d17; end: NoMoreTransactions; extrinsics_count: 2    
2026-05-28 14:55:26 Consensus with no RPC sender success: CreatedBlock { hash: 0x2fd931cee57acf0f74335765782ea4d1b6283b40aedfab4379d3d31d8873661a, aux: ImportedAux { header_only: false, clear_justification_requests: false, needs_justification: false, bad_justification: false, is_new_best: true }, proof_size: 0 }    
2026-05-28 14:55:26 🏆 Imported #299 (0x9c24…1d17 → 0x2fd9…661a)    
2026-05-28 14:55:27 💤 Idle (0 peers), best: #299 (0x2fd9…661a), finalized #299 (0x2fd9…661a), ⬇ 0 ⬆ 0    
2026-05-28 14:55:27 Current block number: 300    
2026-05-28 14:55:27 🙌 Starting consensus session on top of parent 0x2fd931cee57acf0f74335765782ea4d1b6283b40aedfab4379d3d31d8873661a (#299)    
2026-05-28 14:55:27 🎁 Prepared block for proposing at 300 (4 ms) hash: 0x0cc31113e7ac8eb67f2e6be89677b8586dd28784607fa16e2cff1155a424cd5e; parent_hash: 0x2fd9…661a; end: NoMoreTransactions; extrinsics_count: 2    
2026-05-28 14:55:27 Consensus with no RPC sender success: CreatedBlock { hash: 0x0cc31113e7ac8eb67f2e6be89677b8586dd28784607fa16e2cff1155a424cd5e, aux: ImportedAux { header_only: false, clear_justification_requests: false, needs_justification: false, bad_justification: false, is_new_best: true }, proof_size: 0 }    
2026-05-28 14:55:27 🏆 Imported #300 (0x2fd9…661a → 0x0cc3…cd5e)    
2026-05-28 14:55:28 Current block number: 301    
2026-05-28 14:55:28 🙌 Starting consensus session on top of parent 0x0cc31113e7ac8eb67f2e6be89677b8586dd28784607fa16e2cff1155a424cd5e (#300)    
2026-05-28 14:55:28 🎁 Prepared block for proposing at 301 (4 ms) hash: 0xae540c54174995c8d272cd273f01a16fa1162428c5fca3bb40229880a2f9000c; parent_hash: 0x0cc3…cd5e; end: NoMoreTransactions; extrinsics_count: 2    
2026-05-28 14:55:28 Consensus with no RPC sender success: CreatedBlock { hash: 0xae540c54174995c8d272cd273f01a16fa1162428c5fca3bb40229880a2f9000c, aux: ImportedAux { header_only: false, clear_justification_requests: false, needs_justification: false, bad_justification: false, is_new_best: true }, proof_size: 0 }    
2026-05-28 14:55:28 🏆 Imported #301 (0x0cc3…cd5e → 0xae54…000c)    
2026-05-28 14:55:29 Current block number: 302    
2026-05-28 14:55:29 🙌 Starting consensus session on top of parent 0xae540c54174995c8d272cd273f01a16fa1162428c5fca3bb40229880a2f9000c (#301)    
2026-05-28 14:55:29 🎁 Prepared block for proposing at 302 (5 ms) hash: 0xdb5e8004ab84ae93924b76549b4af6cd20886a67c0d7dc7e4323f702f8f46947; parent_hash: 0xae54…000c; end: NoMoreTransactions; extrinsics_count: 2    
2026-05-28 14:55:29 Consensus with no RPC sender success: CreatedBlock { hash: 0xdb5e8004ab84ae93924b76549b4af6cd20886a67c0d7dc7e4323f702f8f46947, aux: ImportedAux { header_only: false, clear_justification_requests: false, needs_justification: false, bad_justification: false, is_new_best: true }, proof_size: 0 }    
2026-05-28 14:55:29 🏆 Imported #302 (0xae54…000c → 0xdb5e…6947)    
2026-05-28 14:55:30 Current block number: 303    
2026-05-28 14:55:30 🙌 Starting consensus session on top of parent 0xdb5e8004ab84ae93924b76549b4af6cd20886a67c0d7dc7e4323f702f8f46947 (#302)    
2026-05-28 14:55:30 🎁 Prepared block for proposing at 303 (4 ms) hash: 0x5c38eeeb7cc83f528ac42669bb2689d0f5112fc7bb212ade09527de8a84172ac; parent_hash: 0xdb5e…6947; end: NoMoreTransactions; extrinsics_count: 2    
2026-05-28 14:55:30 Consensus with no RPC sender success: CreatedBlock { hash: 0x5c38eeeb7cc83f528ac42669bb2689d0f5112fc7bb212ade09527de8a84172ac, aux: ImportedAux { header_only: false, clear_justification_requests: false, needs_justification: false, bad_justification: false, is_new_best: true }, proof_size: 0 }    
2026-05-28 14:55:30 🏆 Imported #303 (0xdb5e…6947 → 0x5c38…72ac)    
2026-05-28 14:55:31 Current block number: 304    
2026-05-28 14:55:31 🙌 Starting consensus session on top of parent 0x5c38eeeb7cc83f528ac42669bb2689d0f5112fc7bb212ade09527de8a84172ac (#303)    
2026-05-28 14:55:31 🎁 Prepared block for proposing at 304 (4 ms) hash: 0x4bfb4262cf93b08ee0d4e42b59772c1dce2e81bfdd1f0a207d626736867e675f; parent_hash: 0x5c38…72ac; end: NoMoreTransactions; extrinsics_count: 2    
2026-05-28 14:55:31 Consensus with no RPC sender success: CreatedBlock { hash: 0x4bfb4262cf93b08ee0d4e42b59772c1dce2e81bfdd1f0a207d626736867e675f, aux: ImportedAux { header_only: false, clear_justification_requests: false, needs_justification: false, bad_justification: false, is_new_best: true }, proof_size: 0 }    
2026-05-28 14:55:31 🏆 Imported #304 (0x5c38…72ac → 0x4bfb…675f)    
2026-05-28 14:55:32 💤 Idle (0 peers), best: #304 (0x4bfb…675f), finalized #304 (0x4bfb…675f), ⬇ 0 ⬆ 0    
2026-05-28 14:55:32 Current block number: 305    
2026-05-28 14:55:32 🙌 Starting consensus session on top of parent 0x4bfb4262cf93b08ee0d4e42b59772c1dce2e81bfdd1f0a207d626736867e675f (#304)    
2026-05-28 14:55:32 🎁 Prepared block for proposing at 305 (4 ms) hash: 0x52e4cd632112c8ef3b416c7446a7bca4c1fb9ca7fa5106bfc6e58318f9649c32; parent_hash: 0x4bfb…675f; end: NoMoreTransactions; extrinsics_count: 2    
2026-05-28 14:55:32 Consensus with no RPC sender success: CreatedBlock { hash: 0x52e4cd632112c8ef3b416c7446a7bca4c1fb9ca7fa5106bfc6e58318f9649c32, aux: ImportedAux { header_only: false, clear_justification_requests: false, needs_justification: false, bad_justification: false, is_new_best: true }, proof_size: 0 }    
2026-05-28 14:55:32 🏆 Imported #305 (0x4bfb…675f → 0x52e4…9c32)    
2026-05-28 14:55:33 Current block number: 306    
2026-05-28 14:55:33 🙌 Starting consensus session on top of parent 0x52e4cd632112c8ef3b416c7446a7bca4c1fb9ca7fa5106bfc6e58318f9649c32 (#305)    
2026-05-28 14:55:33 🎁 Prepared block for proposing at 306 (4 ms) hash: 0x31909409d4239a455e1e426ea928bd368aa0a544f771761e61568a7d22eec1c7; parent_hash: 0x52e4…9c32; end: NoMoreTransactions; extrinsics_count: 2    
2026-05-28 14:55:33 Consensus with no RPC sender success: CreatedBlock { hash: 0x31909409d4239a455e1e426ea928bd368aa0a544f771761e61568a7d22eec1c7, aux: ImportedAux { header_only: false, clear_justification_requests: false, needs_justification: false, bad_justification: false, is_new_best: true }, proof_size: 0 }    
2026-05-28 14:55:33 🏆 Imported #306 (0x52e4…9c32 → 0x3190…c1c7)    
2026-05-28 14:55:34 Current block number: 307    
2026-05-28 14:55:34 🙌 Starting consensus session on top of parent 0x31909409d4239a455e1e426ea928bd368aa0a544f771761e61568a7d22eec1c7 (#306)    
2026-05-28 14:55:34 🎁 Prepared block for proposing at 307 (4 ms) hash: 0xfcfa1c1d7f329cfa7df2d71f69caca302b8895755182916e5e12afc840d1029b; parent_hash: 0x3190…c1c7; end: NoMoreTransactions; extrinsics_count: 2    
2026-05-28 14:55:34 Consensus with no RPC sender success: CreatedBlock { hash: 0xfcfa1c1d7f329cfa7df2d71f69caca302b8895755182916e5e12afc840d1029b, aux: ImportedAux { header_only: false, clear_justification_requests: false, needs_justification: false, bad_justification: false, is_new_best: true }, proof_size: 0 }    
2026-05-28 14:55:34 🏆 Imported #307 (0x3190…c1c7 → 0xfcfa…029b)    
2026-05-28 14:55:35 Current block number: 308    
2026-05-28 14:55:35 🙌 Starting consensus session on top of parent 0xfcfa1c1d7f329cfa7df2d71f69caca302b8895755182916e5e12afc840d1029b (#307)    
2026-05-28 14:55:35 🎁 Prepared block for proposing at 308 (1 ms) hash: 0x51f03a0a03e07b704fe09fae3993f423133011d36412d6ce27f9aed130d1cbd6; parent_hash: 0xfcfa…029b; end: NoMoreTransactions; extrinsics_count: 2    
2026-05-28 14:55:35 Consensus with no RPC sender success: CreatedBlock { hash: 0x51f03a0a03e07b704fe09fae3993f423133011d36412d6ce27f9aed130d1cbd6, aux: ImportedAux { header_only: false, clear_justification_requests: false, needs_justification: false, bad_justification: false, is_new_best: true }, proof_size: 0 }    
2026-05-28 14:55:35 🏆 Imported #308 (0xfcfa…029b → 0x51f0…cbd6)    
2026-05-28 14:55:36 Current block number: 309    
2026-05-28 14:55:36 🙌 Starting consensus session on top of parent 0x51f03a0a03e07b704fe09fae3993f423133011d36412d6ce27f9aed130d1cbd6 (#308)    
2026-05-28 14:55:36 🎁 Prepared block for proposing at 309 (2 ms) hash: 0x793e873f871415309cbf6ab7f447421966da7a3f51b078ef868f29ed9a9101e0; parent_hash: 0x51f0…cbd6; end: NoMoreTransactions; extrinsics_count: 2    
2026-05-28 14:55:36 Consensus with no RPC sender success: CreatedBlock { hash: 0x793e873f871415309cbf6ab7f447421966da7a3f51b078ef868f29ed9a9101e0, aux: ImportedAux { header_only: false, clear_justification_requests: false, needs_justification: false, bad_justification: false, is_new_best: true }, proof_size: 0 }    
2026-05-28 14:55:36 🏆 Imported #309 (0x51f0…cbd6 → 0x793e…01e0)    
2026-05-28 14:55:37 💤 Idle (0 peers), best: #309 (0x793e…01e0), finalized #309 (0x793e…01e0), ⬇ 0 ⬆ 0    
2026-05-28 14:55:37 Current block number: 310    
2026-05-28 14:55:37 🙌 Starting consensus session on top of parent 0x793e873f871415309cbf6ab7f447421966da7a3f51b078ef868f29ed9a9101e0 (#309)    
2026-05-28 14:55:37 🎁 Prepared block for proposing at 310 (1 ms) hash: 0x1b4a6fe1fa5c5ee6292947bd8f631d72a24764629ad74456e9471d671ed21864; parent_hash: 0x793e…01e0; end: NoMoreTransactions; extrinsics_count: 2    
2026-05-28 14:55:37 Consensus with no RPC sender success: CreatedBlock { hash: 0x1b4a6fe1fa5c5ee6292947bd8f631d72a24764629ad74456e9471d671ed21864, aux: ImportedAux { header_only: false, clear_justification_requests: false, needs_justification: false, bad_justification: false, is_new_best: true }, proof_size: 0 }    
2026-05-28 14:55:37 🏆 Imported #310 (0x793e…01e0 → 0x1b4a…1864)    
2026-05-28 14:55:38 Current block number: 311    
2026-05-28 14:55:38 🙌 Starting consensus session on top of parent 0x1b4a6fe1fa5c5ee6292947bd8f631d72a24764629ad74456e9471d671ed21864 (#310)    
2026-05-28 14:55:38 🎁 Prepared block for proposing at 311 (3 ms) hash: 0xb8571c3c4215ead75237f4b6731d09c6aa63d851f47f5fc63e3eb7947ba242f9; parent_hash: 0x1b4a…1864; end: NoMoreTransactions; extrinsics_count: 2    
2026-05-28 14:55:38 Consensus with no RPC sender success: CreatedBlock { hash: 0xb8571c3c4215ead75237f4b6731d09c6aa63d851f47f5fc63e3eb7947ba242f9, aux: ImportedAux { header_only: false, clear_justification_requests: false, needs_justification: false, bad_justification: false, is_new_best: true }, proof_size: 0 }    
2026-05-28 14:55:38 🏆 Imported #311 (0x1b4a…1864 → 0xb857…42f9)    
2026-05-28 14:55:39 Current block number: 312    
2026-05-28 14:55:39 🙌 Starting consensus session on top of parent 0xb8571c3c4215ead75237f4b6731d09c6aa63d851f47f5fc63e3eb7947ba242f9 (#311)    
2026-05-28 14:55:39 🎁 Prepared block for proposing at 312 (3 ms) hash: 0xe6542328cd6536484cdf8e9abbb4d31161895f959962f86fe7cfe627e111a594; parent_hash: 0xb857…42f9; end: NoMoreTransactions; extrinsics_count: 2    
2026-05-28 14:55:39 Consensus with no RPC sender success: CreatedBlock { hash: 0xe6542328cd6536484cdf8e9abbb4d31161895f959962f86fe7cfe627e111a594, aux: ImportedAux { header_only: false, clear_justification_requests: false, needs_justification: false, bad_justification: false, is_new_best: true }, proof_size: 0 }    
2026-05-28 14:55:39 🏆 Imported #312 (0xb857…42f9 → 0xe654…a594)    
2026-05-28 14:55:40 Current block number: 313    
2026-05-28 14:55:40 🙌 Starting consensus session on top of parent 0xe6542328cd6536484cdf8e9abbb4d31161895f959962f86fe7cfe627e111a594 (#312)    
2026-05-28 14:55:40 🎁 Prepared block for proposing at 313 (1 ms) hash: 0x79136d23486819abcd80cde0b4cd90aebd988cde76c2bb08834c85c1ece3e6f1; parent_hash: 0xe654…a594; end: NoMoreTransactions; extrinsics_count: 2    
2026-05-28 14:55:40 Consensus with no RPC sender success: CreatedBlock { hash: 0x79136d23486819abcd80cde0b4cd90aebd988cde76c2bb08834c85c1ece3e6f1, aux: ImportedAux { header_only: false, clear_justification_requests: false, needs_justification: false, bad_justification: false, is_new_best: true }, proof_size: 0 }    
2026-05-28 14:55:40 🏆 Imported #313 (0xe654…a594 → 0x7913…e6f1)    
2026-05-28 14:55:41 Current block number: 314    
2026-05-28 14:55:41 🙌 Starting consensus session on top of parent 0x79136d23486819abcd80cde0b4cd90aebd988cde76c2bb08834c85c1ece3e6f1 (#313)    
2026-05-28 14:55:41 🎁 Prepared block for proposing at 314 (4 ms) hash: 0x30529520ada7b4a8db55f3bf6bf372ba30e336fb1570348912e7fd39ce8e4a1b; parent_hash: 0x7913…e6f1; end: NoMoreTransactions; extrinsics_count: 2    
2026-05-28 14:55:41 Consensus with no RPC sender success: CreatedBlock { hash: 0x30529520ada7b4a8db55f3bf6bf372ba30e336fb1570348912e7fd39ce8e4a1b, aux: ImportedAux { header_only: false, clear_justification_requests: false, needs_justification: false, bad_justification: false, is_new_best: true }, proof_size: 0 }    
2026-05-28 14:55:41 🏆 Imported #314 (0x7913…e6f1 → 0x3052…4a1b)    
2026-05-28 14:55:42 💤 Idle (0 peers), best: #314 (0x3052…4a1b), finalized #314 (0x3052…4a1b), ⬇ 0 ⬆ 0    
2026-05-28 14:55:42 Current block number: 315    
2026-05-28 14:55:42 🙌 Starting consensus session on top of parent 0x30529520ada7b4a8db55f3bf6bf372ba30e336fb1570348912e7fd39ce8e4a1b (#314)    
2026-05-28 14:55:42 🎁 Prepared block for proposing at 315 (3 ms) hash: 0xb398fbd6c6fb78496239da49c89ee94fbbc75aab340989af3abfe1e8a42975a4; parent_hash: 0x3052…4a1b; end: NoMoreTransactions; extrinsics_count: 2    
2026-05-28 14:55:42 Consensus with no RPC sender success: CreatedBlock { hash: 0xb398fbd6c6fb78496239da49c89ee94fbbc75aab340989af3abfe1e8a42975a4, aux: ImportedAux { header_only: false, clear_justification_requests: false, needs_justification: false, bad_justification: false, is_new_best: true }, proof_size: 0 }    
2026-05-28 14:55:42 🏆 Imported #315 (0x3052…4a1b → 0xb398…75a4)    
2026-05-28 14:55:43 Current block number: 316    
2026-05-28 14:55:43 🙌 Starting consensus session on top of parent 0xb398fbd6c6fb78496239da49c89ee94fbbc75aab340989af3abfe1e8a42975a4 (#315)    
2026-05-28 14:55:43 🎁 Prepared block for proposing at 316 (3 ms) hash: 0xf1f96a9091c4afefbf5369634e3063e09d4c523630d13a81fd352f341b15321a; parent_hash: 0xb398…75a4; end: NoMoreTransactions; extrinsics_count: 2    
2026-05-28 14:55:43 Consensus with no RPC sender success: CreatedBlock { hash: 0xf1f96a9091c4afefbf5369634e3063e09d4c523630d13a81fd352f341b15321a, aux: ImportedAux { header_only: false, clear_justification_requests: false, needs_justification: false, bad_justification: false, is_new_best: true }, proof_size: 0 }    
2026-05-28 14:55:43 🏆 Imported #316 (0xb398…75a4 → 0xf1f9…321a)    
2026-05-28 14:55:44 Current block number: 317    
2026-05-28 14:55:44 🙌 Starting consensus session on top of parent 0xf1f96a9091c4afefbf5369634e3063e09d4c523630d13a81fd352f341b15321a (#316)    
2026-05-28 14:55:44 🎁 Prepared block for proposing at 317 (4 ms) hash: 0x9ec820a24652cca7cab9d2631ce173a55bb571b0bf4ec7ecaf13c5c8b39eb636; parent_hash: 0xf1f9…321a; end: NoMoreTransactions; extrinsics_count: 2    
2026-05-28 14:55:44 Consensus with no RPC sender success: CreatedBlock { hash: 0x9ec820a24652cca7cab9d2631ce173a55bb571b0bf4ec7ecaf13c5c8b39eb636, aux: ImportedAux { header_only: false, clear_justification_requests: false, needs_justification: false, bad_justification: false, is_new_best: true }, proof_size: 0 }    
2026-05-28 14:55:44 🏆 Imported #317 (0xf1f9…321a → 0x9ec8…b636)    
2026-05-28 14:55:45 Current block number: 318    
2026-05-28 14:55:45 🙌 Starting consensus session on top of parent 0x9ec820a24652cca7cab9d2631ce173a55bb571b0bf4ec7ecaf13c5c8b39eb636 (#317)    
2026-05-28 14:55:45 🎁 Prepared block for proposing at 318 (4 ms) hash: 0xdf9a7e5714732ff97422ac7538e5bac8aeebd50c14dca8fa08616d4562b2f806; parent_hash: 0x9ec8…b636; end: NoMoreTransactions; extrinsics_count: 2    
2026-05-28 14:55:45 Consensus with no RPC sender success: CreatedBlock { hash: 0xdf9a7e5714732ff97422ac7538e5bac8aeebd50c14dca8fa08616d4562b2f806, aux: ImportedAux { header_only: false, clear_justification_requests: false, needs_justification: false, bad_justification: false, is_new_best: true }, proof_size: 0 }    
2026-05-28 14:55:45 🏆 Imported #318 (0x9ec8…b636 → 0xdf9a…f806)    
2026-05-28 14:55:46 Current block number: 319    
2026-05-28 14:55:46 🙌 Starting consensus session on top of parent 0xdf9a7e5714732ff97422ac7538e5bac8aeebd50c14dca8fa08616d4562b2f806 (#318)    
2026-05-28 14:55:46 🎁 Prepared block for proposing at 319 (5 ms) hash: 0xbbcf63347b76e4d28862e95d48852d4ee1aded9816a7efda256c17de0dd8487b; parent_hash: 0xdf9a…f806; end: NoMoreTransactions; extrinsics_count: 2    
2026-05-28 14:55:46 Consensus with no RPC sender success: CreatedBlock { hash: 0xbbcf63347b76e4d28862e95d48852d4ee1aded9816a7efda256c17de0dd8487b, aux: ImportedAux { header_only: false, clear_justification_requests: false, needs_justification: false, bad_justification: false, is_new_best: true }, proof_size: 0 }    
2026-05-28 14:55:46 🏆 Imported #319 (0xdf9a…f806 → 0xbbcf…487b)    
2026-05-28 14:55:47 💤 Idle (0 peers), best: #319 (0xbbcf…487b), finalized #319 (0xbbcf…487b), ⬇ 0 ⬆ 0    
2026-05-28 14:55:47 Current block number: 320    
2026-05-28 14:55:47 🙌 Starting consensus session on top of parent 0xbbcf63347b76e4d28862e95d48852d4ee1aded9816a7efda256c17de0dd8487b (#319)    
2026-05-28 14:55:47 🎁 Prepared block for proposing at 320 (6 ms) hash: 0x7069deb378f40bb00993203b9565432bc29a3d100526710fb39128e49130f1ff; parent_hash: 0xbbcf…487b; end: NoMoreTransactions; extrinsics_count: 2    
2026-05-28 14:55:47 Consensus with no RPC sender success: CreatedBlock { hash: 0x7069deb378f40bb00993203b9565432bc29a3d100526710fb39128e49130f1ff, aux: ImportedAux { header_only: false, clear_justification_requests: false, needs_justification: false, bad_justification: false, is_new_best: true }, proof_size: 0 }    
2026-05-28 14:55:47 🏆 Imported #320 (0xbbcf…487b → 0x7069…f1ff)    
2026-05-28 14:55:48 Current block number: 321    
2026-05-28 14:55:48 🙌 Starting consensus session on top of parent 0x7069deb378f40bb00993203b9565432bc29a3d100526710fb39128e49130f1ff (#320)    
2026-05-28 14:55:48 🎁 Prepared block for proposing at 321 (3 ms) hash: 0x659a8836c240d1f0b0928ccda95011b71ccc425f760ba8e1f9e97591082e1ed1; parent_hash: 0x7069…f1ff; end: NoMoreTransactions; extrinsics_count: 2    
2026-05-28 14:55:48 Consensus with no RPC sender success: CreatedBlock { hash: 0x659a8836c240d1f0b0928ccda95011b71ccc425f760ba8e1f9e97591082e1ed1, aux: ImportedAux { header_only: false, clear_justification_requests: false, needs_justification: false, bad_justification: false, is_new_best: true }, proof_size: 0 }    
2026-05-28 14:55:48 🏆 Imported #321 (0x7069…f1ff → 0x659a…1ed1)    
2026-05-28 14:55:49 Current block number: 322    
2026-05-28 14:55:49 🙌 Starting consensus session on top of parent 0x659a8836c240d1f0b0928ccda95011b71ccc425f760ba8e1f9e97591082e1ed1 (#321)    
2026-05-28 14:55:49 🎁 Prepared block for proposing at 322 (4 ms) hash: 0x9d71bacf2ce83054ef3d21e56fc010b7bfcedefa39b6b293bdbfd802165f73d7; parent_hash: 0x659a…1ed1; end: NoMoreTransactions; extrinsics_count: 2    
2026-05-28 14:55:49 Consensus with no RPC sender success: CreatedBlock { hash: 0x9d71bacf2ce83054ef3d21e56fc010b7bfcedefa39b6b293bdbfd802165f73d7, aux: ImportedAux { header_only: false, clear_justification_requests: false, needs_justification: false, bad_justification: false, is_new_best: true }, proof_size: 0 }    
2026-05-28 14:55:49 🏆 Imported #322 (0x659a…1ed1 → 0x9d71…73d7)    
2026-05-28 14:55:50 Current block number: 323    
2026-05-28 14:55:50 🙌 Starting consensus session on top of parent 0x9d71bacf2ce83054ef3d21e56fc010b7bfcedefa39b6b293bdbfd802165f73d7 (#322)    
2026-05-28 14:55:50 🎁 Prepared block for proposing at 323 (4 ms) hash: 0x163948b9b859386a3e18983f53b305657e845539779922af6b5af67767f125d8; parent_hash: 0x9d71…73d7; end: NoMoreTransactions; extrinsics_count: 2    
2026-05-28 14:55:50 Consensus with no RPC sender success: CreatedBlock { hash: 0x163948b9b859386a3e18983f53b305657e845539779922af6b5af67767f125d8, aux: ImportedAux { header_only: false, clear_justification_requests: false, needs_justification: false, bad_justification: false, is_new_best: true }, proof_size: 0 }    
2026-05-28 14:55:50 🏆 Imported #323 (0x9d71…73d7 → 0x1639…25d8)    
2026-05-28 14:55:51 Current block number: 324    
2026-05-28 14:55:51 🙌 Starting consensus session on top of parent 0x163948b9b859386a3e18983f53b305657e845539779922af6b5af67767f125d8 (#323)    
2026-05-28 14:55:51 🎁 Prepared block for proposing at 324 (3 ms) hash: 0x6b7ee2723669383e0be0730105b3c0e51a8d18eec5707f901a363c04c288c956; parent_hash: 0x1639…25d8; end: NoMoreTransactions; extrinsics_count: 2    
2026-05-28 14:55:51 Consensus with no RPC sender success: CreatedBlock { hash: 0x6b7ee2723669383e0be0730105b3c0e51a8d18eec5707f901a363c04c288c956, aux: ImportedAux { header_only: false, clear_justification_requests: false, needs_justification: false, bad_justification: false, is_new_best: true }, proof_size: 0 }    
2026-05-28 14:55:51 🏆 Imported #324 (0x1639…25d8 → 0x6b7e…c956)    
2026-05-28 14:55:52 💤 Idle (0 peers), best: #324 (0x6b7e…c956), finalized #324 (0x6b7e…c956), ⬇ 0 ⬆ 0    
2026-05-28 14:55:52 Current block number: 325    
2026-05-28 14:55:52 🙌 Starting consensus session on top of parent 0x6b7ee2723669383e0be0730105b3c0e51a8d18eec5707f901a363c04c288c956 (#324)    
2026-05-28 14:55:52 🎁 Prepared block for proposing at 325 (1 ms) hash: 0xd3121997fdabb9eb31d11d758dee06530012a7918772a6b7c5d569646da981db; parent_hash: 0x6b7e…c956; end: NoMoreTransactions; extrinsics_count: 2    
2026-05-28 14:55:52 Consensus with no RPC sender success: CreatedBlock { hash: 0xd3121997fdabb9eb31d11d758dee06530012a7918772a6b7c5d569646da981db, aux: ImportedAux { header_only: false, clear_justification_requests: false, needs_justification: false, bad_justification: false, is_new_best: true }, proof_size: 0 }    
2026-05-28 14:55:52 🏆 Imported #325 (0x6b7e…c956 → 0xd312…81db)    
2026-05-28 14:55:53 Current block number: 326    
2026-05-28 14:55:53 🙌 Starting consensus session on top of parent 0xd3121997fdabb9eb31d11d758dee06530012a7918772a6b7c5d569646da981db (#325)    
2026-05-28 14:55:53 🎁 Prepared block for proposing at 326 (3 ms) hash: 0xf3d46fbd557b28807b19164cb29e3f61b39ae6f26480112d88f7a146541ffcc7; parent_hash: 0xd312…81db; end: NoMoreTransactions; extrinsics_count: 2    
2026-05-28 14:55:53 Consensus with no RPC sender success: CreatedBlock { hash: 0xf3d46fbd557b28807b19164cb29e3f61b39ae6f26480112d88f7a146541ffcc7, aux: ImportedAux { header_only: false, clear_justification_requests: false, needs_justification: false, bad_justification: false, is_new_best: true }, proof_size: 0 }    
2026-05-28 14:55:53 🏆 Imported #326 (0xd312…81db → 0xf3d4…fcc7)    
2026-05-28 14:55:54 Current block number: 327    
2026-05-28 14:55:54 🙌 Starting consensus session on top of parent 0xf3d46fbd557b28807b19164cb29e3f61b39ae6f26480112d88f7a146541ffcc7 (#326)    
2026-05-28 14:55:54 🎁 Prepared block for proposing at 327 (4 ms) hash: 0x4674e1ff172eae844cce950b40ea02462ed520ac3f81219d5101c097ae4ac479; parent_hash: 0xf3d4…fcc7; end: NoMoreTransactions; extrinsics_count: 2    
2026-05-28 14:55:54 Consensus with no RPC sender success: CreatedBlock { hash: 0x4674e1ff172eae844cce950b40ea02462ed520ac3f81219d5101c097ae4ac479, aux: ImportedAux { header_only: false, clear_justification_requests: false, needs_justification: false, bad_justification: false, is_new_best: true }, proof_size: 0 }    
2026-05-28 14:55:54 🏆 Imported #327 (0xf3d4…fcc7 → 0x4674…c479)    
2026-05-28 14:55:55 Current block number: 328    
2026-05-28 14:55:55 🙌 Starting consensus session on top of parent 0x4674e1ff172eae844cce950b40ea02462ed520ac3f81219d5101c097ae4ac479 (#327)    
2026-05-28 14:55:55 🎁 Prepared block for proposing at 328 (1 ms) hash: 0xbddd24be3ead08f4e9b94cb4aa3483a74ed52deb192bac1fb60853a194f75a41; parent_hash: 0x4674…c479; end: NoMoreTransactions; extrinsics_count: 2    
2026-05-28 14:55:55 Consensus with no RPC sender success: CreatedBlock { hash: 0xbddd24be3ead08f4e9b94cb4aa3483a74ed52deb192bac1fb60853a194f75a41, aux: ImportedAux { header_only: false, clear_justification_requests: false, needs_justification: false, bad_justification: false, is_new_best: true }, proof_size: 0 }    
2026-05-28 14:55:55 🏆 Imported #328 (0x4674…c479 → 0xbddd…5a41)    
2026-05-28 14:55:56 Current block number: 329    
2026-05-28 14:55:56 🙌 Starting consensus session on top of parent 0xbddd24be3ead08f4e9b94cb4aa3483a74ed52deb192bac1fb60853a194f75a41 (#328)    
2026-05-28 14:55:56 🎁 Prepared block for proposing at 329 (0 ms) hash: 0xa1ade6a1c064470dc12fbaadc50c7c0a10ff80b4370e339e2da42edfb700889d; parent_hash: 0xbddd…5a41; end: NoMoreTransactions; extrinsics_count: 2    
2026-05-28 14:55:56 Consensus with no RPC sender success: CreatedBlock { hash: 0xa1ade6a1c064470dc12fbaadc50c7c0a10ff80b4370e339e2da42edfb700889d, aux: ImportedAux { header_only: false, clear_justification_requests: false, needs_justification: false, bad_justification: false, is_new_best: true }, proof_size: 0 }    
2026-05-28 14:55:56 🏆 Imported #329 (0xbddd…5a41 → 0xa1ad…889d)    
2026-05-28 14:55:57 💤 Idle (0 peers), best: #329 (0xa1ad…889d), finalized #329 (0xa1ad…889d), ⬇ 0 ⬆ 0    
2026-05-28 14:55:57 Current block number: 330    
2026-05-28 14:55:57 🙌 Starting consensus session on top of parent 0xa1ade6a1c064470dc12fbaadc50c7c0a10ff80b4370e339e2da42edfb700889d (#329)    
2026-05-28 14:55:57 🎁 Prepared block for proposing at 330 (1 ms) hash: 0x9f8ba1aab8d039ee8747d8447020a329216f807e636a5385adc42d4886ac4e28; parent_hash: 0xa1ad…889d; end: NoMoreTransactions; extrinsics_count: 2    
2026-05-28 14:55:57 Consensus with no RPC sender success: CreatedBlock { hash: 0x9f8ba1aab8d039ee8747d8447020a329216f807e636a5385adc42d4886ac4e28, aux: ImportedAux { header_only: false, clear_justification_requests: false, needs_justification: false, bad_justification: false, is_new_best: true }, proof_size: 0 }    
2026-05-28 14:55:57 🏆 Imported #330 (0xa1ad…889d → 0x9f8b…4e28)    
2026-05-28 14:55:58 Current block number: 331    
2026-05-28 14:55:58 🙌 Starting consensus session on top of parent 0x9f8ba1aab8d039ee8747d8447020a329216f807e636a5385adc42d4886ac4e28 (#330)    
2026-05-28 14:55:58 🎁 Prepared block for proposing at 331 (1 ms) hash: 0x799739e58159129988f31f3b66983cb8d046f11c9b47b9319fbb7e591b85f550; parent_hash: 0x9f8b…4e28; end: NoMoreTransactions; extrinsics_count: 2    
2026-05-28 14:55:58 Consensus with no RPC sender success: CreatedBlock { hash: 0x799739e58159129988f31f3b66983cb8d046f11c9b47b9319fbb7e591b85f550, aux: ImportedAux { header_only: false, clear_justification_requests: false, needs_justification: false, bad_justification: false, is_new_best: true }, proof_size: 0 }    
2026-05-28 14:55:58 🏆 Imported #331 (0x9f8b…4e28 → 0x7997…f550)    
2026-05-28 14:55:59 Current block number: 332    
2026-05-28 14:55:59 🙌 Starting consensus session on top of parent 0x799739e58159129988f31f3b66983cb8d046f11c9b47b9319fbb7e591b85f550 (#331)    
2026-05-28 14:55:59 🎁 Prepared block for proposing at 332 (0 ms) hash: 0xf9ccbf6248f0d9e48e99e6d841e00c714ec62d108e7aa3c159f88d2c55159b78; parent_hash: 0x7997…f550; end: NoMoreTransactions; extrinsics_count: 2    
2026-05-28 14:55:59 Consensus with no RPC sender success: CreatedBlock { hash: 0xf9ccbf6248f0d9e48e99e6d841e00c714ec62d108e7aa3c159f88d2c55159b78, aux: ImportedAux { header_only: false, clear_justification_requests: false, needs_justification: false, bad_justification: false, is_new_best: true }, proof_size: 0 }    
2026-05-28 14:55:59 🏆 Imported #332 (0x7997…f550 → 0xf9cc…9b78)    
2026-05-28 14:56:00 Current block number: 333    
2026-05-28 14:56:00 🙌 Starting consensus session on top of parent 0xf9ccbf6248f0d9e48e99e6d841e00c714ec62d108e7aa3c159f88d2c55159b78 (#332)    
2026-05-28 14:56:00 🎁 Prepared block for proposing at 333 (2 ms) hash: 0x5ac1d991b291bd40b259c7c831ac2b3110e4cb5c9c43c6256b111abe6fb4679c; parent_hash: 0xf9cc…9b78; end: NoMoreTransactions; extrinsics_count: 2    
2026-05-28 14:56:00 Consensus with no RPC sender success: CreatedBlock { hash: 0x5ac1d991b291bd40b259c7c831ac2b3110e4cb5c9c43c6256b111abe6fb4679c, aux: ImportedAux { header_only: false, clear_justification_requests: false, needs_justification: false, bad_justification: false, is_new_best: true }, proof_size: 0 }    
2026-05-28 14:56:00 🏆 Imported #333 (0xf9cc…9b78 → 0x5ac1…679c)    
2026-05-28 14:56:01 Current block number: 334    
2026-05-28 14:56:01 🙌 Starting consensus session on top of parent 0x5ac1d991b291bd40b259c7c831ac2b3110e4cb5c9c43c6256b111abe6fb4679c (#333)    
2026-05-28 14:56:01 🎁 Prepared block for proposing at 334 (3 ms) hash: 0xa143ab8ac33c8f3565396922f6a232c0f05f49b42e82b0d8958615e7e4d5c31d; parent_hash: 0x5ac1…679c; end: NoMoreTransactions; extrinsics_count: 2    
2026-05-28 14:56:01 Consensus with no RPC sender success: CreatedBlock { hash: 0xa143ab8ac33c8f3565396922f6a232c0f05f49b42e82b0d8958615e7e4d5c31d, aux: ImportedAux { header_only: false, clear_justification_requests: false, needs_justification: false, bad_justification: false, is_new_best: true }, proof_size: 0 }    
2026-05-28 14:56:01 🏆 Imported #334 (0x5ac1…679c → 0xa143…c31d)    
2026-05-28 14:56:02 💤 Idle (0 peers), best: #334 (0xa143…c31d), finalized #334 (0xa143…c31d), ⬇ 0 ⬆ 0    
2026-05-28 14:56:02 Current block number: 335    
2026-05-28 14:56:02 🙌 Starting consensus session on top of parent 0xa143ab8ac33c8f3565396922f6a232c0f05f49b42e82b0d8958615e7e4d5c31d (#334)    
2026-05-28 14:56:02 🎁 Prepared block for proposing at 335 (3 ms) hash: 0xd25c3439fa19cf3a82385cd848efa0cad7e571ccdb91f26a3aa864ee212d80d7; parent_hash: 0xa143…c31d; end: NoMoreTransactions; extrinsics_count: 2    
2026-05-28 14:56:02 Consensus with no RPC sender success: CreatedBlock { hash: 0xd25c3439fa19cf3a82385cd848efa0cad7e571ccdb91f26a3aa864ee212d80d7, aux: ImportedAux { header_only: false, clear_justification_requests: false, needs_justification: false, bad_justification: false, is_new_best: true }, proof_size: 0 }    
2026-05-28 14:56:02 🏆 Imported #335 (0xa143…c31d → 0xd25c…80d7)    
2026-05-28 14:56:03 Current block number: 336    
2026-05-28 14:56:03 🙌 Starting consensus session on top of parent 0xd25c3439fa19cf3a82385cd848efa0cad7e571ccdb91f26a3aa864ee212d80d7 (#335)    
2026-05-28 14:56:03 🎁 Prepared block for proposing at 336 (1 ms) hash: 0xff967c247e1ad6e6c607c8b60942f83aec1a79818c1345e2f0f247992eeddea5; parent_hash: 0xd25c…80d7; end: NoMoreTransactions; extrinsics_count: 2    
2026-05-28 14:56:03 Consensus with no RPC sender success: CreatedBlock { hash: 0xff967c247e1ad6e6c607c8b60942f83aec1a79818c1345e2f0f247992eeddea5, aux: ImportedAux { header_only: false, clear_justification_requests: false, needs_justification: false, bad_justification: false, is_new_best: true }, proof_size: 0 }    
2026-05-28 14:56:03 🏆 Imported #336 (0xd25c…80d7 → 0xff96…dea5)    
2026-05-28 14:56:04 Current block number: 337    
2026-05-28 14:56:04 🙌 Starting consensus session on top of parent 0xff967c247e1ad6e6c607c8b60942f83aec1a79818c1345e2f0f247992eeddea5 (#336)    
2026-05-28 14:56:04 🎁 Prepared block for proposing at 337 (2 ms) hash: 0xb498945235d357deb8652cb59e46560d0af813539e9b724f5494965277ce6487; parent_hash: 0xff96…dea5; end: NoMoreTransactions; extrinsics_count: 2    
2026-05-28 14:56:04 Consensus with no RPC sender success: CreatedBlock { hash: 0xb498945235d357deb8652cb59e46560d0af813539e9b724f5494965277ce6487, aux: ImportedAux { header_only: false, clear_justification_requests: false, needs_justification: false, bad_justification: false, is_new_best: true }, proof_size: 0 }    
2026-05-28 14:56:04 🏆 Imported #337 (0xff96…dea5 → 0xb498…6487)    
2026-05-28 14:56:05 Current block number: 338    
2026-05-28 14:56:05 🙌 Starting consensus session on top of parent 0xb498945235d357deb8652cb59e46560d0af813539e9b724f5494965277ce6487 (#337)    
2026-05-28 14:56:05 🎁 Prepared block for proposing at 338 (1 ms) hash: 0xe9c3ffdf803b3c27cbed3a7ac937b6bad191d0f9adb20ae89e5efcfbe7f48d42; parent_hash: 0xb498…6487; end: NoMoreTransactions; extrinsics_count: 2    
2026-05-28 14:56:05 Consensus with no RPC sender success: CreatedBlock { hash: 0xe9c3ffdf803b3c27cbed3a7ac937b6bad191d0f9adb20ae89e5efcfbe7f48d42, aux: ImportedAux { header_only: false, clear_justification_requests: false, needs_justification: false, bad_justification: false, is_new_best: true }, proof_size: 0 }    
2026-05-28 14:56:05 🏆 Imported #338 (0xb498…6487 → 0xe9c3…8d42)    
2026-05-28 14:56:06 Current block number: 339    
2026-05-28 14:56:06 🙌 Starting consensus session on top of parent 0xe9c3ffdf803b3c27cbed3a7ac937b6bad191d0f9adb20ae89e5efcfbe7f48d42 (#338)    
2026-05-28 14:56:06 🎁 Prepared block for proposing at 339 (1 ms) hash: 0x47e33009e4d30e8c7070487658364d02918a2ff8b9dc59e0c3dd6c51951d8634; parent_hash: 0xe9c3…8d42; end: NoMoreTransactions; extrinsics_count: 2    
2026-05-28 14:56:06 Consensus with no RPC sender success: CreatedBlock { hash: 0x47e33009e4d30e8c7070487658364d02918a2ff8b9dc59e0c3dd6c51951d8634, aux: ImportedAux { header_only: false, clear_justification_requests: false, needs_justification: false, bad_justification: false, is_new_best: true }, proof_size: 0 }    
2026-05-28 14:56:06 🏆 Imported #339 (0xe9c3…8d42 → 0x47e3…8634)    
2026-05-28 14:56:07 💤 Idle (0 peers), best: #339 (0x47e3…8634), finalized #339 (0x47e3…8634), ⬇ 0 ⬆ 0    
2026-05-28 14:56:07 Current block number: 340    
2026-05-28 14:56:07 🙌 Starting consensus session on top of parent 0x47e33009e4d30e8c7070487658364d02918a2ff8b9dc59e0c3dd6c51951d8634 (#339)    
2026-05-28 14:56:07 🎁 Prepared block for proposing at 340 (2 ms) hash: 0x901591d0d764294b05e242dbd49647047de2525c07ca99c4cedb5c704ac4ff47; parent_hash: 0x47e3…8634; end: NoMoreTransactions; extrinsics_count: 2    
2026-05-28 14:56:07 Consensus with no RPC sender success: CreatedBlock { hash: 0x901591d0d764294b05e242dbd49647047de2525c07ca99c4cedb5c704ac4ff47, aux: ImportedAux { header_only: false, clear_justification_requests: false, needs_justification: false, bad_justification: false, is_new_best: true }, proof_size: 0 }    
2026-05-28 14:56:07 🏆 Imported #340 (0x47e3…8634 → 0x9015…ff47)    
2026-05-28 14:56:08 Current block number: 341    
2026-05-28 14:56:08 🙌 Starting consensus session on top of parent 0x901591d0d764294b05e242dbd49647047de2525c07ca99c4cedb5c704ac4ff47 (#340)    
2026-05-28 14:56:08 🎁 Prepared block for proposing at 341 (2 ms) hash: 0xc63d94e978116cb7b18e0252ebd164ba5d2f9b4f1d89f876ce1700a2f3cb793a; parent_hash: 0x9015…ff47; end: NoMoreTransactions; extrinsics_count: 2    
2026-05-28 14:56:08 Consensus with no RPC sender success: CreatedBlock { hash: 0xc63d94e978116cb7b18e0252ebd164ba5d2f9b4f1d89f876ce1700a2f3cb793a, aux: ImportedAux { header_only: false, clear_justification_requests: false, needs_justification: false, bad_justification: false, is_new_best: true }, proof_size: 0 }    
2026-05-28 14:56:08 🏆 Imported #341 (0x9015…ff47 → 0xc63d…793a)    
2026-05-28 14:56:09 Current block number: 342    
2026-05-28 14:56:09 🙌 Starting consensus session on top of parent 0xc63d94e978116cb7b18e0252ebd164ba5d2f9b4f1d89f876ce1700a2f3cb793a (#341)    
2026-05-28 14:56:09 🎁 Prepared block for proposing at 342 (3 ms) hash: 0x55356307487432cde004047006b7e41d5b2a50b419ced32759947fb1cd10c0d5; parent_hash: 0xc63d…793a; end: NoMoreTransactions; extrinsics_count: 2    
2026-05-28 14:56:09 Consensus with no RPC sender success: CreatedBlock { hash: 0x55356307487432cde004047006b7e41d5b2a50b419ced32759947fb1cd10c0d5, aux: ImportedAux { header_only: false, clear_justification_requests: false, needs_justification: false, bad_justification: false, is_new_best: true }, proof_size: 0 }    
2026-05-28 14:56:09 🏆 Imported #342 (0xc63d…793a → 0x5535…c0d5)    
2026-05-28 14:56:10 Current block number: 343    
2026-05-28 14:56:10 🙌 Starting consensus session on top of parent 0x55356307487432cde004047006b7e41d5b2a50b419ced32759947fb1cd10c0d5 (#342)    
2026-05-28 14:56:10 🎁 Prepared block for proposing at 343 (3 ms) hash: 0x19f7e3d973bafb77cdb8d24612592cfdc54d2cd1c74502260526ff8b4ae8169e; parent_hash: 0x5535…c0d5; end: NoMoreTransactions; extrinsics_count: 2    
2026-05-28 14:56:10 Consensus with no RPC sender success: CreatedBlock { hash: 0x19f7e3d973bafb77cdb8d24612592cfdc54d2cd1c74502260526ff8b4ae8169e, aux: ImportedAux { header_only: false, clear_justification_requests: false, needs_justification: false, bad_justification: false, is_new_best: true }, proof_size: 0 }    
2026-05-28 14:56:10 🏆 Imported #343 (0x5535…c0d5 → 0x19f7…169e)    
2026-05-28 14:56:11 Current block number: 344    
2026-05-28 14:56:11 🙌 Starting consensus session on top of parent 0x19f7e3d973bafb77cdb8d24612592cfdc54d2cd1c74502260526ff8b4ae8169e (#343)    
2026-05-28 14:56:11 🎁 Prepared block for proposing at 344 (1 ms) hash: 0x936bf32eeddc800e7e297a6e2bb008df6e95967b9c442420f9f6e44a13006e10; parent_hash: 0x19f7…169e; end: NoMoreTransactions; extrinsics_count: 2    
2026-05-28 14:56:11 Consensus with no RPC sender success: CreatedBlock { hash: 0x936bf32eeddc800e7e297a6e2bb008df6e95967b9c442420f9f6e44a13006e10, aux: ImportedAux { header_only: false, clear_justification_requests: false, needs_justification: false, bad_justification: false, is_new_best: true }, proof_size: 0 }    
2026-05-28 14:56:11 🏆 Imported #344 (0x19f7…169e → 0x936b…6e10)    
2026-05-28 14:56:12 💤 Idle (0 peers), best: #344 (0x936b…6e10), finalized #344 (0x936b…6e10), ⬇ 0 ⬆ 0    
2026-05-28 14:56:12 Current block number: 345    
2026-05-28 14:56:12 🙌 Starting consensus session on top of parent 0x936bf32eeddc800e7e297a6e2bb008df6e95967b9c442420f9f6e44a13006e10 (#344)    
2026-05-28 14:56:12 🎁 Prepared block for proposing at 345 (1 ms) hash: 0x7b8f152fafb579c3a6c7cd6c0c0589e9eed0b04668e6ef373912efead37d8a21; parent_hash: 0x936b…6e10; end: NoMoreTransactions; extrinsics_count: 2    
2026-05-28 14:56:12 Consensus with no RPC sender success: CreatedBlock { hash: 0x7b8f152fafb579c3a6c7cd6c0c0589e9eed0b04668e6ef373912efead37d8a21, aux: ImportedAux { header_only: false, clear_justification_requests: false, needs_justification: false, bad_justification: false, is_new_best: true }, proof_size: 0 }    
2026-05-28 14:56:12 🏆 Imported #345 (0x936b…6e10 → 0x7b8f…8a21)    
2026-05-28 14:56:13 Current block number: 346    
2026-05-28 14:56:13 🙌 Starting consensus session on top of parent 0x7b8f152fafb579c3a6c7cd6c0c0589e9eed0b04668e6ef373912efead37d8a21 (#345)    
2026-05-28 14:56:13 🎁 Prepared block for proposing at 346 (1 ms) hash: 0x8d63f443c3dbd99bf150aaa69a5a6f5e76340c0b12fb4a356b709a0f6503da2a; parent_hash: 0x7b8f…8a21; end: NoMoreTransactions; extrinsics_count: 2    
2026-05-28 14:56:13 Consensus with no RPC sender success: CreatedBlock { hash: 0x8d63f443c3dbd99bf150aaa69a5a6f5e76340c0b12fb4a356b709a0f6503da2a, aux: ImportedAux { header_only: false, clear_justification_requests: false, needs_justification: false, bad_justification: false, is_new_best: true }, proof_size: 0 }    
2026-05-28 14:56:13 🏆 Imported #346 (0x7b8f…8a21 → 0x8d63…da2a)    
2026-05-28 14:56:14 Current block number: 347    
2026-05-28 14:56:14 🙌 Starting consensus session on top of parent 0x8d63f443c3dbd99bf150aaa69a5a6f5e76340c0b12fb4a356b709a0f6503da2a (#346)    
2026-05-28 14:56:14 🎁 Prepared block for proposing at 347 (1 ms) hash: 0x478b078d768bb154ed3bd1aea1959d4f1f5c4228b3b890839ab9dc73787bdec5; parent_hash: 0x8d63…da2a; end: NoMoreTransactions; extrinsics_count: 2    
2026-05-28 14:56:14 Consensus with no RPC sender success: CreatedBlock { hash: 0x478b078d768bb154ed3bd1aea1959d4f1f5c4228b3b890839ab9dc73787bdec5, aux: ImportedAux { header_only: false, clear_justification_requests: false, needs_justification: false, bad_justification: false, is_new_best: true }, proof_size: 0 }    
2026-05-28 14:56:14 🏆 Imported #347 (0x8d63…da2a → 0x478b…dec5)    
2026-05-28 14:56:15 Current block number: 348    
2026-05-28 14:56:15 🙌 Starting consensus session on top of parent 0x478b078d768bb154ed3bd1aea1959d4f1f5c4228b3b890839ab9dc73787bdec5 (#347)    
2026-05-28 14:56:15 🎁 Prepared block for proposing at 348 (1 ms) hash: 0xf46166c167297123c83bce15f9290a0f885b5ad351b37c18e398e29cc85be020; parent_hash: 0x478b…dec5; end: NoMoreTransactions; extrinsics_count: 2    
2026-05-28 14:56:15 Consensus with no RPC sender success: CreatedBlock { hash: 0xf46166c167297123c83bce15f9290a0f885b5ad351b37c18e398e29cc85be020, aux: ImportedAux { header_only: false, clear_justification_requests: false, needs_justification: false, bad_justification: false, is_new_best: true }, proof_size: 0 }    
2026-05-28 14:56:15 🏆 Imported #348 (0x478b…dec5 → 0xf461…e020)    
2026-05-28 14:56:16 Current block number: 349    
2026-05-28 14:56:16 🙌 Starting consensus session on top of parent 0xf46166c167297123c83bce15f9290a0f885b5ad351b37c18e398e29cc85be020 (#348)    
2026-05-28 14:56:16 🎁 Prepared block for proposing at 349 (1 ms) hash: 0xcab2d620708d8ba45197f2de83ae78fa1535e4ff20822dc5efdc756a03556bb9; parent_hash: 0xf461…e020; end: NoMoreTransactions; extrinsics_count: 2    
2026-05-28 14:56:16 Consensus with no RPC sender success: CreatedBlock { hash: 0xcab2d620708d8ba45197f2de83ae78fa1535e4ff20822dc5efdc756a03556bb9, aux: ImportedAux { header_only: false, clear_justification_requests: false, needs_justification: false, bad_justification: false, is_new_best: true }, proof_size: 0 }    
2026-05-28 14:56:16 🏆 Imported #349 (0xf461…e020 → 0xcab2…6bb9)    
2026-05-28 14:56:17 💤 Idle (0 peers), best: #349 (0xcab2…6bb9), finalized #349 (0xcab2…6bb9), ⬇ 0 ⬆ 0    
2026-05-28 14:56:17 Current block number: 350    
2026-05-28 14:56:17 🙌 Starting consensus session on top of parent 0xcab2d620708d8ba45197f2de83ae78fa1535e4ff20822dc5efdc756a03556bb9 (#349)    
2026-05-28 14:56:17 🎁 Prepared block for proposing at 350 (1 ms) hash: 0xdabe760bab3c90a456b585abb6275c9b30758d94f4ee1817507d1aa761f6f5f3; parent_hash: 0xcab2…6bb9; end: NoMoreTransactions; extrinsics_count: 2    
2026-05-28 14:56:17 Consensus with no RPC sender success: CreatedBlock { hash: 0xdabe760bab3c90a456b585abb6275c9b30758d94f4ee1817507d1aa761f6f5f3, aux: ImportedAux { header_only: false, clear_justification_requests: false, needs_justification: false, bad_justification: false, is_new_best: true }, proof_size: 0 }    
2026-05-28 14:56:17 🏆 Imported #350 (0xcab2…6bb9 → 0xdabe…f5f3)    
2026-05-28 14:56:18 Current block number: 351    
2026-05-28 14:56:18 🙌 Starting consensus session on top of parent 0xdabe760bab3c90a456b585abb6275c9b30758d94f4ee1817507d1aa761f6f5f3 (#350)    
2026-05-28 14:56:18 🎁 Prepared block for proposing at 351 (1 ms) hash: 0x564210d4f5ff737faab76c97182acb3797f568a303c34b204902dfd41c4f7c31; parent_hash: 0xdabe…f5f3; end: NoMoreTransactions; extrinsics_count: 2    
2026-05-28 14:56:18 Consensus with no RPC sender success: CreatedBlock { hash: 0x564210d4f5ff737faab76c97182acb3797f568a303c34b204902dfd41c4f7c31, aux: ImportedAux { header_only: false, clear_justification_requests: false, needs_justification: false, bad_justification: false, is_new_best: true }, proof_size: 0 }    
2026-05-28 14:56:18 🏆 Imported #351 (0xdabe…f5f3 → 0x5642…7c31)    
2026-05-28 14:56:19 Current block number: 352    
2026-05-28 14:56:19 🙌 Starting consensus session on top of parent 0x564210d4f5ff737faab76c97182acb3797f568a303c34b204902dfd41c4f7c31 (#351)    
2026-05-28 14:56:19 🎁 Prepared block for proposing at 352 (2 ms) hash: 0xbe35932fc104ec6f04630fa3bb2a36f59283effe7d56c1df0e7334ddf511fb05; parent_hash: 0x5642…7c31; end: NoMoreTransactions; extrinsics_count: 2    
2026-05-28 14:56:19 Consensus with no RPC sender success: CreatedBlock { hash: 0xbe35932fc104ec6f04630fa3bb2a36f59283effe7d56c1df0e7334ddf511fb05, aux: ImportedAux { header_only: false, clear_justification_requests: false, needs_justification: false, bad_justification: false, is_new_best: true }, proof_size: 0 }    
2026-05-28 14:56:19 🏆 Imported #352 (0x5642…7c31 → 0xbe35…fb05)    
2026-05-28 14:56:20 Current block number: 353    
2026-05-28 14:56:20 🙌 Starting consensus session on top of parent 0xbe35932fc104ec6f04630fa3bb2a36f59283effe7d56c1df0e7334ddf511fb05 (#352)    
2026-05-28 14:56:20 🎁 Prepared block for proposing at 353 (2 ms) hash: 0xe791db4c268c52f34f82ec2681aab875575f20bdfd8bf5d4572faec81de2a130; parent_hash: 0xbe35…fb05; end: NoMoreTransactions; extrinsics_count: 2    
2026-05-28 14:56:20 Consensus with no RPC sender success: CreatedBlock { hash: 0xe791db4c268c52f34f82ec2681aab875575f20bdfd8bf5d4572faec81de2a130, aux: ImportedAux { header_only: false, clear_justification_requests: false, needs_justification: false, bad_justification: false, is_new_best: true }, proof_size: 0 }    
2026-05-28 14:56:20 🏆 Imported #353 (0xbe35…fb05 → 0xe791…a130)    
2026-05-28 14:56:21 Current block number: 354    
2026-05-28 14:56:21 🙌 Starting consensus session on top of parent 0xe791db4c268c52f34f82ec2681aab875575f20bdfd8bf5d4572faec81de2a130 (#353)    
2026-05-28 14:56:21 🎁 Prepared block for proposing at 354 (2 ms) hash: 0x45526a8aa83ab609408c8ebddcf395ada18ca18b2ae3464f80f8436e1fe6fdba; parent_hash: 0xe791…a130; end: NoMoreTransactions; extrinsics_count: 2    
2026-05-28 14:56:21 Consensus with no RPC sender success: CreatedBlock { hash: 0x45526a8aa83ab609408c8ebddcf395ada18ca18b2ae3464f80f8436e1fe6fdba, aux: ImportedAux { header_only: false, clear_justification_requests: false, needs_justification: false, bad_justification: false, is_new_best: true }, proof_size: 0 }    
2026-05-28 14:56:21 🏆 Imported #354 (0xe791…a130 → 0x4552…fdba)    
2026-05-28 14:56:22 💤 Idle (0 peers), best: #354 (0x4552…fdba), finalized #354 (0x4552…fdba), ⬇ 0 ⬆ 0    
2026-05-28 14:56:22 Current block number: 355    
2026-05-28 14:56:22 🙌 Starting consensus session on top of parent 0x45526a8aa83ab609408c8ebddcf395ada18ca18b2ae3464f80f8436e1fe6fdba (#354)    
2026-05-28 14:56:22 🎁 Prepared block for proposing at 355 (1 ms) hash: 0x8c9776df2682c8d0073116282c57ef89558d59b9e4fdefc5e4fb4fb35100e274; parent_hash: 0x4552…fdba; end: NoMoreTransactions; extrinsics_count: 2    
2026-05-28 14:56:22 Consensus with no RPC sender success: CreatedBlock { hash: 0x8c9776df2682c8d0073116282c57ef89558d59b9e4fdefc5e4fb4fb35100e274, aux: ImportedAux { header_only: false, clear_justification_requests: false, needs_justification: false, bad_justification: false, is_new_best: true }, proof_size: 0 }    
2026-05-28 14:56:22 🏆 Imported #355 (0x4552…fdba → 0x8c97…e274)    
2026-05-28 14:56:23 Current block number: 356    
2026-05-28 14:56:23 🙌 Starting consensus session on top of parent 0x8c9776df2682c8d0073116282c57ef89558d59b9e4fdefc5e4fb4fb35100e274 (#355)    
2026-05-28 14:56:23 🎁 Prepared block for proposing at 356 (1 ms) hash: 0xabf981e0e9d4a29d1de7d920b610001638a316c5ab765928d56ed2d5d83c7155; parent_hash: 0x8c97…e274; end: NoMoreTransactions; extrinsics_count: 2    
2026-05-28 14:56:23 Consensus with no RPC sender success: CreatedBlock { hash: 0xabf981e0e9d4a29d1de7d920b610001638a316c5ab765928d56ed2d5d83c7155, aux: ImportedAux { header_only: false, clear_justification_requests: false, needs_justification: false, bad_justification: false, is_new_best: true }, proof_size: 0 }    
2026-05-28 14:56:23 🏆 Imported #356 (0x8c97…e274 → 0xabf9…7155)    
2026-05-28 14:56:24 Current block number: 357    
2026-05-28 14:56:24 🙌 Starting consensus session on top of parent 0xabf981e0e9d4a29d1de7d920b610001638a316c5ab765928d56ed2d5d83c7155 (#356)    
2026-05-28 14:56:24 🎁 Prepared block for proposing at 357 (1 ms) hash: 0x0575c278738acff02629556393e65fbedad06b65c1137cefa484c57d100d5d92; parent_hash: 0xabf9…7155; end: NoMoreTransactions; extrinsics_count: 2    
2026-05-28 14:56:24 Consensus with no RPC sender success: CreatedBlock { hash: 0x0575c278738acff02629556393e65fbedad06b65c1137cefa484c57d100d5d92, aux: ImportedAux { header_only: false, clear_justification_requests: false, needs_justification: false, bad_justification: false, is_new_best: true }, proof_size: 0 }    
2026-05-28 14:56:24 🏆 Imported #357 (0xabf9…7155 → 0x0575…5d92)    
2026-05-28 14:56:25 Current block number: 358    
2026-05-28 14:56:25 🙌 Starting consensus session on top of parent 0x0575c278738acff02629556393e65fbedad06b65c1137cefa484c57d100d5d92 (#357)    
2026-05-28 14:56:25 🎁 Prepared block for proposing at 358 (2 ms) hash: 0xe757892db4880a03814eef432ce64aebe9727f397efc776e7fabd2bd783b747b; parent_hash: 0x0575…5d92; end: NoMoreTransactions; extrinsics_count: 2    
2026-05-28 14:56:25 Consensus with no RPC sender success: CreatedBlock { hash: 0xe757892db4880a03814eef432ce64aebe9727f397efc776e7fabd2bd783b747b, aux: ImportedAux { header_only: false, clear_justification_requests: false, needs_justification: false, bad_justification: false, is_new_best: true }, proof_size: 0 }    
2026-05-28 14:56:25 🏆 Imported #358 (0x0575…5d92 → 0xe757…747b)    
2026-05-28 14:56:26 Current block number: 359    
2026-05-28 14:56:26 🙌 Starting consensus session on top of parent 0xe757892db4880a03814eef432ce64aebe9727f397efc776e7fabd2bd783b747b (#358)    
2026-05-28 14:56:26 🎁 Prepared block for proposing at 359 (2 ms) hash: 0x083c0a7c764f492316ca38c94fce6a2d13ce5876a05d0d7dc0895622fe21325c; parent_hash: 0xe757…747b; end: NoMoreTransactions; extrinsics_count: 2    
2026-05-28 14:56:26 Consensus with no RPC sender success: CreatedBlock { hash: 0x083c0a7c764f492316ca38c94fce6a2d13ce5876a05d0d7dc0895622fe21325c, aux: ImportedAux { header_only: false, clear_justification_requests: false, needs_justification: false, bad_justification: false, is_new_best: true }, proof_size: 0 }    
2026-05-28 14:56:26 🏆 Imported #359 (0xe757…747b → 0x083c…325c)    
2026-05-28 14:56:27 💤 Idle (0 peers), best: #359 (0x083c…325c), finalized #359 (0x083c…325c), ⬇ 0 ⬆ 0    
2026-05-28 14:56:27 Current block number: 360    
2026-05-28 14:56:27 🙌 Starting consensus session on top of parent 0x083c0a7c764f492316ca38c94fce6a2d13ce5876a05d0d7dc0895622fe21325c (#359)    
2026-05-28 14:56:27 🎁 Prepared block for proposing at 360 (2 ms) hash: 0xcd0bc9774d5e802b4c6df35d38c99e6dbd8fdb421b547a15c9f0a7356916b61f; parent_hash: 0x083c…325c; end: NoMoreTransactions; extrinsics_count: 2    
2026-05-28 14:56:27 Consensus with no RPC sender success: CreatedBlock { hash: 0xcd0bc9774d5e802b4c6df35d38c99e6dbd8fdb421b547a15c9f0a7356916b61f, aux: ImportedAux { header_only: false, clear_justification_requests: false, needs_justification: false, bad_justification: false, is_new_best: true }, proof_size: 0 }    
2026-05-28 14:56:27 🏆 Imported #360 (0x083c…325c → 0xcd0b…b61f)    
2026-05-28 14:56:28 Current block number: 361    
2026-05-28 14:56:28 🙌 Starting consensus session on top of parent 0xcd0bc9774d5e802b4c6df35d38c99e6dbd8fdb421b547a15c9f0a7356916b61f (#360)    
2026-05-28 14:56:28 🎁 Prepared block for proposing at 361 (2 ms) hash: 0x0f3c0d3e550f7ecaaa405e4d213bacdea610dd4d0ea7ccd0ecb3fe234204885c; parent_hash: 0xcd0b…b61f; end: NoMoreTransactions; extrinsics_count: 2    
2026-05-28 14:56:28 Consensus with no RPC sender success: CreatedBlock { hash: 0x0f3c0d3e550f7ecaaa405e4d213bacdea610dd4d0ea7ccd0ecb3fe234204885c, aux: ImportedAux { header_only: false, clear_justification_requests: false, needs_justification: false, bad_justification: false, is_new_best: true }, proof_size: 0 }    
2026-05-28 14:56:28 🏆 Imported #361 (0xcd0b…b61f → 0x0f3c…885c)    
2026-05-28 14:56:29 Current block number: 362    
2026-05-28 14:56:29 🙌 Starting consensus session on top of parent 0x0f3c0d3e550f7ecaaa405e4d213bacdea610dd4d0ea7ccd0ecb3fe234204885c (#361)    
2026-05-28 14:56:29 🎁 Prepared block for proposing at 362 (1 ms) hash: 0xd164b5905acf3ad83ad03325e5940a4f52ba24f54892a22b55557dd882861565; parent_hash: 0x0f3c…885c; end: NoMoreTransactions; extrinsics_count: 2    
2026-05-28 14:56:29 Consensus with no RPC sender success: CreatedBlock { hash: 0xd164b5905acf3ad83ad03325e5940a4f52ba24f54892a22b55557dd882861565, aux: ImportedAux { header_only: false, clear_justification_requests: false, needs_justification: false, bad_justification: false, is_new_best: true }, proof_size: 0 }    
2026-05-28 14:56:29 🏆 Imported #362 (0x0f3c…885c → 0xd164…1565)    
2026-05-28 14:56:30 Current block number: 363    
2026-05-28 14:56:30 🙌 Starting consensus session on top of parent 0xd164b5905acf3ad83ad03325e5940a4f52ba24f54892a22b55557dd882861565 (#362)    
2026-05-28 14:56:30 🎁 Prepared block for proposing at 363 (3 ms) hash: 0x8d7352f1c0e7a8f0bf8b243da70b2f2ad61a50d1dbe6523e0d94bb0e099479f2; parent_hash: 0xd164…1565; end: NoMoreTransactions; extrinsics_count: 2    
2026-05-28 14:56:30 Consensus with no RPC sender success: CreatedBlock { hash: 0x8d7352f1c0e7a8f0bf8b243da70b2f2ad61a50d1dbe6523e0d94bb0e099479f2, aux: ImportedAux { header_only: false, clear_justification_requests: false, needs_justification: false, bad_justification: false, is_new_best: true }, proof_size: 0 }    
2026-05-28 14:56:30 🏆 Imported #363 (0xd164…1565 → 0x8d73…79f2)    
2026-05-28 14:56:31 Current block number: 364    
2026-05-28 14:56:31 🙌 Starting consensus session on top of parent 0x8d7352f1c0e7a8f0bf8b243da70b2f2ad61a50d1dbe6523e0d94bb0e099479f2 (#363)    
2026-05-28 14:56:31 🎁 Prepared block for proposing at 364 (1 ms) hash: 0xdf6c0d8433c140a52b52089da51a17ecf52b6aa62eae6b4d6cf32c148a100383; parent_hash: 0x8d73…79f2; end: NoMoreTransactions; extrinsics_count: 2    
2026-05-28 14:56:31 Consensus with no RPC sender success: CreatedBlock { hash: 0xdf6c0d8433c140a52b52089da51a17ecf52b6aa62eae6b4d6cf32c148a100383, aux: ImportedAux { header_only: false, clear_justification_requests: false, needs_justification: false, bad_justification: false, is_new_best: true }, proof_size: 0 }    
2026-05-28 14:56:31 🏆 Imported #364 (0x8d73…79f2 → 0xdf6c…0383)    
2026-05-28 14:56:32 💤 Idle (0 peers), best: #364 (0xdf6c…0383), finalized #364 (0xdf6c…0383), ⬇ 0 ⬆ 0    
2026-05-28 14:56:32 Current block number: 365    
2026-05-28 14:56:32 🙌 Starting consensus session on top of parent 0xdf6c0d8433c140a52b52089da51a17ecf52b6aa62eae6b4d6cf32c148a100383 (#364)    
2026-05-28 14:56:32 🎁 Prepared block for proposing at 365 (1 ms) hash: 0x719e2f6ba22a9c5ea71621b0e913b5537eda46c14081f53c8245e50f98353f23; parent_hash: 0xdf6c…0383; end: NoMoreTransactions; extrinsics_count: 2    
2026-05-28 14:56:32 Consensus with no RPC sender success: CreatedBlock { hash: 0x719e2f6ba22a9c5ea71621b0e913b5537eda46c14081f53c8245e50f98353f23, aux: ImportedAux { header_only: false, clear_justification_requests: false, needs_justification: false, bad_justification: false, is_new_best: true }, proof_size: 0 }    
2026-05-28 14:56:32 🏆 Imported #365 (0xdf6c…0383 → 0x719e…3f23)    
2026-05-28 14:56:33 Current block number: 366    
2026-05-28 14:56:33 🙌 Starting consensus session on top of parent 0x719e2f6ba22a9c5ea71621b0e913b5537eda46c14081f53c8245e50f98353f23 (#365)    
2026-05-28 14:56:33 🎁 Prepared block for proposing at 366 (2 ms) hash: 0xfa9174540b846575a33fca671e34fd8af0b4f633302ef72b6f52ac6868f85269; parent_hash: 0x719e…3f23; end: NoMoreTransactions; extrinsics_count: 2    
2026-05-28 14:56:33 Consensus with no RPC sender success: CreatedBlock { hash: 0xfa9174540b846575a33fca671e34fd8af0b4f633302ef72b6f52ac6868f85269, aux: ImportedAux { header_only: false, clear_justification_requests: false, needs_justification: false, bad_justification: false, is_new_best: true }, proof_size: 0 }    
2026-05-28 14:56:33 🏆 Imported #366 (0x719e…3f23 → 0xfa91…5269)    
2026-05-28 14:56:34 Current block number: 367    
2026-05-28 14:56:34 🙌 Starting consensus session on top of parent 0xfa9174540b846575a33fca671e34fd8af0b4f633302ef72b6f52ac6868f85269 (#366)    
2026-05-28 14:56:34 🎁 Prepared block for proposing at 367 (1 ms) hash: 0x69b46a558c197fe9d9e960f5a1ccebadb8ac3559e68b6e51ffa65697286ef37f; parent_hash: 0xfa91…5269; end: NoMoreTransactions; extrinsics_count: 2    
2026-05-28 14:56:34 Consensus with no RPC sender success: CreatedBlock { hash: 0x69b46a558c197fe9d9e960f5a1ccebadb8ac3559e68b6e51ffa65697286ef37f, aux: ImportedAux { header_only: false, clear_justification_requests: false, needs_justification: false, bad_justification: false, is_new_best: true }, proof_size: 0 }    
2026-05-28 14:56:34 🏆 Imported #367 (0xfa91…5269 → 0x69b4…f37f)    
2026-05-28 14:56:35 Current block number: 368    
2026-05-28 14:56:35 🙌 Starting consensus session on top of parent 0x69b46a558c197fe9d9e960f5a1ccebadb8ac3559e68b6e51ffa65697286ef37f (#367)    
2026-05-28 14:56:35 🎁 Prepared block for proposing at 368 (2 ms) hash: 0x3a9a534fe630a517c32f7313ab9b40bbfed56e8be236dedeb71e2477e6001a03; parent_hash: 0x69b4…f37f; end: NoMoreTransactions; extrinsics_count: 2    
2026-05-28 14:56:35 Consensus with no RPC sender success: CreatedBlock { hash: 0x3a9a534fe630a517c32f7313ab9b40bbfed56e8be236dedeb71e2477e6001a03, aux: ImportedAux { header_only: false, clear_justification_requests: false, needs_justification: false, bad_justification: false, is_new_best: true }, proof_size: 0 }    
2026-05-28 14:56:35 🏆 Imported #368 (0x69b4…f37f → 0x3a9a…1a03)    
2026-05-28 14:56:36 Current block number: 369    
2026-05-28 14:56:36 🙌 Starting consensus session on top of parent 0x3a9a534fe630a517c32f7313ab9b40bbfed56e8be236dedeb71e2477e6001a03 (#368)    
2026-05-28 14:56:36 🎁 Prepared block for proposing at 369 (3 ms) hash: 0xf53345185f7c4f13ff0914326f5a6869934c2632510d281c5e9dd1ba496bfa26; parent_hash: 0x3a9a…1a03; end: NoMoreTransactions; extrinsics_count: 2    
2026-05-28 14:56:36 Consensus with no RPC sender success: CreatedBlock { hash: 0xf53345185f7c4f13ff0914326f5a6869934c2632510d281c5e9dd1ba496bfa26, aux: ImportedAux { header_only: false, clear_justification_requests: false, needs_justification: false, bad_justification: false, is_new_best: true }, proof_size: 0 }    
2026-05-28 14:56:36 🏆 Imported #369 (0x3a9a…1a03 → 0xf533…fa26)    
2026-05-28 14:56:37 💤 Idle (0 peers), best: #369 (0xf533…fa26), finalized #369 (0xf533…fa26), ⬇ 0 ⬆ 0    
2026-05-28 14:56:37 Current block number: 370    
2026-05-28 14:56:37 🙌 Starting consensus session on top of parent 0xf53345185f7c4f13ff0914326f5a6869934c2632510d281c5e9dd1ba496bfa26 (#369)    
2026-05-28 14:56:37 🎁 Prepared block for proposing at 370 (2 ms) hash: 0x10773b45763c72e9d1b161fd294973013750fe1de046162ebebcd3bd2657fd6d; parent_hash: 0xf533…fa26; end: NoMoreTransactions; extrinsics_count: 2    
2026-05-28 14:56:37 Consensus with no RPC sender success: CreatedBlock { hash: 0x10773b45763c72e9d1b161fd294973013750fe1de046162ebebcd3bd2657fd6d, aux: ImportedAux { header_only: false, clear_justification_requests: false, needs_justification: false, bad_justification: false, is_new_best: true }, proof_size: 0 }    
2026-05-28 14:56:37 🏆 Imported #370 (0xf533…fa26 → 0x1077…fd6d)    
2026-05-28 14:56:38 Current block number: 371    
2026-05-28 14:56:38 🙌 Starting consensus session on top of parent 0x10773b45763c72e9d1b161fd294973013750fe1de046162ebebcd3bd2657fd6d (#370)    
2026-05-28 14:56:38 🎁 Prepared block for proposing at 371 (2 ms) hash: 0x3820ab5a1fce9bae4e5924bd655750431bb7a4dc93f15697004780c3886eab8d; parent_hash: 0x1077…fd6d; end: NoMoreTransactions; extrinsics_count: 2    
2026-05-28 14:56:38 Consensus with no RPC sender success: CreatedBlock { hash: 0x3820ab5a1fce9bae4e5924bd655750431bb7a4dc93f15697004780c3886eab8d, aux: ImportedAux { header_only: false, clear_justification_requests: false, needs_justification: false, bad_justification: false, is_new_best: true }, proof_size: 0 }    
2026-05-28 14:56:38 🏆 Imported #371 (0x1077…fd6d → 0x3820…ab8d)    
2026-05-28 14:56:39 Current block number: 372    
2026-05-28 14:56:39 🙌 Starting consensus session on top of parent 0x3820ab5a1fce9bae4e5924bd655750431bb7a4dc93f15697004780c3886eab8d (#371)    
2026-05-28 14:56:39 🎁 Prepared block for proposing at 372 (2 ms) hash: 0x9b6d74ec7acd259c6e8e7b3951a241494b29fe473517ae0236b9b1a357cefafd; parent_hash: 0x3820…ab8d; end: NoMoreTransactions; extrinsics_count: 2    
2026-05-28 14:56:39 Consensus with no RPC sender success: CreatedBlock { hash: 0x9b6d74ec7acd259c6e8e7b3951a241494b29fe473517ae0236b9b1a357cefafd, aux: ImportedAux { header_only: false, clear_justification_requests: false, needs_justification: false, bad_justification: false, is_new_best: true }, proof_size: 0 }    
2026-05-28 14:56:39 🏆 Imported #372 (0x3820…ab8d → 0x9b6d…fafd)    
2026-05-28 14:56:40 Current block number: 373    
2026-05-28 14:56:40 🙌 Starting consensus session on top of parent 0x9b6d74ec7acd259c6e8e7b3951a241494b29fe473517ae0236b9b1a357cefafd (#372)    
2026-05-28 14:56:40 🎁 Prepared block for proposing at 373 (2 ms) hash: 0x6441bd0cfaee7db44905eb19ed97207330badf62665ab50cf76d7fb203a6da12; parent_hash: 0x9b6d…fafd; end: NoMoreTransactions; extrinsics_count: 2    
2026-05-28 14:56:40 Consensus with no RPC sender success: CreatedBlock { hash: 0x6441bd0cfaee7db44905eb19ed97207330badf62665ab50cf76d7fb203a6da12, aux: ImportedAux { header_only: false, clear_justification_requests: false, needs_justification: false, bad_justification: false, is_new_best: true }, proof_size: 0 }    
2026-05-28 14:56:40 🏆 Imported #373 (0x9b6d…fafd → 0x6441…da12)    
2026-05-28 14:56:41 Current block number: 374    
2026-05-28 14:56:41 🙌 Starting consensus session on top of parent 0x6441bd0cfaee7db44905eb19ed97207330badf62665ab50cf76d7fb203a6da12 (#373)    
2026-05-28 14:56:41 🎁 Prepared block for proposing at 374 (2 ms) hash: 0x223238c2e42cb03448680a42c18851387a77976f055e197f9f0dd71478fba4d2; parent_hash: 0x6441…da12; end: NoMoreTransactions; extrinsics_count: 2    
2026-05-28 14:56:41 Consensus with no RPC sender success: CreatedBlock { hash: 0x223238c2e42cb03448680a42c18851387a77976f055e197f9f0dd71478fba4d2, aux: ImportedAux { header_only: false, clear_justification_requests: false, needs_justification: false, bad_justification: false, is_new_best: true }, proof_size: 0 }    
2026-05-28 14:56:41 🏆 Imported #374 (0x6441…da12 → 0x2232…a4d2)    
2026-05-28 14:56:42 💤 Idle (0 peers), best: #374 (0x2232…a4d2), finalized #374 (0x2232…a4d2), ⬇ 0 ⬆ 0    
2026-05-28 14:56:42 Current block number: 375    
2026-05-28 14:56:42 🙌 Starting consensus session on top of parent 0x223238c2e42cb03448680a42c18851387a77976f055e197f9f0dd71478fba4d2 (#374)    
2026-05-28 14:56:42 🎁 Prepared block for proposing at 375 (3 ms) hash: 0xced2e544f6ffbdd276fdcca93e3e41d9642243d1ca85496d32a83fe8f12a961e; parent_hash: 0x2232…a4d2; end: NoMoreTransactions; extrinsics_count: 2    
2026-05-28 14:56:42 Consensus with no RPC sender success: CreatedBlock { hash: 0xced2e544f6ffbdd276fdcca93e3e41d9642243d1ca85496d32a83fe8f12a961e, aux: ImportedAux { header_only: false, clear_justification_requests: false, needs_justification: false, bad_justification: false, is_new_best: true }, proof_size: 0 }    
2026-05-28 14:56:42 🏆 Imported #375 (0x2232…a4d2 → 0xced2…961e)    
2026-05-28 14:56:43 Current block number: 376    
2026-05-28 14:56:43 🙌 Starting consensus session on top of parent 0xced2e544f6ffbdd276fdcca93e3e41d9642243d1ca85496d32a83fe8f12a961e (#375)    
2026-05-28 14:56:43 🎁 Prepared block for proposing at 376 (2 ms) hash: 0x1b3fc7e1f6c24eecdb9b1e6bc9908aeed04a81c2fadfeafeb0e03c3de90f3d5d; parent_hash: 0xced2…961e; end: NoMoreTransactions; extrinsics_count: 2    
2026-05-28 14:56:43 Consensus with no RPC sender success: CreatedBlock { hash: 0x1b3fc7e1f6c24eecdb9b1e6bc9908aeed04a81c2fadfeafeb0e03c3de90f3d5d, aux: ImportedAux { header_only: false, clear_justification_requests: false, needs_justification: false, bad_justification: false, is_new_best: true }, proof_size: 0 }    
2026-05-28 14:56:43 🏆 Imported #376 (0xced2…961e → 0x1b3f…3d5d)    
2026-05-28 14:56:44 Current block number: 377    
2026-05-28 14:56:44 🙌 Starting consensus session on top of parent 0x1b3fc7e1f6c24eecdb9b1e6bc9908aeed04a81c2fadfeafeb0e03c3de90f3d5d (#376)    
2026-05-28 14:56:44 🎁 Prepared block for proposing at 377 (1 ms) hash: 0x6654fc5237e972fa7f953c9ea5ff0d44e8dfac8d75e5bf3640cc663fe2accfc4; parent_hash: 0x1b3f…3d5d; end: NoMoreTransactions; extrinsics_count: 2    
2026-05-28 14:56:44 Consensus with no RPC sender success: CreatedBlock { hash: 0x6654fc5237e972fa7f953c9ea5ff0d44e8dfac8d75e5bf3640cc663fe2accfc4, aux: ImportedAux { header_only: false, clear_justification_requests: false, needs_justification: false, bad_justification: false, is_new_best: true }, proof_size: 0 }    
2026-05-28 14:56:44 🏆 Imported #377 (0x1b3f…3d5d → 0x6654…cfc4)    
2026-05-28 14:56:45 Current block number: 378    
2026-05-28 14:56:45 🙌 Starting consensus session on top of parent 0x6654fc5237e972fa7f953c9ea5ff0d44e8dfac8d75e5bf3640cc663fe2accfc4 (#377)    
2026-05-28 14:56:45 🎁 Prepared block for proposing at 378 (1 ms) hash: 0xaaf691591728dc174a9b936a84597146265b5db3d01a3ef4e28d1e06aee7a597; parent_hash: 0x6654…cfc4; end: NoMoreTransactions; extrinsics_count: 2    
2026-05-28 14:56:45 Consensus with no RPC sender success: CreatedBlock { hash: 0xaaf691591728dc174a9b936a84597146265b5db3d01a3ef4e28d1e06aee7a597, aux: ImportedAux { header_only: false, clear_justification_requests: false, needs_justification: false, bad_justification: false, is_new_best: true }, proof_size: 0 }    
2026-05-28 14:56:45 🏆 Imported #378 (0x6654…cfc4 → 0xaaf6…a597)    
2026-05-28 14:56:46 Current block number: 379    
2026-05-28 14:56:46 🙌 Starting consensus session on top of parent 0xaaf691591728dc174a9b936a84597146265b5db3d01a3ef4e28d1e06aee7a597 (#378)    
2026-05-28 14:56:46 🎁 Prepared block for proposing at 379 (1 ms) hash: 0xcd2caec6c1198e176e2547bc18018eccafb02f603b51b1026ec1e0c1a33bb16b; parent_hash: 0xaaf6…a597; end: NoMoreTransactions; extrinsics_count: 2    
2026-05-28 14:56:46 Consensus with no RPC sender success: CreatedBlock { hash: 0xcd2caec6c1198e176e2547bc18018eccafb02f603b51b1026ec1e0c1a33bb16b, aux: ImportedAux { header_only: false, clear_justification_requests: false, needs_justification: false, bad_justification: false, is_new_best: true }, proof_size: 0 }    
2026-05-28 14:56:46 🏆 Imported #379 (0xaaf6…a597 → 0xcd2c…b16b)    
2026-05-28 14:56:47 💤 Idle (0 peers), best: #379 (0xcd2c…b16b), finalized #379 (0xcd2c…b16b), ⬇ 0 ⬆ 0    
2026-05-28 14:56:47 Current block number: 380    
2026-05-28 14:56:47 🙌 Starting consensus session on top of parent 0xcd2caec6c1198e176e2547bc18018eccafb02f603b51b1026ec1e0c1a33bb16b (#379)    
2026-05-28 14:56:47 🎁 Prepared block for proposing at 380 (4 ms) hash: 0xa4aa587549dcd679490918cdd829624dcf4b30fed49841d3537e18a874a63383; parent_hash: 0xcd2c…b16b; end: NoMoreTransactions; extrinsics_count: 2    
2026-05-28 14:56:47 Consensus with no RPC sender success: CreatedBlock { hash: 0xa4aa587549dcd679490918cdd829624dcf4b30fed49841d3537e18a874a63383, aux: ImportedAux { header_only: false, clear_justification_requests: false, needs_justification: false, bad_justification: false, is_new_best: true }, proof_size: 0 }    
2026-05-28 14:56:47 🏆 Imported #380 (0xcd2c…b16b → 0xa4aa…3383)    
2026-05-28 14:56:48 Current block number: 381    
2026-05-28 14:56:48 🙌 Starting consensus session on top of parent 0xa4aa587549dcd679490918cdd829624dcf4b30fed49841d3537e18a874a63383 (#380)    
2026-05-28 14:56:48 🎁 Prepared block for proposing at 381 (2 ms) hash: 0xa28c3f7bb8b499efbe9ffe9f6ded0e98b273af3eb2e70690f4f1d9658aa15804; parent_hash: 0xa4aa…3383; end: NoMoreTransactions; extrinsics_count: 2    
2026-05-28 14:56:48 Consensus with no RPC sender success: CreatedBlock { hash: 0xa28c3f7bb8b499efbe9ffe9f6ded0e98b273af3eb2e70690f4f1d9658aa15804, aux: ImportedAux { header_only: false, clear_justification_requests: false, needs_justification: false, bad_justification: false, is_new_best: true }, proof_size: 0 }    
2026-05-28 14:56:48 🏆 Imported #381 (0xa4aa…3383 → 0xa28c…5804)    
2026-05-28 14:56:49 Current block number: 382    
2026-05-28 14:56:49 🙌 Starting consensus session on top of parent 0xa28c3f7bb8b499efbe9ffe9f6ded0e98b273af3eb2e70690f4f1d9658aa15804 (#381)    
2026-05-28 14:56:49 🎁 Prepared block for proposing at 382 (3 ms) hash: 0xd7b39e82331b6524ae8ecda370cd0561ca79019bb4b77074dc7124545bb9c611; parent_hash: 0xa28c…5804; end: NoMoreTransactions; extrinsics_count: 2    
2026-05-28 14:56:49 Consensus with no RPC sender success: CreatedBlock { hash: 0xd7b39e82331b6524ae8ecda370cd0561ca79019bb4b77074dc7124545bb9c611, aux: ImportedAux { header_only: false, clear_justification_requests: false, needs_justification: false, bad_justification: false, is_new_best: true }, proof_size: 0 }    
2026-05-28 14:56:49 🏆 Imported #382 (0xa28c…5804 → 0xd7b3…c611)    
2026-05-28 14:56:50 Current block number: 383    
2026-05-28 14:56:50 🙌 Starting consensus session on top of parent 0xd7b39e82331b6524ae8ecda370cd0561ca79019bb4b77074dc7124545bb9c611 (#382)    
2026-05-28 14:56:50 🎁 Prepared block for proposing at 383 (3 ms) hash: 0x5956813cf70b9fb9201470209992475e7ab7bb9694a27732bdf598ded3f26ab9; parent_hash: 0xd7b3…c611; end: NoMoreTransactions; extrinsics_count: 2    
2026-05-28 14:56:50 Consensus with no RPC sender success: CreatedBlock { hash: 0x5956813cf70b9fb9201470209992475e7ab7bb9694a27732bdf598ded3f26ab9, aux: ImportedAux { header_only: false, clear_justification_requests: false, needs_justification: false, bad_justification: false, is_new_best: true }, proof_size: 0 }    
2026-05-28 14:56:50 🏆 Imported #383 (0xd7b3…c611 → 0x5956…6ab9)    
2026-05-28 14:56:51 Current block number: 384    
2026-05-28 14:56:51 🙌 Starting consensus session on top of parent 0x5956813cf70b9fb9201470209992475e7ab7bb9694a27732bdf598ded3f26ab9 (#383)    
2026-05-28 14:56:51 🎁 Prepared block for proposing at 384 (3 ms) hash: 0xe8c6261306077b430b716dde75a161899bcfd574c45e160a13a6a432781eaa7e; parent_hash: 0x5956…6ab9; end: NoMoreTransactions; extrinsics_count: 2    
2026-05-28 14:56:51 Consensus with no RPC sender success: CreatedBlock { hash: 0xe8c6261306077b430b716dde75a161899bcfd574c45e160a13a6a432781eaa7e, aux: ImportedAux { header_only: false, clear_justification_requests: false, needs_justification: false, bad_justification: false, is_new_best: true }, proof_size: 0 }    
2026-05-28 14:56:51 🏆 Imported #384 (0x5956…6ab9 → 0xe8c6…aa7e)    
2026-05-28 14:56:52 💤 Idle (0 peers), best: #384 (0xe8c6…aa7e), finalized #384 (0xe8c6…aa7e), ⬇ 0 ⬆ 0    
2026-05-28 14:56:52 Current block number: 385    
2026-05-28 14:56:52 🙌 Starting consensus session on top of parent 0xe8c6261306077b430b716dde75a161899bcfd574c45e160a13a6a432781eaa7e (#384)    
2026-05-28 14:56:52 🎁 Prepared block for proposing at 385 (3 ms) hash: 0x63f88385d95cc97859dbc05f0e8d483474f6cf19d8704cddde3c110d6372f429; parent_hash: 0xe8c6…aa7e; end: NoMoreTransactions; extrinsics_count: 2    
2026-05-28 14:56:52 Consensus with no RPC sender success: CreatedBlock { hash: 0x63f88385d95cc97859dbc05f0e8d483474f6cf19d8704cddde3c110d6372f429, aux: ImportedAux { header_only: false, clear_justification_requests: false, needs_justification: false, bad_justification: false, is_new_best: true }, proof_size: 0 }    
2026-05-28 14:56:52 🏆 Imported #385 (0xe8c6…aa7e → 0x63f8…f429)    
2026-05-28 14:56:53 Current block number: 386    
2026-05-28 14:56:53 🙌 Starting consensus session on top of parent 0x63f88385d95cc97859dbc05f0e8d483474f6cf19d8704cddde3c110d6372f429 (#385)    
2026-05-28 14:56:53 🎁 Prepared block for proposing at 386 (3 ms) hash: 0x6c31d5543cc10c579c370f5dfb13005d79964749c5db1fdf466be5a70392d424; parent_hash: 0x63f8…f429; end: NoMoreTransactions; extrinsics_count: 2    
2026-05-28 14:56:53 Consensus with no RPC sender success: CreatedBlock { hash: 0x6c31d5543cc10c579c370f5dfb13005d79964749c5db1fdf466be5a70392d424, aux: ImportedAux { header_only: false, clear_justification_requests: false, needs_justification: false, bad_justification: false, is_new_best: true }, proof_size: 0 }    
2026-05-28 14:56:53 🏆 Imported #386 (0x63f8…f429 → 0x6c31…d424)    
2026-05-28 14:56:54 Current block number: 387    
2026-05-28 14:56:54 🙌 Starting consensus session on top of parent 0x6c31d5543cc10c579c370f5dfb13005d79964749c5db1fdf466be5a70392d424 (#386)    
2026-05-28 14:56:54 🎁 Prepared block for proposing at 387 (3 ms) hash: 0x0df7082bc924ee62ea0563d6917313bc0ba51416d863e3d52d828201aa63c34d; parent_hash: 0x6c31…d424; end: NoMoreTransactions; extrinsics_count: 2    
2026-05-28 14:56:54 Consensus with no RPC sender success: CreatedBlock { hash: 0x0df7082bc924ee62ea0563d6917313bc0ba51416d863e3d52d828201aa63c34d, aux: ImportedAux { header_only: false, clear_justification_requests: false, needs_justification: false, bad_justification: false, is_new_best: true }, proof_size: 0 }    
2026-05-28 14:56:54 🏆 Imported #387 (0x6c31…d424 → 0x0df7…c34d)    
2026-05-28 14:56:55 Current block number: 388    
2026-05-28 14:56:55 🙌 Starting consensus session on top of parent 0x0df7082bc924ee62ea0563d6917313bc0ba51416d863e3d52d828201aa63c34d (#387)    
2026-05-28 14:56:55 🎁 Prepared block for proposing at 388 (1 ms) hash: 0xb4faa35d971fad4c938c127206ef27aae23482d98f29f3169f1883b1245459d1; parent_hash: 0x0df7…c34d; end: NoMoreTransactions; extrinsics_count: 2    
2026-05-28 14:56:55 Consensus with no RPC sender success: CreatedBlock { hash: 0xb4faa35d971fad4c938c127206ef27aae23482d98f29f3169f1883b1245459d1, aux: ImportedAux { header_only: false, clear_justification_requests: false, needs_justification: false, bad_justification: false, is_new_best: true }, proof_size: 0 }    
2026-05-28 14:56:55 🏆 Imported #388 (0x0df7…c34d → 0xb4fa…59d1)    
2026-05-28 14:56:56 Current block number: 389    
2026-05-28 14:56:56 🙌 Starting consensus session on top of parent 0xb4faa35d971fad4c938c127206ef27aae23482d98f29f3169f1883b1245459d1 (#388)    
2026-05-28 14:56:56 🎁 Prepared block for proposing at 389 (2 ms) hash: 0xb6c688e4d0d3d4da84d4963b0d13b6fce01d225f1900aed65fdfc52613170f4b; parent_hash: 0xb4fa…59d1; end: NoMoreTransactions; extrinsics_count: 2    
2026-05-28 14:56:56 Consensus with no RPC sender success: CreatedBlock { hash: 0xb6c688e4d0d3d4da84d4963b0d13b6fce01d225f1900aed65fdfc52613170f4b, aux: ImportedAux { header_only: false, clear_justification_requests: false, needs_justification: false, bad_justification: false, is_new_best: true }, proof_size: 0 }    
2026-05-28 14:56:56 🏆 Imported #389 (0xb4fa…59d1 → 0xb6c6…0f4b)    
2026-05-28 14:56:57 💤 Idle (0 peers), best: #389 (0xb6c6…0f4b), finalized #389 (0xb6c6…0f4b), ⬇ 0 ⬆ 0    
2026-05-28 14:56:57 Current block number: 390    
2026-05-28 14:56:57 🙌 Starting consensus session on top of parent 0xb6c688e4d0d3d4da84d4963b0d13b6fce01d225f1900aed65fdfc52613170f4b (#389)    
2026-05-28 14:56:57 🎁 Prepared block for proposing at 390 (3 ms) hash: 0x31ff422cb2eb0301e6448edf8d76227366db76818064567555e4889dccae6376; parent_hash: 0xb6c6…0f4b; end: NoMoreTransactions; extrinsics_count: 2    
2026-05-28 14:56:57 Consensus with no RPC sender success: CreatedBlock { hash: 0x31ff422cb2eb0301e6448edf8d76227366db76818064567555e4889dccae6376, aux: ImportedAux { header_only: false, clear_justification_requests: false, needs_justification: false, bad_justification: false, is_new_best: true }, proof_size: 0 }    
2026-05-28 14:56:57 🏆 Imported #390 (0xb6c6…0f4b → 0x31ff…6376)    
2026-05-28 14:56:58 Current block number: 391    
2026-05-28 14:56:58 🙌 Starting consensus session on top of parent 0x31ff422cb2eb0301e6448edf8d76227366db76818064567555e4889dccae6376 (#390)    
2026-05-28 14:56:58 🎁 Prepared block for proposing at 391 (3 ms) hash: 0xab9122434522a295ebb8a2873f31a0b48ba8ae8227effaa72e48e3c440aab065; parent_hash: 0x31ff…6376; end: NoMoreTransactions; extrinsics_count: 2    
2026-05-28 14:56:58 Consensus with no RPC sender success: CreatedBlock { hash: 0xab9122434522a295ebb8a2873f31a0b48ba8ae8227effaa72e48e3c440aab065, aux: ImportedAux { header_only: false, clear_justification_requests: false, needs_justification: false, bad_justification: false, is_new_best: true }, proof_size: 0 }    
2026-05-28 14:56:58 🏆 Imported #391 (0x31ff…6376 → 0xab91…b065)    
2026-05-28 14:56:59 Current block number: 392    
2026-05-28 14:56:59 🙌 Starting consensus session on top of parent 0xab9122434522a295ebb8a2873f31a0b48ba8ae8227effaa72e48e3c440aab065 (#391)    
2026-05-28 14:56:59 🎁 Prepared block for proposing at 392 (1 ms) hash: 0x8c303f039cef4a774cf231bcc0b9fb03cc8ae1ca289e84eceffc4310b4d9da3d; parent_hash: 0xab91…b065; end: NoMoreTransactions; extrinsics_count: 2    
2026-05-28 14:56:59 Consensus with no RPC sender success: CreatedBlock { hash: 0x8c303f039cef4a774cf231bcc0b9fb03cc8ae1ca289e84eceffc4310b4d9da3d, aux: ImportedAux { header_only: false, clear_justification_requests: false, needs_justification: false, bad_justification: false, is_new_best: true }, proof_size: 0 }    
2026-05-28 14:56:59 🏆 Imported #392 (0xab91…b065 → 0x8c30…da3d)    
2026-05-28 14:57:00 Current block number: 393    
2026-05-28 14:57:00 🙌 Starting consensus session on top of parent 0x8c303f039cef4a774cf231bcc0b9fb03cc8ae1ca289e84eceffc4310b4d9da3d (#392)    
2026-05-28 14:57:00 🎁 Prepared block for proposing at 393 (1 ms) hash: 0x7f2dfe803d89e25433f2b63718fa20d09a605e04c19935f32395b30f0706078c; parent_hash: 0x8c30…da3d; end: NoMoreTransactions; extrinsics_count: 2    
2026-05-28 14:57:00 Consensus with no RPC sender success: CreatedBlock { hash: 0x7f2dfe803d89e25433f2b63718fa20d09a605e04c19935f32395b30f0706078c, aux: ImportedAux { header_only: false, clear_justification_requests: false, needs_justification: false, bad_justification: false, is_new_best: true }, proof_size: 0 }    
2026-05-28 14:57:00 🏆 Imported #393 (0x8c30…da3d → 0x7f2d…078c)    
2026-05-28 14:57:01 Current block number: 394    
2026-05-28 14:57:01 🙌 Starting consensus session on top of parent 0x7f2dfe803d89e25433f2b63718fa20d09a605e04c19935f32395b30f0706078c (#393)    
2026-05-28 14:57:01 🎁 Prepared block for proposing at 394 (2 ms) hash: 0x4a9d9ff4b683e636dc1709878aef6b6528c748c536afcf65eaaf4c5ae33a0aed; parent_hash: 0x7f2d…078c; end: NoMoreTransactions; extrinsics_count: 2    
2026-05-28 14:57:01 Consensus with no RPC sender success: CreatedBlock { hash: 0x4a9d9ff4b683e636dc1709878aef6b6528c748c536afcf65eaaf4c5ae33a0aed, aux: ImportedAux { header_only: false, clear_justification_requests: false, needs_justification: false, bad_justification: false, is_new_best: true }, proof_size: 0 }    
2026-05-28 14:57:01 🏆 Imported #394 (0x7f2d…078c → 0x4a9d…0aed)    
2026-05-28 14:57:02 💤 Idle (0 peers), best: #394 (0x4a9d…0aed), finalized #394 (0x4a9d…0aed), ⬇ 0 ⬆ 0    
2026-05-28 14:57:02 Current block number: 395    
2026-05-28 14:57:02 🙌 Starting consensus session on top of parent 0x4a9d9ff4b683e636dc1709878aef6b6528c748c536afcf65eaaf4c5ae33a0aed (#394)    
2026-05-28 14:57:02 🎁 Prepared block for proposing at 395 (1 ms) hash: 0x7ad3a12e1cfbe485b94d477b49f48de2925543e1ad494d3f77977e412f62614b; parent_hash: 0x4a9d…0aed; end: NoMoreTransactions; extrinsics_count: 2    
2026-05-28 14:57:02 Consensus with no RPC sender success: CreatedBlock { hash: 0x7ad3a12e1cfbe485b94d477b49f48de2925543e1ad494d3f77977e412f62614b, aux: ImportedAux { header_only: false, clear_justification_requests: false, needs_justification: false, bad_justification: false, is_new_best: true }, proof_size: 0 }    
2026-05-28 14:57:02 🏆 Imported #395 (0x4a9d…0aed → 0x7ad3…614b)    
2026-05-28 14:57:03 Current block number: 396    
2026-05-28 14:57:03 🙌 Starting consensus session on top of parent 0x7ad3a12e1cfbe485b94d477b49f48de2925543e1ad494d3f77977e412f62614b (#395)    
2026-05-28 14:57:03 🎁 Prepared block for proposing at 396 (3 ms) hash: 0xe66e5cebf9a3d984814c02b7956667456b987edf03a56b762fa712ddb88ed95d; parent_hash: 0x7ad3…614b; end: NoMoreTransactions; extrinsics_count: 2    
2026-05-28 14:57:03 Consensus with no RPC sender success: CreatedBlock { hash: 0xe66e5cebf9a3d984814c02b7956667456b987edf03a56b762fa712ddb88ed95d, aux: ImportedAux { header_only: false, clear_justification_requests: false, needs_justification: false, bad_justification: false, is_new_best: true }, proof_size: 0 }    
2026-05-28 14:57:03 🏆 Imported #396 (0x7ad3…614b → 0xe66e…d95d)    
2026-05-28 14:57:04 Current block number: 397    
2026-05-28 14:57:04 🙌 Starting consensus session on top of parent 0xe66e5cebf9a3d984814c02b7956667456b987edf03a56b762fa712ddb88ed95d (#396)    
2026-05-28 14:57:04 🎁 Prepared block for proposing at 397 (2 ms) hash: 0x192be1fe11f435d442cad6707d382697ae78ba7db2fdc802c6607e4c7683aca9; parent_hash: 0xe66e…d95d; end: NoMoreTransactions; extrinsics_count: 2    
2026-05-28 14:57:04 Consensus with no RPC sender success: CreatedBlock { hash: 0x192be1fe11f435d442cad6707d382697ae78ba7db2fdc802c6607e4c7683aca9, aux: ImportedAux { header_only: false, clear_justification_requests: false, needs_justification: false, bad_justification: false, is_new_best: true }, proof_size: 0 }    
2026-05-28 14:57:04 🏆 Imported #397 (0xe66e…d95d → 0x192b…aca9)    
2026-05-28 14:57:05 Current block number: 398    
2026-05-28 14:57:05 🙌 Starting consensus session on top of parent 0x192be1fe11f435d442cad6707d382697ae78ba7db2fdc802c6607e4c7683aca9 (#397)    
2026-05-28 14:57:05 🎁 Prepared block for proposing at 398 (3 ms) hash: 0xde003c3275d346ebe916f4788067d82ef4da992275e2499d0bad24beee0554ad; parent_hash: 0x192b…aca9; end: NoMoreTransactions; extrinsics_count: 2    
2026-05-28 14:57:05 Consensus with no RPC sender success: CreatedBlock { hash: 0xde003c3275d346ebe916f4788067d82ef4da992275e2499d0bad24beee0554ad, aux: ImportedAux { header_only: false, clear_justification_requests: false, needs_justification: false, bad_justification: false, is_new_best: true }, proof_size: 0 }    
2026-05-28 14:57:05 🏆 Imported #398 (0x192b…aca9 → 0xde00…54ad)    
2026-05-28 14:57:06 Current block number: 399    
2026-05-28 14:57:06 🙌 Starting consensus session on top of parent 0xde003c3275d346ebe916f4788067d82ef4da992275e2499d0bad24beee0554ad (#398)    
2026-05-28 14:57:06 🎁 Prepared block for proposing at 399 (2 ms) hash: 0x94cbc9bf8619700a2663fe3fb3a9d8ec95893988fca55acb10f7ac369f0aea76; parent_hash: 0xde00…54ad; end: NoMoreTransactions; extrinsics_count: 2    
2026-05-28 14:57:06 Consensus with no RPC sender success: CreatedBlock { hash: 0x94cbc9bf8619700a2663fe3fb3a9d8ec95893988fca55acb10f7ac369f0aea76, aux: ImportedAux { header_only: false, clear_justification_requests: false, needs_justification: false, bad_justification: false, is_new_best: true }, proof_size: 0 }    
2026-05-28 14:57:06 🏆 Imported #399 (0xde00…54ad → 0x94cb…ea76)    
2026-05-28 14:57:07 💤 Idle (0 peers), best: #399 (0x94cb…ea76), finalized #399 (0x94cb…ea76), ⬇ 0 ⬆ 0    
2026-05-28 14:57:07 Current block number: 400    
2026-05-28 14:57:07 🙌 Starting consensus session on top of parent 0x94cbc9bf8619700a2663fe3fb3a9d8ec95893988fca55acb10f7ac369f0aea76 (#399)    
2026-05-28 14:57:07 🎁 Prepared block for proposing at 400 (6 ms) hash: 0x4f0677ba70c621fb49acfd891ea9e3484111ae07463eed1bb56eeca36870a511; parent_hash: 0x94cb…ea76; end: NoMoreTransactions; extrinsics_count: 2    
2026-05-28 14:57:07 Consensus with no RPC sender success: CreatedBlock { hash: 0x4f0677ba70c621fb49acfd891ea9e3484111ae07463eed1bb56eeca36870a511, aux: ImportedAux { header_only: false, clear_justification_requests: false, needs_justification: false, bad_justification: false, is_new_best: true }, proof_size: 0 }    
2026-05-28 14:57:07 🏆 Imported #400 (0x94cb…ea76 → 0x4f06…a511)    
2026-05-28 14:57:08 Current block number: 401    
2026-05-28 14:57:08 🙌 Starting consensus session on top of parent 0x4f0677ba70c621fb49acfd891ea9e3484111ae07463eed1bb56eeca36870a511 (#400)    
2026-05-28 14:57:08 🎁 Prepared block for proposing at 401 (2 ms) hash: 0x6c94bea004a48298d1bf8049a8fdc686d754429cd69ad3203b56ce2ba2f667f3; parent_hash: 0x4f06…a511; end: NoMoreTransactions; extrinsics_count: 2    
2026-05-28 14:57:08 Consensus with no RPC sender success: CreatedBlock { hash: 0x6c94bea004a48298d1bf8049a8fdc686d754429cd69ad3203b56ce2ba2f667f3, aux: ImportedAux { header_only: false, clear_justification_requests: false, needs_justification: false, bad_justification: false, is_new_best: true }, proof_size: 0 }    
2026-05-28 14:57:08 🏆 Imported #401 (0x4f06…a511 → 0x6c94…67f3)    
2026-05-28 14:57:09 Current block number: 402    
2026-05-28 14:57:09 🙌 Starting consensus session on top of parent 0x6c94bea004a48298d1bf8049a8fdc686d754429cd69ad3203b56ce2ba2f667f3 (#401)    
2026-05-28 14:57:09 🎁 Prepared block for proposing at 402 (1 ms) hash: 0xcb6b8b76a2a5e66117deb4698f662b97242cc76384c0efacfaf818732df0734e; parent_hash: 0x6c94…67f3; end: NoMoreTransactions; extrinsics_count: 2    
2026-05-28 14:57:09 Consensus with no RPC sender success: CreatedBlock { hash: 0xcb6b8b76a2a5e66117deb4698f662b97242cc76384c0efacfaf818732df0734e, aux: ImportedAux { header_only: false, clear_justification_requests: false, needs_justification: false, bad_justification: false, is_new_best: true }, proof_size: 0 }    
2026-05-28 14:57:09 🏆 Imported #402 (0x6c94…67f3 → 0xcb6b…734e)    
2026-05-28 14:57:10 Current block number: 403    
2026-05-28 14:57:10 🙌 Starting consensus session on top of parent 0xcb6b8b76a2a5e66117deb4698f662b97242cc76384c0efacfaf818732df0734e (#402)    
2026-05-28 14:57:10 🎁 Prepared block for proposing at 403 (1 ms) hash: 0x3fb6bead0fd8e7c68a5a6ea648fc14e1bdd1814a43d6b0bb7ebca0f90aeda526; parent_hash: 0xcb6b…734e; end: NoMoreTransactions; extrinsics_count: 2    
2026-05-28 14:57:10 Consensus with no RPC sender success: CreatedBlock { hash: 0x3fb6bead0fd8e7c68a5a6ea648fc14e1bdd1814a43d6b0bb7ebca0f90aeda526, aux: ImportedAux { header_only: false, clear_justification_requests: false, needs_justification: false, bad_justification: false, is_new_best: true }, proof_size: 0 }    
2026-05-28 14:57:10 🏆 Imported #403 (0xcb6b…734e → 0x3fb6…a526)    
2026-05-28 14:57:11 Current block number: 404    
2026-05-28 14:57:11 🙌 Starting consensus session on top of parent 0x3fb6bead0fd8e7c68a5a6ea648fc14e1bdd1814a43d6b0bb7ebca0f90aeda526 (#403)    
2026-05-28 14:57:11 🎁 Prepared block for proposing at 404 (2 ms) hash: 0x03b4e5e6ed63b67a147d0f23dc39553bee8cafc76d780764bf00a610fbb06376; parent_hash: 0x3fb6…a526; end: NoMoreTransactions; extrinsics_count: 2    
2026-05-28 14:57:11 Consensus with no RPC sender success: CreatedBlock { hash: 0x03b4e5e6ed63b67a147d0f23dc39553bee8cafc76d780764bf00a610fbb06376, aux: ImportedAux { header_only: false, clear_justification_requests: false, needs_justification: false, bad_justification: false, is_new_best: true }, proof_size: 0 }    
2026-05-28 14:57:11 🏆 Imported #404 (0x3fb6…a526 → 0x03b4…6376)    
2026-05-28 14:57:12 💤 Idle (0 peers), best: #404 (0x03b4…6376), finalized #404 (0x03b4…6376), ⬇ 0 ⬆ 0    
2026-05-28 14:57:12 Current block number: 405    
2026-05-28 14:57:12 🙌 Starting consensus session on top of parent 0x03b4e5e6ed63b67a147d0f23dc39553bee8cafc76d780764bf00a610fbb06376 (#404)    
2026-05-28 14:57:12 🎁 Prepared block for proposing at 405 (1 ms) hash: 0xc8b9a2ed6378116b29ff4948e43b039dd6d1251a454fb2b2698ff00b4931de6c; parent_hash: 0x03b4…6376; end: NoMoreTransactions; extrinsics_count: 2    
2026-05-28 14:57:12 Consensus with no RPC sender success: CreatedBlock { hash: 0xc8b9a2ed6378116b29ff4948e43b039dd6d1251a454fb2b2698ff00b4931de6c, aux: ImportedAux { header_only: false, clear_justification_requests: false, needs_justification: false, bad_justification: false, is_new_best: true }, proof_size: 0 }    
2026-05-28 14:57:12 🏆 Imported #405 (0x03b4…6376 → 0xc8b9…de6c)    
2026-05-28 14:57:13 Current block number: 406    
2026-05-28 14:57:13 🙌 Starting consensus session on top of parent 0xc8b9a2ed6378116b29ff4948e43b039dd6d1251a454fb2b2698ff00b4931de6c (#405)    
2026-05-28 14:57:13 🎁 Prepared block for proposing at 406 (1 ms) hash: 0x2596f8ca130ac8a53009deabec358e9f5af330b6163e8e088f5526f04feb45a1; parent_hash: 0xc8b9…de6c; end: NoMoreTransactions; extrinsics_count: 2    
2026-05-28 14:57:13 Consensus with no RPC sender success: CreatedBlock { hash: 0x2596f8ca130ac8a53009deabec358e9f5af330b6163e8e088f5526f04feb45a1, aux: ImportedAux { header_only: false, clear_justification_requests: false, needs_justification: false, bad_justification: false, is_new_best: true }, proof_size: 0 }    
2026-05-28 14:57:13 🏆 Imported #406 (0xc8b9…de6c → 0x2596…45a1)    
2026-05-28 14:57:14 Current block number: 407    
2026-05-28 14:57:14 🙌 Starting consensus session on top of parent 0x2596f8ca130ac8a53009deabec358e9f5af330b6163e8e088f5526f04feb45a1 (#406)    
2026-05-28 14:57:14 🎁 Prepared block for proposing at 407 (3 ms) hash: 0x98b5d77020cda6fd24dd73389122bd8e9e4da0befa2e6e7a7392776739237902; parent_hash: 0x2596…45a1; end: NoMoreTransactions; extrinsics_count: 2    
2026-05-28 14:57:14 Consensus with no RPC sender success: CreatedBlock { hash: 0x98b5d77020cda6fd24dd73389122bd8e9e4da0befa2e6e7a7392776739237902, aux: ImportedAux { header_only: false, clear_justification_requests: false, needs_justification: false, bad_justification: false, is_new_best: true }, proof_size: 0 }    
2026-05-28 14:57:14 🏆 Imported #407 (0x2596…45a1 → 0x98b5…7902)    
2026-05-28 14:57:15 Current block number: 408    
2026-05-28 14:57:15 🙌 Starting consensus session on top of parent 0x98b5d77020cda6fd24dd73389122bd8e9e4da0befa2e6e7a7392776739237902 (#407)    
2026-05-28 14:57:15 🎁 Prepared block for proposing at 408 (1 ms) hash: 0xc453ec87a3b3a2c26b520a17294e0aef266b8f6f98adf9df4f1b57f3c19c0c76; parent_hash: 0x98b5…7902; end: NoMoreTransactions; extrinsics_count: 2    
2026-05-28 14:57:15 Consensus with no RPC sender success: CreatedBlock { hash: 0xc453ec87a3b3a2c26b520a17294e0aef266b8f6f98adf9df4f1b57f3c19c0c76, aux: ImportedAux { header_only: false, clear_justification_requests: false, needs_justification: false, bad_justification: false, is_new_best: true }, proof_size: 0 }    
2026-05-28 14:57:15 🏆 Imported #408 (0x98b5…7902 → 0xc453…0c76)    
2026-05-28 14:57:16 Current block number: 409    
2026-05-28 14:57:16 🙌 Starting consensus session on top of parent 0xc453ec87a3b3a2c26b520a17294e0aef266b8f6f98adf9df4f1b57f3c19c0c76 (#408)    
2026-05-28 14:57:16 🎁 Prepared block for proposing at 409 (3 ms) hash: 0xb352d868bd97756b3cce0650c6a610318fa22363e2e1471e9c12989f31db19ae; parent_hash: 0xc453…0c76; end: NoMoreTransactions; extrinsics_count: 2    
2026-05-28 14:57:16 Consensus with no RPC sender success: CreatedBlock { hash: 0xb352d868bd97756b3cce0650c6a610318fa22363e2e1471e9c12989f31db19ae, aux: ImportedAux { header_only: false, clear_justification_requests: false, needs_justification: false, bad_justification: false, is_new_best: true }, proof_size: 0 }    
2026-05-28 14:57:16 🏆 Imported #409 (0xc453…0c76 → 0xb352…19ae)    
2026-05-28 14:57:17 💤 Idle (0 peers), best: #409 (0xb352…19ae), finalized #409 (0xb352…19ae), ⬇ 0 ⬆ 0    
2026-05-28 14:57:17 Current block number: 410    
2026-05-28 14:57:17 🙌 Starting consensus session on top of parent 0xb352d868bd97756b3cce0650c6a610318fa22363e2e1471e9c12989f31db19ae (#409)    
2026-05-28 14:57:17 🎁 Prepared block for proposing at 410 (3 ms) hash: 0x1179c8d4a1428727dce34e78e58152ca80d15c5330b62090ac2c352bc4818147; parent_hash: 0xb352…19ae; end: NoMoreTransactions; extrinsics_count: 2    
2026-05-28 14:57:17 Consensus with no RPC sender success: CreatedBlock { hash: 0x1179c8d4a1428727dce34e78e58152ca80d15c5330b62090ac2c352bc4818147, aux: ImportedAux { header_only: false, clear_justification_requests: false, needs_justification: false, bad_justification: false, is_new_best: true }, proof_size: 0 }    
2026-05-28 14:57:17 🏆 Imported #410 (0xb352…19ae → 0x1179…8147)    
2026-05-28 14:57:18 Current block number: 411    
2026-05-28 14:57:18 🙌 Starting consensus session on top of parent 0x1179c8d4a1428727dce34e78e58152ca80d15c5330b62090ac2c352bc4818147 (#410)    
2026-05-28 14:57:18 🎁 Prepared block for proposing at 411 (3 ms) hash: 0x0231685a10b5fc6ee93bb2d8e8423bf415f5ae7e94ecfeb2a9774abcf1d57834; parent_hash: 0x1179…8147; end: NoMoreTransactions; extrinsics_count: 2    
2026-05-28 14:57:18 Consensus with no RPC sender success: CreatedBlock { hash: 0x0231685a10b5fc6ee93bb2d8e8423bf415f5ae7e94ecfeb2a9774abcf1d57834, aux: ImportedAux { header_only: false, clear_justification_requests: false, needs_justification: false, bad_justification: false, is_new_best: true }, proof_size: 0 }    
2026-05-28 14:57:18 🏆 Imported #411 (0x1179…8147 → 0x0231…7834)    
2026-05-28 14:57:19 Current block number: 412    
2026-05-28 14:57:19 🙌 Starting consensus session on top of parent 0x0231685a10b5fc6ee93bb2d8e8423bf415f5ae7e94ecfeb2a9774abcf1d57834 (#411)    
2026-05-28 14:57:19 🎁 Prepared block for proposing at 412 (1 ms) hash: 0xc9a32dcb0e9779f0e1ea8a6f2581fd277d2b70af08bf2a7125dc7e9cea5db7be; parent_hash: 0x0231…7834; end: NoMoreTransactions; extrinsics_count: 2    
2026-05-28 14:57:19 Consensus with no RPC sender success: CreatedBlock { hash: 0xc9a32dcb0e9779f0e1ea8a6f2581fd277d2b70af08bf2a7125dc7e9cea5db7be, aux: ImportedAux { header_only: false, clear_justification_requests: false, needs_justification: false, bad_justification: false, is_new_best: true }, proof_size: 0 }    
2026-05-28 14:57:19 🏆 Imported #412 (0x0231…7834 → 0xc9a3…b7be)    
2026-05-28 14:57:20 Current block number: 413    
2026-05-28 14:57:20 🙌 Starting consensus session on top of parent 0xc9a32dcb0e9779f0e1ea8a6f2581fd277d2b70af08bf2a7125dc7e9cea5db7be (#412)    
2026-05-28 14:57:20 🎁 Prepared block for proposing at 413 (3 ms) hash: 0x46444d848fb4c988e3a1a0ea078d38053b6e8192614c81656187496598e63015; parent_hash: 0xc9a3…b7be; end: NoMoreTransactions; extrinsics_count: 2    
2026-05-28 14:57:20 Consensus with no RPC sender success: CreatedBlock { hash: 0x46444d848fb4c988e3a1a0ea078d38053b6e8192614c81656187496598e63015, aux: ImportedAux { header_only: false, clear_justification_requests: false, needs_justification: false, bad_justification: false, is_new_best: true }, proof_size: 0 }    
2026-05-28 14:57:20 🏆 Imported #413 (0xc9a3…b7be → 0x4644…3015)    
2026-05-28 14:57:21 Current block number: 414    
2026-05-28 14:57:21 🙌 Starting consensus session on top of parent 0x46444d848fb4c988e3a1a0ea078d38053b6e8192614c81656187496598e63015 (#413)    
2026-05-28 14:57:21 🎁 Prepared block for proposing at 414 (3 ms) hash: 0x94b96563ca4194a92f888bcf4dc2295eba4597b54011251fe6edbe116ada8bfb; parent_hash: 0x4644…3015; end: NoMoreTransactions; extrinsics_count: 2    
2026-05-28 14:57:21 Consensus with no RPC sender success: CreatedBlock { hash: 0x94b96563ca4194a92f888bcf4dc2295eba4597b54011251fe6edbe116ada8bfb, aux: ImportedAux { header_only: false, clear_justification_requests: false, needs_justification: false, bad_justification: false, is_new_best: true }, proof_size: 0 }    
2026-05-28 14:57:21 🏆 Imported #414 (0x4644…3015 → 0x94b9…8bfb)    
2026-05-28 14:57:22 💤 Idle (0 peers), best: #414 (0x94b9…8bfb), finalized #414 (0x94b9…8bfb), ⬇ 0 ⬆ 0    
2026-05-28 14:57:22 Current block number: 415    
2026-05-28 14:57:22 🙌 Starting consensus session on top of parent 0x94b96563ca4194a92f888bcf4dc2295eba4597b54011251fe6edbe116ada8bfb (#414)    
2026-05-28 14:57:22 🎁 Prepared block for proposing at 415 (1 ms) hash: 0x3aad6ebe6d3787f1ede0b1cac4426f660856a1862ed22f4f6da8c00149e1842f; parent_hash: 0x94b9…8bfb; end: NoMoreTransactions; extrinsics_count: 2    
2026-05-28 14:57:22 Consensus with no RPC sender success: CreatedBlock { hash: 0x3aad6ebe6d3787f1ede0b1cac4426f660856a1862ed22f4f6da8c00149e1842f, aux: ImportedAux { header_only: false, clear_justification_requests: false, needs_justification: false, bad_justification: false, is_new_best: true }, proof_size: 0 }    
2026-05-28 14:57:22 🏆 Imported #415 (0x94b9…8bfb → 0x3aad…842f)    
2026-05-28 14:57:23 Current block number: 416    
2026-05-28 14:57:23 🙌 Starting consensus session on top of parent 0x3aad6ebe6d3787f1ede0b1cac4426f660856a1862ed22f4f6da8c00149e1842f (#415)    
2026-05-28 14:57:23 🎁 Prepared block for proposing at 416 (1 ms) hash: 0x3212efa55338dfcfa679c59534f9869298616e4944c2689038dedf4b4d75f908; parent_hash: 0x3aad…842f; end: NoMoreTransactions; extrinsics_count: 2    
2026-05-28 14:57:23 Consensus with no RPC sender success: CreatedBlock { hash: 0x3212efa55338dfcfa679c59534f9869298616e4944c2689038dedf4b4d75f908, aux: ImportedAux { header_only: false, clear_justification_requests: false, needs_justification: false, bad_justification: false, is_new_best: true }, proof_size: 0 }    
2026-05-28 14:57:23 🏆 Imported #416 (0x3aad…842f → 0x3212…f908)    
2026-05-28 14:57:24 Current block number: 417    
2026-05-28 14:57:24 🙌 Starting consensus session on top of parent 0x3212efa55338dfcfa679c59534f9869298616e4944c2689038dedf4b4d75f908 (#416)    
2026-05-28 14:57:24 🎁 Prepared block for proposing at 417 (2 ms) hash: 0x1f5c7573b0bdd238c7f44826e97e82167dd5147148264af77005bfc084831714; parent_hash: 0x3212…f908; end: NoMoreTransactions; extrinsics_count: 2    
2026-05-28 14:57:24 Consensus with no RPC sender success: CreatedBlock { hash: 0x1f5c7573b0bdd238c7f44826e97e82167dd5147148264af77005bfc084831714, aux: ImportedAux { header_only: false, clear_justification_requests: false, needs_justification: false, bad_justification: false, is_new_best: true }, proof_size: 0 }    
2026-05-28 14:57:24 🏆 Imported #417 (0x3212…f908 → 0x1f5c…1714)    
2026-05-28 14:57:25 Current block number: 418    
2026-05-28 14:57:25 🙌 Starting consensus session on top of parent 0x1f5c7573b0bdd238c7f44826e97e82167dd5147148264af77005bfc084831714 (#417)    
2026-05-28 14:57:25 🎁 Prepared block for proposing at 418 (3 ms) hash: 0xe0ef9d1cd7d3c58e669072c8b664321e118b9351f6bec7d42bf0c6c42ced6999; parent_hash: 0x1f5c…1714; end: NoMoreTransactions; extrinsics_count: 2    
2026-05-28 14:57:25 Consensus with no RPC sender success: CreatedBlock { hash: 0xe0ef9d1cd7d3c58e669072c8b664321e118b9351f6bec7d42bf0c6c42ced6999, aux: ImportedAux { header_only: false, clear_justification_requests: false, needs_justification: false, bad_justification: false, is_new_best: true }, proof_size: 0 }    
2026-05-28 14:57:25 🏆 Imported #418 (0x1f5c…1714 → 0xe0ef…6999)    
2026-05-28 14:57:26 Current block number: 419    
2026-05-28 14:57:26 🙌 Starting consensus session on top of parent 0xe0ef9d1cd7d3c58e669072c8b664321e118b9351f6bec7d42bf0c6c42ced6999 (#418)    
2026-05-28 14:57:26 🎁 Prepared block for proposing at 419 (1 ms) hash: 0x94677e5b2ce48da2ba908206bd0d33b59f83faa07da1fc1211c0763cfc2f8064; parent_hash: 0xe0ef…6999; end: NoMoreTransactions; extrinsics_count: 2    
2026-05-28 14:57:26 Consensus with no RPC sender success: CreatedBlock { hash: 0x94677e5b2ce48da2ba908206bd0d33b59f83faa07da1fc1211c0763cfc2f8064, aux: ImportedAux { header_only: false, clear_justification_requests: false, needs_justification: false, bad_justification: false, is_new_best: true }, proof_size: 0 }    
2026-05-28 14:57:26 🏆 Imported #419 (0xe0ef…6999 → 0x9467…8064)    
2026-05-28 14:57:27 💤 Idle (0 peers), best: #419 (0x9467…8064), finalized #419 (0x9467…8064), ⬇ 0 ⬆ 0    
2026-05-28 14:57:27 Current block number: 420    
2026-05-28 14:57:27 🙌 Starting consensus session on top of parent 0x94677e5b2ce48da2ba908206bd0d33b59f83faa07da1fc1211c0763cfc2f8064 (#419)    
2026-05-28 14:57:27 🎁 Prepared block for proposing at 420 (3 ms) hash: 0x7a67ab2b241fbfe02a00db5a380149128707f0c40c150181e469f9d8fecdee55; parent_hash: 0x9467…8064; end: NoMoreTransactions; extrinsics_count: 2    
2026-05-28 14:57:27 Consensus with no RPC sender success: CreatedBlock { hash: 0x7a67ab2b241fbfe02a00db5a380149128707f0c40c150181e469f9d8fecdee55, aux: ImportedAux { header_only: false, clear_justification_requests: false, needs_justification: false, bad_justification: false, is_new_best: true }, proof_size: 0 }    
2026-05-28 14:57:27 🏆 Imported #420 (0x9467…8064 → 0x7a67…ee55)    
2026-05-28 14:57:28 Current block number: 421    
2026-05-28 14:57:28 🙌 Starting consensus session on top of parent 0x7a67ab2b241fbfe02a00db5a380149128707f0c40c150181e469f9d8fecdee55 (#420)    
2026-05-28 14:57:28 🎁 Prepared block for proposing at 421 (2 ms) hash: 0x08463b868a9259906c7fa6e9e238ff56d9a90caeaa8b79c9daaa1939b6335c76; parent_hash: 0x7a67…ee55; end: NoMoreTransactions; extrinsics_count: 2    
2026-05-28 14:57:28 Consensus with no RPC sender success: CreatedBlock { hash: 0x08463b868a9259906c7fa6e9e238ff56d9a90caeaa8b79c9daaa1939b6335c76, aux: ImportedAux { header_only: false, clear_justification_requests: false, needs_justification: false, bad_justification: false, is_new_best: true }, proof_size: 0 }    
2026-05-28 14:57:28 🏆 Imported #421 (0x7a67…ee55 → 0x0846…5c76)    
2026-05-28 14:57:29 Current block number: 422    
2026-05-28 14:57:29 🙌 Starting consensus session on top of parent 0x08463b868a9259906c7fa6e9e238ff56d9a90caeaa8b79c9daaa1939b6335c76 (#421)    
2026-05-28 14:57:29 🎁 Prepared block for proposing at 422 (1 ms) hash: 0xbb58e72435a4c5d34f7848d0312d0dcc77fafedd52cd1a25da27866872e923d8; parent_hash: 0x0846…5c76; end: NoMoreTransactions; extrinsics_count: 2    
2026-05-28 14:57:29 Consensus with no RPC sender success: CreatedBlock { hash: 0xbb58e72435a4c5d34f7848d0312d0dcc77fafedd52cd1a25da27866872e923d8, aux: ImportedAux { header_only: false, clear_justification_requests: false, needs_justification: false, bad_justification: false, is_new_best: true }, proof_size: 0 }    
2026-05-28 14:57:29 🏆 Imported #422 (0x0846…5c76 → 0xbb58…23d8)    
2026-05-28 14:57:30 Current block number: 423    
2026-05-28 14:57:30 🙌 Starting consensus session on top of parent 0xbb58e72435a4c5d34f7848d0312d0dcc77fafedd52cd1a25da27866872e923d8 (#422)    
2026-05-28 14:57:30 🎁 Prepared block for proposing at 423 (2 ms) hash: 0x3deed41dc4d47b75d6b95df201d40f5fa94b37432726ab72508a2a70ccb41059; parent_hash: 0xbb58…23d8; end: NoMoreTransactions; extrinsics_count: 2    
2026-05-28 14:57:30 Consensus with no RPC sender success: CreatedBlock { hash: 0x3deed41dc4d47b75d6b95df201d40f5fa94b37432726ab72508a2a70ccb41059, aux: ImportedAux { header_only: false, clear_justification_requests: false, needs_justification: false, bad_justification: false, is_new_best: true }, proof_size: 0 }    
2026-05-28 14:57:30 🏆 Imported #423 (0xbb58…23d8 → 0x3dee…1059)    
2026-05-28 14:57:31 Current block number: 424    
2026-05-28 14:57:31 🙌 Starting consensus session on top of parent 0x3deed41dc4d47b75d6b95df201d40f5fa94b37432726ab72508a2a70ccb41059 (#423)    
2026-05-28 14:57:31 🎁 Prepared block for proposing at 424 (2 ms) hash: 0x0a9ad1c881c5184a43447d5e3ff59163062ede55aa0ae3d4ee26630282d958e5; parent_hash: 0x3dee…1059; end: NoMoreTransactions; extrinsics_count: 2    
2026-05-28 14:57:31 Consensus with no RPC sender success: CreatedBlock { hash: 0x0a9ad1c881c5184a43447d5e3ff59163062ede55aa0ae3d4ee26630282d958e5, aux: ImportedAux { header_only: false, clear_justification_requests: false, needs_justification: false, bad_justification: false, is_new_best: true }, proof_size: 0 }    
2026-05-28 14:57:31 🏆 Imported #424 (0x3dee…1059 → 0x0a9a…58e5)    
2026-05-28 14:57:32 💤 Idle (0 peers), best: #424 (0x0a9a…58e5), finalized #424 (0x0a9a…58e5), ⬇ 0 ⬆ 0    
2026-05-28 14:57:32 Current block number: 425    
2026-05-28 14:57:32 🙌 Starting consensus session on top of parent 0x0a9ad1c881c5184a43447d5e3ff59163062ede55aa0ae3d4ee26630282d958e5 (#424)    
2026-05-28 14:57:32 🎁 Prepared block for proposing at 425 (1 ms) hash: 0x898e8fad62889e7151985b2b35a6a229087aa3284a5d664d32af9ed9b39f14ec; parent_hash: 0x0a9a…58e5; end: NoMoreTransactions; extrinsics_count: 2    
2026-05-28 14:57:32 Consensus with no RPC sender success: CreatedBlock { hash: 0x898e8fad62889e7151985b2b35a6a229087aa3284a5d664d32af9ed9b39f14ec, aux: ImportedAux { header_only: false, clear_justification_requests: false, needs_justification: false, bad_justification: false, is_new_best: true }, proof_size: 0 }    
2026-05-28 14:57:32 🏆 Imported #425 (0x0a9a…58e5 → 0x898e…14ec)    
2026-05-28 14:57:33 Current block number: 426    
2026-05-28 14:57:33 🙌 Starting consensus session on top of parent 0x898e8fad62889e7151985b2b35a6a229087aa3284a5d664d32af9ed9b39f14ec (#425)    
2026-05-28 14:57:33 🎁 Prepared block for proposing at 426 (1 ms) hash: 0x0e55eebccb4cbc9f762af78c9a80dc1efb845c816e49f150a76b093d69d00b52; parent_hash: 0x898e…14ec; end: NoMoreTransactions; extrinsics_count: 2    
2026-05-28 14:57:33 Consensus with no RPC sender success: CreatedBlock { hash: 0x0e55eebccb4cbc9f762af78c9a80dc1efb845c816e49f150a76b093d69d00b52, aux: ImportedAux { header_only: false, clear_justification_requests: false, needs_justification: false, bad_justification: false, is_new_best: true }, proof_size: 0 }    
2026-05-28 14:57:33 🏆 Imported #426 (0x898e…14ec → 0x0e55…0b52)    
2026-05-28 14:57:34 Current block number: 427    
2026-05-28 14:57:34 🙌 Starting consensus session on top of parent 0x0e55eebccb4cbc9f762af78c9a80dc1efb845c816e49f150a76b093d69d00b52 (#426)    
2026-05-28 14:57:34 🎁 Prepared block for proposing at 427 (1 ms) hash: 0x931533be4fd34cd257e2af3ce8bcf2265c133792aa2704dc5bcf789bb6ce4a33; parent_hash: 0x0e55…0b52; end: NoMoreTransactions; extrinsics_count: 2    
2026-05-28 14:57:34 Consensus with no RPC sender success: CreatedBlock { hash: 0x931533be4fd34cd257e2af3ce8bcf2265c133792aa2704dc5bcf789bb6ce4a33, aux: ImportedAux { header_only: false, clear_justification_requests: false, needs_justification: false, bad_justification: false, is_new_best: true }, proof_size: 0 }    
2026-05-28 14:57:34 🏆 Imported #427 (0x0e55…0b52 → 0x9315…4a33)    
2026-05-28 14:57:35 Current block number: 428    
2026-05-28 14:57:35 🙌 Starting consensus session on top of parent 0x931533be4fd34cd257e2af3ce8bcf2265c133792aa2704dc5bcf789bb6ce4a33 (#427)    
2026-05-28 14:57:35 🎁 Prepared block for proposing at 428 (1 ms) hash: 0x1e0262d70d0efefe7805c4f4e1cacaf19bc57cd1e441ebd1188c4f768a93be4e; parent_hash: 0x9315…4a33; end: NoMoreTransactions; extrinsics_count: 2    
2026-05-28 14:57:35 Consensus with no RPC sender success: CreatedBlock { hash: 0x1e0262d70d0efefe7805c4f4e1cacaf19bc57cd1e441ebd1188c4f768a93be4e, aux: ImportedAux { header_only: false, clear_justification_requests: false, needs_justification: false, bad_justification: false, is_new_best: true }, proof_size: 0 }    
2026-05-28 14:57:35 🏆 Imported #428 (0x9315…4a33 → 0x1e02…be4e)    
2026-05-28 14:57:36 Current block number: 429    
2026-05-28 14:57:36 🙌 Starting consensus session on top of parent 0x1e0262d70d0efefe7805c4f4e1cacaf19bc57cd1e441ebd1188c4f768a93be4e (#428)    
2026-05-28 14:57:36 🎁 Prepared block for proposing at 429 (1 ms) hash: 0x74d99d72715675a3a1d7fe88c4fdc1fa1f8e360bef400d7ad1767df7708c7e22; parent_hash: 0x1e02…be4e; end: NoMoreTransactions; extrinsics_count: 2    
2026-05-28 14:57:36 Consensus with no RPC sender success: CreatedBlock { hash: 0x74d99d72715675a3a1d7fe88c4fdc1fa1f8e360bef400d7ad1767df7708c7e22, aux: ImportedAux { header_only: false, clear_justification_requests: false, needs_justification: false, bad_justification: false, is_new_best: true }, proof_size: 0 }    
2026-05-28 14:57:36 🏆 Imported #429 (0x1e02…be4e → 0x74d9…7e22)    
2026-05-28 14:57:37 💤 Idle (0 peers), best: #429 (0x74d9…7e22), finalized #429 (0x74d9…7e22), ⬇ 0 ⬆ 0    
2026-05-28 14:57:37 Current block number: 430    
2026-05-28 14:57:37 🙌 Starting consensus session on top of parent 0x74d99d72715675a3a1d7fe88c4fdc1fa1f8e360bef400d7ad1767df7708c7e22 (#429)    
2026-05-28 14:57:37 🎁 Prepared block for proposing at 430 (1 ms) hash: 0x29a673581bd196c7f65dbd7a8a4b7838e5ee7989623eea1621d9dd4d15affe91; parent_hash: 0x74d9…7e22; end: NoMoreTransactions; extrinsics_count: 2    
2026-05-28 14:57:37 Consensus with no RPC sender success: CreatedBlock { hash: 0x29a673581bd196c7f65dbd7a8a4b7838e5ee7989623eea1621d9dd4d15affe91, aux: ImportedAux { header_only: false, clear_justification_requests: false, needs_justification: false, bad_justification: false, is_new_best: true }, proof_size: 0 }    
2026-05-28 14:57:37 🏆 Imported #430 (0x74d9…7e22 → 0x29a6…fe91)    
2026-05-28 14:57:38 Current block number: 431    
2026-05-28 14:57:38 🙌 Starting consensus session on top of parent 0x29a673581bd196c7f65dbd7a8a4b7838e5ee7989623eea1621d9dd4d15affe91 (#430)    
2026-05-28 14:57:38 🎁 Prepared block for proposing at 431 (2 ms) hash: 0x0d8179427bc306a645b8c89e8d3e0651d28f4843b9a26e21f9119abee25e1924; parent_hash: 0x29a6…fe91; end: NoMoreTransactions; extrinsics_count: 2    
2026-05-28 14:57:38 Consensus with no RPC sender success: CreatedBlock { hash: 0x0d8179427bc306a645b8c89e8d3e0651d28f4843b9a26e21f9119abee25e1924, aux: ImportedAux { header_only: false, clear_justification_requests: false, needs_justification: false, bad_justification: false, is_new_best: true }, proof_size: 0 }    
2026-05-28 14:57:38 🏆 Imported #431 (0x29a6…fe91 → 0x0d81…1924)    
2026-05-28 14:57:39 Current block number: 432    
2026-05-28 14:57:39 🙌 Starting consensus session on top of parent 0x0d8179427bc306a645b8c89e8d3e0651d28f4843b9a26e21f9119abee25e1924 (#431)    
2026-05-28 14:57:39 🎁 Prepared block for proposing at 432 (3 ms) hash: 0x8420b8b772d60d4223b38ffb23b1253bbfa87f5fd792a2b04d8fa4792a744527; parent_hash: 0x0d81…1924; end: NoMoreTransactions; extrinsics_count: 2    
2026-05-28 14:57:39 Consensus with no RPC sender success: CreatedBlock { hash: 0x8420b8b772d60d4223b38ffb23b1253bbfa87f5fd792a2b04d8fa4792a744527, aux: ImportedAux { header_only: false, clear_justification_requests: false, needs_justification: false, bad_justification: false, is_new_best: true }, proof_size: 0 }    
2026-05-28 14:57:39 🏆 Imported #432 (0x0d81…1924 → 0x8420…4527)    
2026-05-28 14:57:40 Current block number: 433    
2026-05-28 14:57:40 🙌 Starting consensus session on top of parent 0x8420b8b772d60d4223b38ffb23b1253bbfa87f5fd792a2b04d8fa4792a744527 (#432)    
2026-05-28 14:57:40 🎁 Prepared block for proposing at 433 (2 ms) hash: 0x37b70b549a2f85112686cf6a8b1fab858ba8ee1b173bc66bcc412ed4373581a0; parent_hash: 0x8420…4527; end: NoMoreTransactions; extrinsics_count: 2    
2026-05-28 14:57:40 Consensus with no RPC sender success: CreatedBlock { hash: 0x37b70b549a2f85112686cf6a8b1fab858ba8ee1b173bc66bcc412ed4373581a0, aux: ImportedAux { header_only: false, clear_justification_requests: false, needs_justification: false, bad_justification: false, is_new_best: true }, proof_size: 0 }    
2026-05-28 14:57:40 🏆 Imported #433 (0x8420…4527 → 0x37b7…81a0)    
2026-05-28 14:57:41 Current block number: 434    
2026-05-28 14:57:41 🙌 Starting consensus session on top of parent 0x37b70b549a2f85112686cf6a8b1fab858ba8ee1b173bc66bcc412ed4373581a0 (#433)    
2026-05-28 14:57:41 🎁 Prepared block for proposing at 434 (1 ms) hash: 0x4e3f8e1681c9b4264beb49a5424a029474a99f4265138732bc9e96ae60815dff; parent_hash: 0x37b7…81a0; end: NoMoreTransactions; extrinsics_count: 2    
2026-05-28 14:57:41 Consensus with no RPC sender success: CreatedBlock { hash: 0x4e3f8e1681c9b4264beb49a5424a029474a99f4265138732bc9e96ae60815dff, aux: ImportedAux { header_only: false, clear_justification_requests: false, needs_justification: false, bad_justification: false, is_new_best: true }, proof_size: 0 }    
2026-05-28 14:57:41 🏆 Imported #434 (0x37b7…81a0 → 0x4e3f…5dff)    
2026-05-28 14:57:42 💤 Idle (0 peers), best: #434 (0x4e3f…5dff), finalized #434 (0x4e3f…5dff), ⬇ 0 ⬆ 0    
2026-05-28 14:57:42 Current block number: 435    
2026-05-28 14:57:42 🙌 Starting consensus session on top of parent 0x4e3f8e1681c9b4264beb49a5424a029474a99f4265138732bc9e96ae60815dff (#434)    
2026-05-28 14:57:42 🎁 Prepared block for proposing at 435 (1 ms) hash: 0x09941555d5e3cef29ccf9e0eb0cbc5914cd2195d55dad17622586ba577b19e11; parent_hash: 0x4e3f…5dff; end: NoMoreTransactions; extrinsics_count: 2    
2026-05-28 14:57:42 Consensus with no RPC sender success: CreatedBlock { hash: 0x09941555d5e3cef29ccf9e0eb0cbc5914cd2195d55dad17622586ba577b19e11, aux: ImportedAux { header_only: false, clear_justification_requests: false, needs_justification: false, bad_justification: false, is_new_best: true }, proof_size: 0 }    
2026-05-28 14:57:42 🏆 Imported #435 (0x4e3f…5dff → 0x0994…9e11)    
2026-05-28 14:57:43 Current block number: 436    
2026-05-28 14:57:43 🙌 Starting consensus session on top of parent 0x09941555d5e3cef29ccf9e0eb0cbc5914cd2195d55dad17622586ba577b19e11 (#435)    
2026-05-28 14:57:43 🎁 Prepared block for proposing at 436 (2 ms) hash: 0x712c1d57d931a00a02f337d67a79ccddf4ff0fc3e5bb7f1daa16ebc962551e78; parent_hash: 0x0994…9e11; end: NoMoreTransactions; extrinsics_count: 2    
2026-05-28 14:57:43 Consensus with no RPC sender success: CreatedBlock { hash: 0x712c1d57d931a00a02f337d67a79ccddf4ff0fc3e5bb7f1daa16ebc962551e78, aux: ImportedAux { header_only: false, clear_justification_requests: false, needs_justification: false, bad_justification: false, is_new_best: true }, proof_size: 0 }    
2026-05-28 14:57:43 🏆 Imported #436 (0x0994…9e11 → 0x712c…1e78)    
2026-05-28 14:57:44 Current block number: 437    
2026-05-28 14:57:44 🙌 Starting consensus session on top of parent 0x712c1d57d931a00a02f337d67a79ccddf4ff0fc3e5bb7f1daa16ebc962551e78 (#436)    
2026-05-28 14:57:44 🎁 Prepared block for proposing at 437 (1 ms) hash: 0x8b1ce99b171af71d3de21e018b4b74df59a51b1dcdaf90e09c8a5f026e741827; parent_hash: 0x712c…1e78; end: NoMoreTransactions; extrinsics_count: 2    
2026-05-28 14:57:44 Consensus with no RPC sender success: CreatedBlock { hash: 0x8b1ce99b171af71d3de21e018b4b74df59a51b1dcdaf90e09c8a5f026e741827, aux: ImportedAux { header_only: false, clear_justification_requests: false, needs_justification: false, bad_justification: false, is_new_best: true }, proof_size: 0 }    
2026-05-28 14:57:44 🏆 Imported #437 (0x712c…1e78 → 0x8b1c…1827)    
2026-05-28 14:57:45 Current block number: 438    
2026-05-28 14:57:45 🙌 Starting consensus session on top of parent 0x8b1ce99b171af71d3de21e018b4b74df59a51b1dcdaf90e09c8a5f026e741827 (#437)    
2026-05-28 14:57:45 🎁 Prepared block for proposing at 438 (1 ms) hash: 0x3065576e0189b1c55c570140aa23360c0584aa7d060777aeb25a6bf140ebe1c6; parent_hash: 0x8b1c…1827; end: NoMoreTransactions; extrinsics_count: 2    
2026-05-28 14:57:45 Consensus with no RPC sender success: CreatedBlock { hash: 0x3065576e0189b1c55c570140aa23360c0584aa7d060777aeb25a6bf140ebe1c6, aux: ImportedAux { header_only: false, clear_justification_requests: false, needs_justification: false, bad_justification: false, is_new_best: true }, proof_size: 0 }    
2026-05-28 14:57:45 🏆 Imported #438 (0x8b1c…1827 → 0x3065…e1c6)    
2026-05-28 14:57:46 Current block number: 439    
2026-05-28 14:57:46 🙌 Starting consensus session on top of parent 0x3065576e0189b1c55c570140aa23360c0584aa7d060777aeb25a6bf140ebe1c6 (#438)    
2026-05-28 14:57:46 🎁 Prepared block for proposing at 439 (2 ms) hash: 0x8481e0ef90547ea7c828e2fcf9673182f83bf2b36f1f6a7d9eb5684a640f5e09; parent_hash: 0x3065…e1c6; end: NoMoreTransactions; extrinsics_count: 2    
2026-05-28 14:57:46 Consensus with no RPC sender success: CreatedBlock { hash: 0x8481e0ef90547ea7c828e2fcf9673182f83bf2b36f1f6a7d9eb5684a640f5e09, aux: ImportedAux { header_only: false, clear_justification_requests: false, needs_justification: false, bad_justification: false, is_new_best: true }, proof_size: 0 }    
2026-05-28 14:57:46 🏆 Imported #439 (0x3065…e1c6 → 0x8481…5e09)    
2026-05-28 14:57:47 💤 Idle (0 peers), best: #439 (0x8481…5e09), finalized #439 (0x8481…5e09), ⬇ 0 ⬆ 0    
2026-05-28 14:57:47 Current block number: 440    
2026-05-28 14:57:47 🙌 Starting consensus session on top of parent 0x8481e0ef90547ea7c828e2fcf9673182f83bf2b36f1f6a7d9eb5684a640f5e09 (#439)    
2026-05-28 14:57:47 🎁 Prepared block for proposing at 440 (2 ms) hash: 0x5c4ba1db442953d1c2cb4a3d2b77fb11c9826810698dfd66e228ba6ce8dfdce6; parent_hash: 0x8481…5e09; end: NoMoreTransactions; extrinsics_count: 2    
2026-05-28 14:57:47 Consensus with no RPC sender success: CreatedBlock { hash: 0x5c4ba1db442953d1c2cb4a3d2b77fb11c9826810698dfd66e228ba6ce8dfdce6, aux: ImportedAux { header_only: false, clear_justification_requests: false, needs_justification: false, bad_justification: false, is_new_best: true }, proof_size: 0 }    
2026-05-28 14:57:47 🏆 Imported #440 (0x8481…5e09 → 0x5c4b…dce6)    
2026-05-28 14:57:48 Current block number: 441    
2026-05-28 14:57:48 🙌 Starting consensus session on top of parent 0x5c4ba1db442953d1c2cb4a3d2b77fb11c9826810698dfd66e228ba6ce8dfdce6 (#440)    
2026-05-28 14:57:48 🎁 Prepared block for proposing at 441 (3 ms) hash: 0x1c9a3767c9760396704e3f5ac1feb2be9bf6b2fee06f18725de85889992ac66a; parent_hash: 0x5c4b…dce6; end: NoMoreTransactions; extrinsics_count: 2    
2026-05-28 14:57:48 Consensus with no RPC sender success: CreatedBlock { hash: 0x1c9a3767c9760396704e3f5ac1feb2be9bf6b2fee06f18725de85889992ac66a, aux: ImportedAux { header_only: false, clear_justification_requests: false, needs_justification: false, bad_justification: false, is_new_best: true }, proof_size: 0 }    
2026-05-28 14:57:48 🏆 Imported #441 (0x5c4b…dce6 → 0x1c9a…c66a)    
2026-05-28 14:57:49 Current block number: 442    
2026-05-28 14:57:49 🙌 Starting consensus session on top of parent 0x1c9a3767c9760396704e3f5ac1feb2be9bf6b2fee06f18725de85889992ac66a (#441)    
2026-05-28 14:57:49 🎁 Prepared block for proposing at 442 (3 ms) hash: 0x374a7fe549bcd42b861450fe66170f3b1a99869974302f410c5db070f158489b; parent_hash: 0x1c9a…c66a; end: NoMoreTransactions; extrinsics_count: 2    
2026-05-28 14:57:49 Consensus with no RPC sender success: CreatedBlock { hash: 0x374a7fe549bcd42b861450fe66170f3b1a99869974302f410c5db070f158489b, aux: ImportedAux { header_only: false, clear_justification_requests: false, needs_justification: false, bad_justification: false, is_new_best: true }, proof_size: 0 }    
2026-05-28 14:57:49 🏆 Imported #442 (0x1c9a…c66a → 0x374a…489b)    
2026-05-28 14:57:50 Current block number: 443    
2026-05-28 14:57:50 🙌 Starting consensus session on top of parent 0x374a7fe549bcd42b861450fe66170f3b1a99869974302f410c5db070f158489b (#442)    
2026-05-28 14:57:50 🎁 Prepared block for proposing at 443 (1 ms) hash: 0xa531100a3ad0cf8e400155201bc3912c734e1a6bbedae226253b7757a72273c4; parent_hash: 0x374a…489b; end: NoMoreTransactions; extrinsics_count: 2    
2026-05-28 14:57:50 Consensus with no RPC sender success: CreatedBlock { hash: 0xa531100a3ad0cf8e400155201bc3912c734e1a6bbedae226253b7757a72273c4, aux: ImportedAux { header_only: false, clear_justification_requests: false, needs_justification: false, bad_justification: false, is_new_best: true }, proof_size: 0 }    
2026-05-28 14:57:50 🏆 Imported #443 (0x374a…489b → 0xa531…73c4)    
2026-05-28 14:57:51 Current block number: 444    
2026-05-28 14:57:51 🙌 Starting consensus session on top of parent 0xa531100a3ad0cf8e400155201bc3912c734e1a6bbedae226253b7757a72273c4 (#443)    
2026-05-28 14:57:51 🎁 Prepared block for proposing at 444 (1 ms) hash: 0x2d423fc691744a951768db7f3e5f99f011cc253f8207a0baa2600bb65180b053; parent_hash: 0xa531…73c4; end: NoMoreTransactions; extrinsics_count: 2    
2026-05-28 14:57:51 Consensus with no RPC sender success: CreatedBlock { hash: 0x2d423fc691744a951768db7f3e5f99f011cc253f8207a0baa2600bb65180b053, aux: ImportedAux { header_only: false, clear_justification_requests: false, needs_justification: false, bad_justification: false, is_new_best: true }, proof_size: 0 }    
2026-05-28 14:57:51 🏆 Imported #444 (0xa531…73c4 → 0x2d42…b053)    
2026-05-28 14:57:52 💤 Idle (0 peers), best: #444 (0x2d42…b053), finalized #444 (0x2d42…b053), ⬇ 0 ⬆ 0    
2026-05-28 14:57:52 Current block number: 445    
2026-05-28 14:57:52 🙌 Starting consensus session on top of parent 0x2d423fc691744a951768db7f3e5f99f011cc253f8207a0baa2600bb65180b053 (#444)    
2026-05-28 14:57:52 🎁 Prepared block for proposing at 445 (1 ms) hash: 0xb7288c28c7838832ec10de65154606bd040a4c9ffe4c79e144183f6755fca798; parent_hash: 0x2d42…b053; end: NoMoreTransactions; extrinsics_count: 2    
2026-05-28 14:57:52 Consensus with no RPC sender success: CreatedBlock { hash: 0xb7288c28c7838832ec10de65154606bd040a4c9ffe4c79e144183f6755fca798, aux: ImportedAux { header_only: false, clear_justification_requests: false, needs_justification: false, bad_justification: false, is_new_best: true }, proof_size: 0 }    
2026-05-28 14:57:52 🏆 Imported #445 (0x2d42…b053 → 0xb728…a798)    
2026-05-28 14:57:53 Current block number: 446    
2026-05-28 14:57:53 🙌 Starting consensus session on top of parent 0xb7288c28c7838832ec10de65154606bd040a4c9ffe4c79e144183f6755fca798 (#445)    
2026-05-28 14:57:53 🎁 Prepared block for proposing at 446 (1 ms) hash: 0x34f37c4844a42882c69daa9eba9d3ca17d9725fde6b05b71b0fb5c0be03c7b0f; parent_hash: 0xb728…a798; end: NoMoreTransactions; extrinsics_count: 2    
2026-05-28 14:57:53 Consensus with no RPC sender success: CreatedBlock { hash: 0x34f37c4844a42882c69daa9eba9d3ca17d9725fde6b05b71b0fb5c0be03c7b0f, aux: ImportedAux { header_only: false, clear_justification_requests: false, needs_justification: false, bad_justification: false, is_new_best: true }, proof_size: 0 }    
2026-05-28 14:57:53 🏆 Imported #446 (0xb728…a798 → 0x34f3…7b0f)    
2026-05-28 14:57:54 Current block number: 447    
2026-05-28 14:57:54 🙌 Starting consensus session on top of parent 0x34f37c4844a42882c69daa9eba9d3ca17d9725fde6b05b71b0fb5c0be03c7b0f (#446)    
2026-05-28 14:57:54 🎁 Prepared block for proposing at 447 (1 ms) hash: 0x09da7cc82898b3a7a559969888d1031557c3b2692f676ccd7b391d86a98b76c8; parent_hash: 0x34f3…7b0f; end: NoMoreTransactions; extrinsics_count: 2    
2026-05-28 14:57:54 Consensus with no RPC sender success: CreatedBlock { hash: 0x09da7cc82898b3a7a559969888d1031557c3b2692f676ccd7b391d86a98b76c8, aux: ImportedAux { header_only: false, clear_justification_requests: false, needs_justification: false, bad_justification: false, is_new_best: true }, proof_size: 0 }    
2026-05-28 14:57:54 🏆 Imported #447 (0x34f3…7b0f → 0x09da…76c8)    
2026-05-28 14:57:55 Current block number: 448    
2026-05-28 14:57:55 🙌 Starting consensus session on top of parent 0x09da7cc82898b3a7a559969888d1031557c3b2692f676ccd7b391d86a98b76c8 (#447)    
2026-05-28 14:57:55 🎁 Prepared block for proposing at 448 (1 ms) hash: 0x7b2c24f6a692998a7ead8bbac1de4a6c3194d8e5aef61948ae104b9eb1d9581f; parent_hash: 0x09da…76c8; end: NoMoreTransactions; extrinsics_count: 2    
2026-05-28 14:57:55 Consensus with no RPC sender success: CreatedBlock { hash: 0x7b2c24f6a692998a7ead8bbac1de4a6c3194d8e5aef61948ae104b9eb1d9581f, aux: ImportedAux { header_only: false, clear_justification_requests: false, needs_justification: false, bad_justification: false, is_new_best: true }, proof_size: 0 }    
2026-05-28 14:57:55 🏆 Imported #448 (0x09da…76c8 → 0x7b2c…581f)    
2026-05-28 14:57:56 Current block number: 449    
2026-05-28 14:57:56 🙌 Starting consensus session on top of parent 0x7b2c24f6a692998a7ead8bbac1de4a6c3194d8e5aef61948ae104b9eb1d9581f (#448)    
2026-05-28 14:57:56 🎁 Prepared block for proposing at 449 (2 ms) hash: 0xe3c8716f939785e81d9d5d7a0e3e632a89d77544ae59629d8e0191bb34f856e0; parent_hash: 0x7b2c…581f; end: NoMoreTransactions; extrinsics_count: 2    
2026-05-28 14:57:56 Consensus with no RPC sender success: CreatedBlock { hash: 0xe3c8716f939785e81d9d5d7a0e3e632a89d77544ae59629d8e0191bb34f856e0, aux: ImportedAux { header_only: false, clear_justification_requests: false, needs_justification: false, bad_justification: false, is_new_best: true }, proof_size: 0 }    
2026-05-28 14:57:56 🏆 Imported #449 (0x7b2c…581f → 0xe3c8…56e0)    
2026-05-28 14:57:57 💤 Idle (0 peers), best: #449 (0xe3c8…56e0), finalized #449 (0xe3c8…56e0), ⬇ 0 ⬆ 0    
2026-05-28 14:57:57 Current block number: 450    
2026-05-28 14:57:57 🙌 Starting consensus session on top of parent 0xe3c8716f939785e81d9d5d7a0e3e632a89d77544ae59629d8e0191bb34f856e0 (#449)    
2026-05-28 14:57:57 🎁 Prepared block for proposing at 450 (2 ms) hash: 0xcb607ebd0b90fd5208de3eebddac76d8208beb88f8351e6a81bb5ba0eb91c418; parent_hash: 0xe3c8…56e0; end: NoMoreTransactions; extrinsics_count: 2    
2026-05-28 14:57:57 Consensus with no RPC sender success: CreatedBlock { hash: 0xcb607ebd0b90fd5208de3eebddac76d8208beb88f8351e6a81bb5ba0eb91c418, aux: ImportedAux { header_only: false, clear_justification_requests: false, needs_justification: false, bad_justification: false, is_new_best: true }, proof_size: 0 }    
2026-05-28 14:57:57 🏆 Imported #450 (0xe3c8…56e0 → 0xcb60…c418)    
2026-05-28 14:57:58 Current block number: 451    
2026-05-28 14:57:58 🙌 Starting consensus session on top of parent 0xcb607ebd0b90fd5208de3eebddac76d8208beb88f8351e6a81bb5ba0eb91c418 (#450)    
2026-05-28 14:57:58 🎁 Prepared block for proposing at 451 (2 ms) hash: 0x063e6bc7adb8dd66bfe96557484c2cf201b63ea5d386b7a43cd173504436c918; parent_hash: 0xcb60…c418; end: NoMoreTransactions; extrinsics_count: 2    
2026-05-28 14:57:58 Consensus with no RPC sender success: CreatedBlock { hash: 0x063e6bc7adb8dd66bfe96557484c2cf201b63ea5d386b7a43cd173504436c918, aux: ImportedAux { header_only: false, clear_justification_requests: false, needs_justification: false, bad_justification: false, is_new_best: true }, proof_size: 0 }    
2026-05-28 14:57:58 🏆 Imported #451 (0xcb60…c418 → 0x063e…c918)    
2026-05-28 14:57:59 Current block number: 452    
2026-05-28 14:57:59 🙌 Starting consensus session on top of parent 0x063e6bc7adb8dd66bfe96557484c2cf201b63ea5d386b7a43cd173504436c918 (#451)    
2026-05-28 14:57:59 🎁 Prepared block for proposing at 452 (1 ms) hash: 0x520fe9b4c38f642517030c3e0c5b4c087bb6a0c2dac212038507aad32b56835b; parent_hash: 0x063e…c918; end: NoMoreTransactions; extrinsics_count: 2    
2026-05-28 14:57:59 Consensus with no RPC sender success: CreatedBlock { hash: 0x520fe9b4c38f642517030c3e0c5b4c087bb6a0c2dac212038507aad32b56835b, aux: ImportedAux { header_only: false, clear_justification_requests: false, needs_justification: false, bad_justification: false, is_new_best: true }, proof_size: 0 }    
2026-05-28 14:57:59 🏆 Imported #452 (0x063e…c918 → 0x520f…835b)    
2026-05-28 14:58:00 Current block number: 453    
2026-05-28 14:58:00 🙌 Starting consensus session on top of parent 0x520fe9b4c38f642517030c3e0c5b4c087bb6a0c2dac212038507aad32b56835b (#452)    
2026-05-28 14:58:00 🎁 Prepared block for proposing at 453 (2 ms) hash: 0x8fe0757f2fc9b59c892c9aad0c7ad0081478364473473ccf0a17e08a6e726cd9; parent_hash: 0x520f…835b; end: NoMoreTransactions; extrinsics_count: 2    
2026-05-28 14:58:00 Consensus with no RPC sender success: CreatedBlock { hash: 0x8fe0757f2fc9b59c892c9aad0c7ad0081478364473473ccf0a17e08a6e726cd9, aux: ImportedAux { header_only: false, clear_justification_requests: false, needs_justification: false, bad_justification: false, is_new_best: true }, proof_size: 0 }    
2026-05-28 14:58:00 🏆 Imported #453 (0x520f…835b → 0x8fe0…6cd9)    
2026-05-28 14:58:01 Current block number: 454    
2026-05-28 14:58:01 🙌 Starting consensus session on top of parent 0x8fe0757f2fc9b59c892c9aad0c7ad0081478364473473ccf0a17e08a6e726cd9 (#453)    
2026-05-28 14:58:01 🎁 Prepared block for proposing at 454 (2 ms) hash: 0x41a0787e216e4c8dd7178935219a789ef30b598a06ab5a9c55f4601dadcf8827; parent_hash: 0x8fe0…6cd9; end: NoMoreTransactions; extrinsics_count: 2    
2026-05-28 14:58:01 Consensus with no RPC sender success: CreatedBlock { hash: 0x41a0787e216e4c8dd7178935219a789ef30b598a06ab5a9c55f4601dadcf8827, aux: ImportedAux { header_only: false, clear_justification_requests: false, needs_justification: false, bad_justification: false, is_new_best: true }, proof_size: 0 }    
2026-05-28 14:58:01 🏆 Imported #454 (0x8fe0…6cd9 → 0x41a0…8827)    
2026-05-28 14:58:02 💤 Idle (0 peers), best: #454 (0x41a0…8827), finalized #454 (0x41a0…8827), ⬇ 0 ⬆ 0    
2026-05-28 14:58:02 Current block number: 455    
2026-05-28 14:58:02 🙌 Starting consensus session on top of parent 0x41a0787e216e4c8dd7178935219a789ef30b598a06ab5a9c55f4601dadcf8827 (#454)    
2026-05-28 14:58:02 🎁 Prepared block for proposing at 455 (1 ms) hash: 0xda61222dfb125e618eb6e3d1d4e6db0b944887a289b199df94808763f09ea981; parent_hash: 0x41a0…8827; end: NoMoreTransactions; extrinsics_count: 2    
2026-05-28 14:58:02 Consensus with no RPC sender success: CreatedBlock { hash: 0xda61222dfb125e618eb6e3d1d4e6db0b944887a289b199df94808763f09ea981, aux: ImportedAux { header_only: false, clear_justification_requests: false, needs_justification: false, bad_justification: false, is_new_best: true }, proof_size: 0 }    
2026-05-28 14:58:02 🏆 Imported #455 (0x41a0…8827 → 0xda61…a981)    
2026-05-28 14:58:03 Current block number: 456    
2026-05-28 14:58:03 🙌 Starting consensus session on top of parent 0xda61222dfb125e618eb6e3d1d4e6db0b944887a289b199df94808763f09ea981 (#455)    
2026-05-28 14:58:03 🎁 Prepared block for proposing at 456 (2 ms) hash: 0x57f5c780d8ef43dfaed4ff79b3f35cba8581bf0580b2f9c71e9c4402ea409c8b; parent_hash: 0xda61…a981; end: NoMoreTransactions; extrinsics_count: 2    
2026-05-28 14:58:03 Consensus with no RPC sender success: CreatedBlock { hash: 0x57f5c780d8ef43dfaed4ff79b3f35cba8581bf0580b2f9c71e9c4402ea409c8b, aux: ImportedAux { header_only: false, clear_justification_requests: false, needs_justification: false, bad_justification: false, is_new_best: true }, proof_size: 0 }    
2026-05-28 14:58:03 🏆 Imported #456 (0xda61…a981 → 0x57f5…9c8b)    
2026-05-28 14:58:04 Current block number: 457    
2026-05-28 14:58:04 🙌 Starting consensus session on top of parent 0x57f5c780d8ef43dfaed4ff79b3f35cba8581bf0580b2f9c71e9c4402ea409c8b (#456)    
2026-05-28 14:58:04 🎁 Prepared block for proposing at 457 (1 ms) hash: 0xc68d0f95bc79921763673e9ea1f71020431490f21b646762d99e07933c651892; parent_hash: 0x57f5…9c8b; end: NoMoreTransactions; extrinsics_count: 2    
2026-05-28 14:58:04 Consensus with no RPC sender success: CreatedBlock { hash: 0xc68d0f95bc79921763673e9ea1f71020431490f21b646762d99e07933c651892, aux: ImportedAux { header_only: false, clear_justification_requests: false, needs_justification: false, bad_justification: false, is_new_best: true }, proof_size: 0 }    
2026-05-28 14:58:04 🏆 Imported #457 (0x57f5…9c8b → 0xc68d…1892)    
2026-05-28 14:58:05 Current block number: 458    
2026-05-28 14:58:05 🙌 Starting consensus session on top of parent 0xc68d0f95bc79921763673e9ea1f71020431490f21b646762d99e07933c651892 (#457)    
2026-05-28 14:58:05 🎁 Prepared block for proposing at 458 (1 ms) hash: 0x3447703d72a87c554b97109e68cea7c80de96b3756a5c7418c4775cd62734506; parent_hash: 0xc68d…1892; end: NoMoreTransactions; extrinsics_count: 2    
2026-05-28 14:58:05 Consensus with no RPC sender success: CreatedBlock { hash: 0x3447703d72a87c554b97109e68cea7c80de96b3756a5c7418c4775cd62734506, aux: ImportedAux { header_only: false, clear_justification_requests: false, needs_justification: false, bad_justification: false, is_new_best: true }, proof_size: 0 }    
2026-05-28 14:58:05 🏆 Imported #458 (0xc68d…1892 → 0x3447…4506)    
2026-05-28 14:58:06 Current block number: 459    
2026-05-28 14:58:06 🙌 Starting consensus session on top of parent 0x3447703d72a87c554b97109e68cea7c80de96b3756a5c7418c4775cd62734506 (#458)    
2026-05-28 14:58:06 🎁 Prepared block for proposing at 459 (1 ms) hash: 0xda66bf8e3e38594c2712e9cdc1f6cfc4349e0ca76aeb52bb32a7e10ef6ca0702; parent_hash: 0x3447…4506; end: NoMoreTransactions; extrinsics_count: 2    
2026-05-28 14:58:06 Consensus with no RPC sender success: CreatedBlock { hash: 0xda66bf8e3e38594c2712e9cdc1f6cfc4349e0ca76aeb52bb32a7e10ef6ca0702, aux: ImportedAux { header_only: false, clear_justification_requests: false, needs_justification: false, bad_justification: false, is_new_best: true }, proof_size: 0 }    
2026-05-28 14:58:06 🏆 Imported #459 (0x3447…4506 → 0xda66…0702)    
2026-05-28 14:58:07 💤 Idle (0 peers), best: #459 (0xda66…0702), finalized #459 (0xda66…0702), ⬇ 0 ⬆ 0    
2026-05-28 14:58:07 Current block number: 460    
2026-05-28 14:58:07 🙌 Starting consensus session on top of parent 0xda66bf8e3e38594c2712e9cdc1f6cfc4349e0ca76aeb52bb32a7e10ef6ca0702 (#459)    
2026-05-28 14:58:07 🎁 Prepared block for proposing at 460 (2 ms) hash: 0x54c1502cdedbcd1a2da48222161123a9ecaf04a763b495152425cce0b39d5b54; parent_hash: 0xda66…0702; end: NoMoreTransactions; extrinsics_count: 2    
2026-05-28 14:58:07 Consensus with no RPC sender success: CreatedBlock { hash: 0x54c1502cdedbcd1a2da48222161123a9ecaf04a763b495152425cce0b39d5b54, aux: ImportedAux { header_only: false, clear_justification_requests: false, needs_justification: false, bad_justification: false, is_new_best: true }, proof_size: 0 }    
2026-05-28 14:58:07 🏆 Imported #460 (0xda66…0702 → 0x54c1…5b54)    
2026-05-28 14:58:08 Current block number: 461    
2026-05-28 14:58:08 🙌 Starting consensus session on top of parent 0x54c1502cdedbcd1a2da48222161123a9ecaf04a763b495152425cce0b39d5b54 (#460)    
2026-05-28 14:58:08 🎁 Prepared block for proposing at 461 (8 ms) hash: 0xd21b2f3f300ee79b2c64fc602ec57ee3561e78cc269a4f925f23733241ec0956; parent_hash: 0x54c1…5b54; end: NoMoreTransactions; extrinsics_count: 2    
2026-05-28 14:58:08 Consensus with no RPC sender success: CreatedBlock { hash: 0xd21b2f3f300ee79b2c64fc602ec57ee3561e78cc269a4f925f23733241ec0956, aux: ImportedAux { header_only: false, clear_justification_requests: false, needs_justification: false, bad_justification: false, is_new_best: true }, proof_size: 0 }    
2026-05-28 14:58:08 🏆 Imported #461 (0x54c1…5b54 → 0xd21b…0956)    
2026-05-28 14:58:09 Current block number: 462    
2026-05-28 14:58:09 🙌 Starting consensus session on top of parent 0xd21b2f3f300ee79b2c64fc602ec57ee3561e78cc269a4f925f23733241ec0956 (#461)    
2026-05-28 14:58:09 🎁 Prepared block for proposing at 462 (2 ms) hash: 0x180a768714c418586cbc0d98e7f591abaff68ed1721a378e8d389356c30e7f6b; parent_hash: 0xd21b…0956; end: NoMoreTransactions; extrinsics_count: 2    
2026-05-28 14:58:09 Consensus with no RPC sender success: CreatedBlock { hash: 0x180a768714c418586cbc0d98e7f591abaff68ed1721a378e8d389356c30e7f6b, aux: ImportedAux { header_only: false, clear_justification_requests: false, needs_justification: false, bad_justification: false, is_new_best: true }, proof_size: 0 }    
2026-05-28 14:58:09 🏆 Imported #462 (0xd21b…0956 → 0x180a…7f6b)    
2026-05-28 14:58:10 Current block number: 463    
2026-05-28 14:58:10 🙌 Starting consensus session on top of parent 0x180a768714c418586cbc0d98e7f591abaff68ed1721a378e8d389356c30e7f6b (#462)    
2026-05-28 14:58:10 🎁 Prepared block for proposing at 463 (1 ms) hash: 0x6080d16bab82f8886cdf0e902067099c06a50a5155ea00f0593fb5a2dc1ea3f8; parent_hash: 0x180a…7f6b; end: NoMoreTransactions; extrinsics_count: 2    
2026-05-28 14:58:10 Consensus with no RPC sender success: CreatedBlock { hash: 0x6080d16bab82f8886cdf0e902067099c06a50a5155ea00f0593fb5a2dc1ea3f8, aux: ImportedAux { header_only: false, clear_justification_requests: false, needs_justification: false, bad_justification: false, is_new_best: true }, proof_size: 0 }    
2026-05-28 14:58:10 🏆 Imported #463 (0x180a…7f6b → 0x6080…a3f8)    
2026-05-28 14:58:11 Current block number: 464    
2026-05-28 14:58:11 🙌 Starting consensus session on top of parent 0x6080d16bab82f8886cdf0e902067099c06a50a5155ea00f0593fb5a2dc1ea3f8 (#463)    
2026-05-28 14:58:11 🎁 Prepared block for proposing at 464 (1 ms) hash: 0x6297d98b8295f74ed9ad704d8817f90bbe86cad67fb4fc814190fdd7c919bb04; parent_hash: 0x6080…a3f8; end: NoMoreTransactions; extrinsics_count: 2    
2026-05-28 14:58:11 Consensus with no RPC sender success: CreatedBlock { hash: 0x6297d98b8295f74ed9ad704d8817f90bbe86cad67fb4fc814190fdd7c919bb04, aux: ImportedAux { header_only: false, clear_justification_requests: false, needs_justification: false, bad_justification: false, is_new_best: true }, proof_size: 0 }    
2026-05-28 14:58:11 🏆 Imported #464 (0x6080…a3f8 → 0x6297…bb04)    
2026-05-28 14:58:12 💤 Idle (0 peers), best: #464 (0x6297…bb04), finalized #464 (0x6297…bb04), ⬇ 0 ⬆ 0    
2026-05-28 14:58:12 Current block number: 465    
2026-05-28 14:58:12 🙌 Starting consensus session on top of parent 0x6297d98b8295f74ed9ad704d8817f90bbe86cad67fb4fc814190fdd7c919bb04 (#464)    
2026-05-28 14:58:12 🎁 Prepared block for proposing at 465 (1 ms) hash: 0xc027ea6cc858fe14819d331cf1a46d1dd1f88c97c209e1b61a8cbf38a969d8ff; parent_hash: 0x6297…bb04; end: NoMoreTransactions; extrinsics_count: 2    
2026-05-28 14:58:12 Consensus with no RPC sender success: CreatedBlock { hash: 0xc027ea6cc858fe14819d331cf1a46d1dd1f88c97c209e1b61a8cbf38a969d8ff, aux: ImportedAux { header_only: false, clear_justification_requests: false, needs_justification: false, bad_justification: false, is_new_best: true }, proof_size: 0 }    
2026-05-28 14:58:12 🏆 Imported #465 (0x6297…bb04 → 0xc027…d8ff)    
2026-05-28 14:58:13 Current block number: 466    
2026-05-28 14:58:13 🙌 Starting consensus session on top of parent 0xc027ea6cc858fe14819d331cf1a46d1dd1f88c97c209e1b61a8cbf38a969d8ff (#465)    
2026-05-28 14:58:13 🎁 Prepared block for proposing at 466 (2 ms) hash: 0xc8f0f7a001d503113a1948ff8a971f8791d6cf4b9288ab78757f8a721d2d5e3c; parent_hash: 0xc027…d8ff; end: NoMoreTransactions; extrinsics_count: 2    
2026-05-28 14:58:13 Consensus with no RPC sender success: CreatedBlock { hash: 0xc8f0f7a001d503113a1948ff8a971f8791d6cf4b9288ab78757f8a721d2d5e3c, aux: ImportedAux { header_only: false, clear_justification_requests: false, needs_justification: false, bad_justification: false, is_new_best: true }, proof_size: 0 }    
2026-05-28 14:58:13 🏆 Imported #466 (0xc027…d8ff → 0xc8f0…5e3c)    
2026-05-28 14:58:14 Current block number: 467    
2026-05-28 14:58:14 🙌 Starting consensus session on top of parent 0xc8f0f7a001d503113a1948ff8a971f8791d6cf4b9288ab78757f8a721d2d5e3c (#466)    
2026-05-28 14:58:14 🎁 Prepared block for proposing at 467 (1 ms) hash: 0x5bf684b7da5f11e1e1169e9a159f1cf9ec0ceaf41168da133ad2a0d607fac349; parent_hash: 0xc8f0…5e3c; end: NoMoreTransactions; extrinsics_count: 2    
2026-05-28 14:58:14 Consensus with no RPC sender success: CreatedBlock { hash: 0x5bf684b7da5f11e1e1169e9a159f1cf9ec0ceaf41168da133ad2a0d607fac349, aux: ImportedAux { header_only: false, clear_justification_requests: false, needs_justification: false, bad_justification: false, is_new_best: true }, proof_size: 0 }    
2026-05-28 14:58:14 🏆 Imported #467 (0xc8f0…5e3c → 0x5bf6…c349)    
2026-05-28 14:58:15 Current block number: 468    
2026-05-28 14:58:15 🙌 Starting consensus session on top of parent 0x5bf684b7da5f11e1e1169e9a159f1cf9ec0ceaf41168da133ad2a0d607fac349 (#467)    
2026-05-28 14:58:15 🎁 Prepared block for proposing at 468 (2 ms) hash: 0x6702d41ecfecbc5f15920113248d2bab61471c1c56300af1aa7702ac6f3238c3; parent_hash: 0x5bf6…c349; end: NoMoreTransactions; extrinsics_count: 2    
2026-05-28 14:58:15 Consensus with no RPC sender success: CreatedBlock { hash: 0x6702d41ecfecbc5f15920113248d2bab61471c1c56300af1aa7702ac6f3238c3, aux: ImportedAux { header_only: false, clear_justification_requests: false, needs_justification: false, bad_justification: false, is_new_best: true }, proof_size: 0 }    
2026-05-28 14:58:15 🏆 Imported #468 (0x5bf6…c349 → 0x6702…38c3)    
2026-05-28 14:58:16 Current block number: 469    
2026-05-28 14:58:16 🙌 Starting consensus session on top of parent 0x6702d41ecfecbc5f15920113248d2bab61471c1c56300af1aa7702ac6f3238c3 (#468)    
2026-05-28 14:58:16 🎁 Prepared block for proposing at 469 (2 ms) hash: 0x90baf4e0e99f2ebcc40d25ddf1f1b2fe177f98ff94baf15f7554d0c68f19a24f; parent_hash: 0x6702…38c3; end: NoMoreTransactions; extrinsics_count: 2    
2026-05-28 14:58:16 Consensus with no RPC sender success: CreatedBlock { hash: 0x90baf4e0e99f2ebcc40d25ddf1f1b2fe177f98ff94baf15f7554d0c68f19a24f, aux: ImportedAux { header_only: false, clear_justification_requests: false, needs_justification: false, bad_justification: false, is_new_best: true }, proof_size: 0 }    
2026-05-28 14:58:16 🏆 Imported #469 (0x6702…38c3 → 0x90ba…a24f)    
2026-05-28 14:58:17 💤 Idle (0 peers), best: #469 (0x90ba…a24f), finalized #469 (0x90ba…a24f), ⬇ 0 ⬆ 0    
2026-05-28 14:58:17 Current block number: 470    
2026-05-28 14:58:17 🙌 Starting consensus session on top of parent 0x90baf4e0e99f2ebcc40d25ddf1f1b2fe177f98ff94baf15f7554d0c68f19a24f (#469)    
2026-05-28 14:58:17 🎁 Prepared block for proposing at 470 (2 ms) hash: 0xb05fb287055c623cd85a99369d7b83cfe839f4e93a6cde36665144373d4105ab; parent_hash: 0x90ba…a24f; end: NoMoreTransactions; extrinsics_count: 2    
2026-05-28 14:58:17 Consensus with no RPC sender success: CreatedBlock { hash: 0xb05fb287055c623cd85a99369d7b83cfe839f4e93a6cde36665144373d4105ab, aux: ImportedAux { header_only: false, clear_justification_requests: false, needs_justification: false, bad_justification: false, is_new_best: true }, proof_size: 0 }    
2026-05-28 14:58:17 🏆 Imported #470 (0x90ba…a24f → 0xb05f…05ab)    
2026-05-28 14:58:18 Current block number: 471    
2026-05-28 14:58:18 🙌 Starting consensus session on top of parent 0xb05fb287055c623cd85a99369d7b83cfe839f4e93a6cde36665144373d4105ab (#470)    
2026-05-28 14:58:18 🎁 Prepared block for proposing at 471 (2 ms) hash: 0x1cbbfd0e6603e132bb34ea4e63378aaf0007ec6724dcd1b62656f65df06fb0ee; parent_hash: 0xb05f…05ab; end: NoMoreTransactions; extrinsics_count: 2    
2026-05-28 14:58:18 Consensus with no RPC sender success: CreatedBlock { hash: 0x1cbbfd0e6603e132bb34ea4e63378aaf0007ec6724dcd1b62656f65df06fb0ee, aux: ImportedAux { header_only: false, clear_justification_requests: false, needs_justification: false, bad_justification: false, is_new_best: true }, proof_size: 0 }    
2026-05-28 14:58:18 🏆 Imported #471 (0xb05f…05ab → 0x1cbb…b0ee)    
2026-05-28 14:58:19 Current block number: 472    
2026-05-28 14:58:19 🙌 Starting consensus session on top of parent 0x1cbbfd0e6603e132bb34ea4e63378aaf0007ec6724dcd1b62656f65df06fb0ee (#471)    
2026-05-28 14:58:19 🎁 Prepared block for proposing at 472 (3 ms) hash: 0x1a1b196e29be7ca2cfc749d065d0343528226a3227df0cb4b75f14dfae7b1d1f; parent_hash: 0x1cbb…b0ee; end: NoMoreTransactions; extrinsics_count: 2    
2026-05-28 14:58:19 Consensus with no RPC sender success: CreatedBlock { hash: 0x1a1b196e29be7ca2cfc749d065d0343528226a3227df0cb4b75f14dfae7b1d1f, aux: ImportedAux { header_only: false, clear_justification_requests: false, needs_justification: false, bad_justification: false, is_new_best: true }, proof_size: 0 }    
2026-05-28 14:58:19 🏆 Imported #472 (0x1cbb…b0ee → 0x1a1b…1d1f)    
2026-05-28 14:58:20 Current block number: 473    
2026-05-28 14:58:20 🙌 Starting consensus session on top of parent 0x1a1b196e29be7ca2cfc749d065d0343528226a3227df0cb4b75f14dfae7b1d1f (#472)    
2026-05-28 14:58:20 🎁 Prepared block for proposing at 473 (3 ms) hash: 0x1f92b2f3768fa45171dffcecd4da89183249460d8026f4012c584e472ee7de96; parent_hash: 0x1a1b…1d1f; end: NoMoreTransactions; extrinsics_count: 2    
2026-05-28 14:58:20 Consensus with no RPC sender success: CreatedBlock { hash: 0x1f92b2f3768fa45171dffcecd4da89183249460d8026f4012c584e472ee7de96, aux: ImportedAux { header_only: false, clear_justification_requests: false, needs_justification: false, bad_justification: false, is_new_best: true }, proof_size: 0 }    
2026-05-28 14:58:20 🏆 Imported #473 (0x1a1b…1d1f → 0x1f92…de96)    
2026-05-28 14:58:21 Current block number: 474    
2026-05-28 14:58:21 🙌 Starting consensus session on top of parent 0x1f92b2f3768fa45171dffcecd4da89183249460d8026f4012c584e472ee7de96 (#473)    
2026-05-28 14:58:21 🎁 Prepared block for proposing at 474 (4 ms) hash: 0x7431091347ab956862c0ebb221717fd533d40dae33da7f910e0d15f245ff126d; parent_hash: 0x1f92…de96; end: NoMoreTransactions; extrinsics_count: 2    
2026-05-28 14:58:21 Consensus with no RPC sender success: CreatedBlock { hash: 0x7431091347ab956862c0ebb221717fd533d40dae33da7f910e0d15f245ff126d, aux: ImportedAux { header_only: false, clear_justification_requests: false, needs_justification: false, bad_justification: false, is_new_best: true }, proof_size: 0 }    
2026-05-28 14:58:21 🏆 Imported #474 (0x1f92…de96 → 0x7431…126d)    
2026-05-28 14:58:22 💤 Idle (0 peers), best: #474 (0x7431…126d), finalized #474 (0x7431…126d), ⬇ 0 ⬆ 0    
2026-05-28 14:58:22 Current block number: 475    
2026-05-28 14:58:22 🙌 Starting consensus session on top of parent 0x7431091347ab956862c0ebb221717fd533d40dae33da7f910e0d15f245ff126d (#474)    
2026-05-28 14:58:22 🎁 Prepared block for proposing at 475 (3 ms) hash: 0x3f804bbe7f84f9eb47f0bee7602322228ab433f2b7b05a13ffae033072197bfd; parent_hash: 0x7431…126d; end: NoMoreTransactions; extrinsics_count: 2    
2026-05-28 14:58:22 Consensus with no RPC sender success: CreatedBlock { hash: 0x3f804bbe7f84f9eb47f0bee7602322228ab433f2b7b05a13ffae033072197bfd, aux: ImportedAux { header_only: false, clear_justification_requests: false, needs_justification: false, bad_justification: false, is_new_best: true }, proof_size: 0 }    
2026-05-28 14:58:22 🏆 Imported #475 (0x7431…126d → 0x3f80…7bfd)    
2026-05-28 14:58:23 Current block number: 476    
2026-05-28 14:58:23 🙌 Starting consensus session on top of parent 0x3f804bbe7f84f9eb47f0bee7602322228ab433f2b7b05a13ffae033072197bfd (#475)    
2026-05-28 14:58:23 🎁 Prepared block for proposing at 476 (5 ms) hash: 0x9e84cbec9203d6c06142c70afbce37422740c5047d8683fe8247f7918d29b2cf; parent_hash: 0x3f80…7bfd; end: NoMoreTransactions; extrinsics_count: 2    
2026-05-28 14:58:23 Consensus with no RPC sender success: CreatedBlock { hash: 0x9e84cbec9203d6c06142c70afbce37422740c5047d8683fe8247f7918d29b2cf, aux: ImportedAux { header_only: false, clear_justification_requests: false, needs_justification: false, bad_justification: false, is_new_best: true }, proof_size: 0 }    
2026-05-28 14:58:23 🏆 Imported #476 (0x3f80…7bfd → 0x9e84…b2cf)    
2026-05-28 14:58:24 Current block number: 477    
2026-05-28 14:58:24 🙌 Starting consensus session on top of parent 0x9e84cbec9203d6c06142c70afbce37422740c5047d8683fe8247f7918d29b2cf (#476)    
2026-05-28 14:58:24 🎁 Prepared block for proposing at 477 (3 ms) hash: 0x29d0a087b6246034748ef57f3e329a8f56e7db7ef0eb0cc6656ae3016e9f58eb; parent_hash: 0x9e84…b2cf; end: NoMoreTransactions; extrinsics_count: 2    
2026-05-28 14:58:24 Consensus with no RPC sender success: CreatedBlock { hash: 0x29d0a087b6246034748ef57f3e329a8f56e7db7ef0eb0cc6656ae3016e9f58eb, aux: ImportedAux { header_only: false, clear_justification_requests: false, needs_justification: false, bad_justification: false, is_new_best: true }, proof_size: 0 }    
2026-05-28 14:58:24 🏆 Imported #477 (0x9e84…b2cf → 0x29d0…58eb)    
2026-05-28 14:58:25 Current block number: 478    
2026-05-28 14:58:25 🙌 Starting consensus session on top of parent 0x29d0a087b6246034748ef57f3e329a8f56e7db7ef0eb0cc6656ae3016e9f58eb (#477)    
2026-05-28 14:58:25 🎁 Prepared block for proposing at 478 (4 ms) hash: 0xef58369c67b814c464974c2b5d2d045c68d38c24c5fccdfda8faab95cab800a0; parent_hash: 0x29d0…58eb; end: NoMoreTransactions; extrinsics_count: 2    
2026-05-28 14:58:25 Consensus with no RPC sender success: CreatedBlock { hash: 0xef58369c67b814c464974c2b5d2d045c68d38c24c5fccdfda8faab95cab800a0, aux: ImportedAux { header_only: false, clear_justification_requests: false, needs_justification: false, bad_justification: false, is_new_best: true }, proof_size: 0 }    
2026-05-28 14:58:25 🏆 Imported #478 (0x29d0…58eb → 0xef58…00a0)    
2026-05-28 14:58:26 Current block number: 479    
2026-05-28 14:58:26 🙌 Starting consensus session on top of parent 0xef58369c67b814c464974c2b5d2d045c68d38c24c5fccdfda8faab95cab800a0 (#478)    
2026-05-28 14:58:26 🎁 Prepared block for proposing at 479 (1 ms) hash: 0x300282f8e7a5f37b77f57fd9578c234c2f0a1e7be67ba5d548d2f4f649a42503; parent_hash: 0xef58…00a0; end: NoMoreTransactions; extrinsics_count: 2    
2026-05-28 14:58:26 Consensus with no RPC sender success: CreatedBlock { hash: 0x300282f8e7a5f37b77f57fd9578c234c2f0a1e7be67ba5d548d2f4f649a42503, aux: ImportedAux { header_only: false, clear_justification_requests: false, needs_justification: false, bad_justification: false, is_new_best: true }, proof_size: 0 }    
2026-05-28 14:58:26 🏆 Imported #479 (0xef58…00a0 → 0x3002…2503)    
2026-05-28 14:58:27 💤 Idle (0 peers), best: #479 (0x3002…2503), finalized #479 (0x3002…2503), ⬇ 0 ⬆ 0    
2026-05-28 14:58:27 Current block number: 480    
2026-05-28 14:58:27 🙌 Starting consensus session on top of parent 0x300282f8e7a5f37b77f57fd9578c234c2f0a1e7be67ba5d548d2f4f649a42503 (#479)    
2026-05-28 14:58:27 🎁 Prepared block for proposing at 480 (4 ms) hash: 0x0321be0f71322a5cfee382dcbada81db2dd241eefb1179a0394325e255023219; parent_hash: 0x3002…2503; end: NoMoreTransactions; extrinsics_count: 2    
2026-05-28 14:58:27 Consensus with no RPC sender success: CreatedBlock { hash: 0x0321be0f71322a5cfee382dcbada81db2dd241eefb1179a0394325e255023219, aux: ImportedAux { header_only: false, clear_justification_requests: false, needs_justification: false, bad_justification: false, is_new_best: true }, proof_size: 0 }    
2026-05-28 14:58:27 🏆 Imported #480 (0x3002…2503 → 0x0321…3219)    
2026-05-28 14:58:28 Current block number: 481    
2026-05-28 14:58:28 🙌 Starting consensus session on top of parent 0x0321be0f71322a5cfee382dcbada81db2dd241eefb1179a0394325e255023219 (#480)    
2026-05-28 14:58:28 🎁 Prepared block for proposing at 481 (3 ms) hash: 0xa30aa87bed8403665462b5a31ed8c3cad5ccc60a687f0e87bad75061959569b1; parent_hash: 0x0321…3219; end: NoMoreTransactions; extrinsics_count: 2    
2026-05-28 14:58:28 Consensus with no RPC sender success: CreatedBlock { hash: 0xa30aa87bed8403665462b5a31ed8c3cad5ccc60a687f0e87bad75061959569b1, aux: ImportedAux { header_only: false, clear_justification_requests: false, needs_justification: false, bad_justification: false, is_new_best: true }, proof_size: 0 }    
2026-05-28 14:58:28 🏆 Imported #481 (0x0321…3219 → 0xa30a…69b1)    
2026-05-28 14:58:29 Current block number: 482    
2026-05-28 14:58:29 🙌 Starting consensus session on top of parent 0xa30aa87bed8403665462b5a31ed8c3cad5ccc60a687f0e87bad75061959569b1 (#481)    
2026-05-28 14:58:29 🎁 Prepared block for proposing at 482 (3 ms) hash: 0x8765f2d17586a491fd62a636ef6ecf7dd04f8eba9348f77ae1146c673f503222; parent_hash: 0xa30a…69b1; end: NoMoreTransactions; extrinsics_count: 2    
2026-05-28 14:58:29 Consensus with no RPC sender success: CreatedBlock { hash: 0x8765f2d17586a491fd62a636ef6ecf7dd04f8eba9348f77ae1146c673f503222, aux: ImportedAux { header_only: false, clear_justification_requests: false, needs_justification: false, bad_justification: false, is_new_best: true }, proof_size: 0 }    
2026-05-28 14:58:29 🏆 Imported #482 (0xa30a…69b1 → 0x8765…3222)    
2026-05-28 14:58:30 Current block number: 483    
2026-05-28 14:58:30 🙌 Starting consensus session on top of parent 0x8765f2d17586a491fd62a636ef6ecf7dd04f8eba9348f77ae1146c673f503222 (#482)    
2026-05-28 14:58:30 🎁 Prepared block for proposing at 483 (3 ms) hash: 0xc61264df8049a099a4e42a1c3bb8dd486f469d6a6e6934f9f2584068246b1cb9; parent_hash: 0x8765…3222; end: NoMoreTransactions; extrinsics_count: 2    
2026-05-28 14:58:30 Consensus with no RPC sender success: CreatedBlock { hash: 0xc61264df8049a099a4e42a1c3bb8dd486f469d6a6e6934f9f2584068246b1cb9, aux: ImportedAux { header_only: false, clear_justification_requests: false, needs_justification: false, bad_justification: false, is_new_best: true }, proof_size: 0 }    
2026-05-28 14:58:30 🏆 Imported #483 (0x8765…3222 → 0xc612…1cb9)    
2026-05-28 14:58:31 Current block number: 484    
2026-05-28 14:58:31 🙌 Starting consensus session on top of parent 0xc61264df8049a099a4e42a1c3bb8dd486f469d6a6e6934f9f2584068246b1cb9 (#483)    
2026-05-28 14:58:31 🎁 Prepared block for proposing at 484 (4 ms) hash: 0x1c3ca6bd6b358d50b54187eafb6e1ac50e3300e41e28a7fd4d9a0d0c94d19d4a; parent_hash: 0xc612…1cb9; end: NoMoreTransactions; extrinsics_count: 2    
2026-05-28 14:58:31 Consensus with no RPC sender success: CreatedBlock { hash: 0x1c3ca6bd6b358d50b54187eafb6e1ac50e3300e41e28a7fd4d9a0d0c94d19d4a, aux: ImportedAux { header_only: false, clear_justification_requests: false, needs_justification: false, bad_justification: false, is_new_best: true }, proof_size: 0 }    
2026-05-28 14:58:31 🏆 Imported #484 (0xc612…1cb9 → 0x1c3c…9d4a)    
2026-05-28 14:58:32 💤 Idle (0 peers), best: #484 (0x1c3c…9d4a), finalized #484 (0x1c3c…9d4a), ⬇ 0 ⬆ 0    
2026-05-28 14:58:32 Current block number: 485    
2026-05-28 14:58:32 🙌 Starting consensus session on top of parent 0x1c3ca6bd6b358d50b54187eafb6e1ac50e3300e41e28a7fd4d9a0d0c94d19d4a (#484)    
2026-05-28 14:58:32 🎁 Prepared block for proposing at 485 (1 ms) hash: 0xa845ce6d1ddb9cbe90f04717b187423ae14ba3224e5cb03d2f904675f5c9a270; parent_hash: 0x1c3c…9d4a; end: NoMoreTransactions; extrinsics_count: 2    
2026-05-28 14:58:32 Consensus with no RPC sender success: CreatedBlock { hash: 0xa845ce6d1ddb9cbe90f04717b187423ae14ba3224e5cb03d2f904675f5c9a270, aux: ImportedAux { header_only: false, clear_justification_requests: false, needs_justification: false, bad_justification: false, is_new_best: true }, proof_size: 0 }    
2026-05-28 14:58:32 🏆 Imported #485 (0x1c3c…9d4a → 0xa845…a270)    
2026-05-28 14:58:33 Current block number: 486    
2026-05-28 14:58:33 🙌 Starting consensus session on top of parent 0xa845ce6d1ddb9cbe90f04717b187423ae14ba3224e5cb03d2f904675f5c9a270 (#485)    
2026-05-28 14:58:33 🎁 Prepared block for proposing at 486 (1 ms) hash: 0x49a78a4841fc26d46a64c8ae8d19b56b6bdf9ea85bd53225b820d50290a172ae; parent_hash: 0xa845…a270; end: NoMoreTransactions; extrinsics_count: 2    
2026-05-28 14:58:33 Consensus with no RPC sender success: CreatedBlock { hash: 0x49a78a4841fc26d46a64c8ae8d19b56b6bdf9ea85bd53225b820d50290a172ae, aux: ImportedAux { header_only: false, clear_justification_requests: false, needs_justification: false, bad_justification: false, is_new_best: true }, proof_size: 0 }    
2026-05-28 14:58:33 🏆 Imported #486 (0xa845…a270 → 0x49a7…72ae)    
2026-05-28 14:58:34 Current block number: 487    
2026-05-28 14:58:34 🙌 Starting consensus session on top of parent 0x49a78a4841fc26d46a64c8ae8d19b56b6bdf9ea85bd53225b820d50290a172ae (#486)    
2026-05-28 14:58:34 🎁 Prepared block for proposing at 487 (1 ms) hash: 0xe409a05e09fec0954dd712710af099950cee6e72440479e2f5c3cce88f30b119; parent_hash: 0x49a7…72ae; end: NoMoreTransactions; extrinsics_count: 2    
2026-05-28 14:58:34 Consensus with no RPC sender success: CreatedBlock { hash: 0xe409a05e09fec0954dd712710af099950cee6e72440479e2f5c3cce88f30b119, aux: ImportedAux { header_only: false, clear_justification_requests: false, needs_justification: false, bad_justification: false, is_new_best: true }, proof_size: 0 }    
2026-05-28 14:58:34 🏆 Imported #487 (0x49a7…72ae → 0xe409…b119)    
2026-05-28 14:58:35 Current block number: 488    
2026-05-28 14:58:35 🙌 Starting consensus session on top of parent 0xe409a05e09fec0954dd712710af099950cee6e72440479e2f5c3cce88f30b119 (#487)    
2026-05-28 14:58:35 🎁 Prepared block for proposing at 488 (3 ms) hash: 0x4a8dde9944b618b8a400f15f002bef17b6d3f33adc3414913f54c5745fd341f6; parent_hash: 0xe409…b119; end: NoMoreTransactions; extrinsics_count: 2    
2026-05-28 14:58:35 Consensus with no RPC sender success: CreatedBlock { hash: 0x4a8dde9944b618b8a400f15f002bef17b6d3f33adc3414913f54c5745fd341f6, aux: ImportedAux { header_only: false, clear_justification_requests: false, needs_justification: false, bad_justification: false, is_new_best: true }, proof_size: 0 }    
2026-05-28 14:58:35 🏆 Imported #488 (0xe409…b119 → 0x4a8d…41f6)    
2026-05-28 14:58:36 Current block number: 489    
2026-05-28 14:58:36 🙌 Starting consensus session on top of parent 0x4a8dde9944b618b8a400f15f002bef17b6d3f33adc3414913f54c5745fd341f6 (#488)    
2026-05-28 14:58:36 🎁 Prepared block for proposing at 489 (1 ms) hash: 0x96cb38af8469d32e3f3e8155044225434beddbbc2af383c98de267fb6cc0bd9a; parent_hash: 0x4a8d…41f6; end: NoMoreTransactions; extrinsics_count: 2    
2026-05-28 14:58:36 Consensus with no RPC sender success: CreatedBlock { hash: 0x96cb38af8469d32e3f3e8155044225434beddbbc2af383c98de267fb6cc0bd9a, aux: ImportedAux { header_only: false, clear_justification_requests: false, needs_justification: false, bad_justification: false, is_new_best: true }, proof_size: 0 }    
2026-05-28 14:58:36 🏆 Imported #489 (0x4a8d…41f6 → 0x96cb…bd9a)    
2026-05-28 14:58:37 💤 Idle (0 peers), best: #489 (0x96cb…bd9a), finalized #489 (0x96cb…bd9a), ⬇ 0 ⬆ 0    
2026-05-28 14:58:37 Current block number: 490    
2026-05-28 14:58:37 🙌 Starting consensus session on top of parent 0x96cb38af8469d32e3f3e8155044225434beddbbc2af383c98de267fb6cc0bd9a (#489)    
2026-05-28 14:58:37 🎁 Prepared block for proposing at 490 (3 ms) hash: 0x135916c66c522ea94bf99b591beb1153e5ab4b28d79218e9eec29f49a26bb042; parent_hash: 0x96cb…bd9a; end: NoMoreTransactions; extrinsics_count: 2    
2026-05-28 14:58:37 Consensus with no RPC sender success: CreatedBlock { hash: 0x135916c66c522ea94bf99b591beb1153e5ab4b28d79218e9eec29f49a26bb042, aux: ImportedAux { header_only: false, clear_justification_requests: false, needs_justification: false, bad_justification: false, is_new_best: true }, proof_size: 0 }    
2026-05-28 14:58:37 🏆 Imported #490 (0x96cb…bd9a → 0x1359…b042)    
2026-05-28 14:58:38 Current block number: 491    
2026-05-28 14:58:38 🙌 Starting consensus session on top of parent 0x135916c66c522ea94bf99b591beb1153e5ab4b28d79218e9eec29f49a26bb042 (#490)    
2026-05-28 14:58:38 🎁 Prepared block for proposing at 491 (1 ms) hash: 0xe60d0d04c113e3c698423273ad598bca2a03fdf1443ca0956cf61c7b43fcbeae; parent_hash: 0x1359…b042; end: NoMoreTransactions; extrinsics_count: 2    
2026-05-28 14:58:38 Consensus with no RPC sender success: CreatedBlock { hash: 0xe60d0d04c113e3c698423273ad598bca2a03fdf1443ca0956cf61c7b43fcbeae, aux: ImportedAux { header_only: false, clear_justification_requests: false, needs_justification: false, bad_justification: false, is_new_best: true }, proof_size: 0 }    
2026-05-28 14:58:38 🏆 Imported #491 (0x1359…b042 → 0xe60d…beae)    
2026-05-28 14:58:39 Current block number: 492    
2026-05-28 14:58:39 🙌 Starting consensus session on top of parent 0xe60d0d04c113e3c698423273ad598bca2a03fdf1443ca0956cf61c7b43fcbeae (#491)    
2026-05-28 14:58:39 🎁 Prepared block for proposing at 492 (4 ms) hash: 0x0eed971a697c39a25e267e28826dfb1c3ad9fd131eb942dc562032523b21a173; parent_hash: 0xe60d…beae; end: NoMoreTransactions; extrinsics_count: 2    
2026-05-28 14:58:39 Consensus with no RPC sender success: CreatedBlock { hash: 0x0eed971a697c39a25e267e28826dfb1c3ad9fd131eb942dc562032523b21a173, aux: ImportedAux { header_only: false, clear_justification_requests: false, needs_justification: false, bad_justification: false, is_new_best: true }, proof_size: 0 }    
2026-05-28 14:58:39 🏆 Imported #492 (0xe60d…beae → 0x0eed…a173)    
2026-05-28 14:58:40 Current block number: 493    
2026-05-28 14:58:40 🙌 Starting consensus session on top of parent 0x0eed971a697c39a25e267e28826dfb1c3ad9fd131eb942dc562032523b21a173 (#492)    
2026-05-28 14:58:40 🎁 Prepared block for proposing at 493 (3 ms) hash: 0xf0c82f9746c54784599fbabcfa04bd8feedce59d206eed2ecc9849e49a2bc1d2; parent_hash: 0x0eed…a173; end: NoMoreTransactions; extrinsics_count: 2    
2026-05-28 14:58:40 Consensus with no RPC sender success: CreatedBlock { hash: 0xf0c82f9746c54784599fbabcfa04bd8feedce59d206eed2ecc9849e49a2bc1d2, aux: ImportedAux { header_only: false, clear_justification_requests: false, needs_justification: false, bad_justification: false, is_new_best: true }, proof_size: 0 }    
2026-05-28 14:58:40 🏆 Imported #493 (0x0eed…a173 → 0xf0c8…c1d2)    
2026-05-28 14:58:41 Current block number: 494    
2026-05-28 14:58:41 🙌 Starting consensus session on top of parent 0xf0c82f9746c54784599fbabcfa04bd8feedce59d206eed2ecc9849e49a2bc1d2 (#493)    
2026-05-28 14:58:41 🎁 Prepared block for proposing at 494 (4 ms) hash: 0x588acd00d3a578f09bf02d13addc9c36a4663efeb781386c733aa1f10c49a8c3; parent_hash: 0xf0c8…c1d2; end: NoMoreTransactions; extrinsics_count: 2    
2026-05-28 14:58:41 Consensus with no RPC sender success: CreatedBlock { hash: 0x588acd00d3a578f09bf02d13addc9c36a4663efeb781386c733aa1f10c49a8c3, aux: ImportedAux { header_only: false, clear_justification_requests: false, needs_justification: false, bad_justification: false, is_new_best: true }, proof_size: 0 }    
2026-05-28 14:58:41 🏆 Imported #494 (0xf0c8…c1d2 → 0x588a…a8c3)    
2026-05-28 14:58:42 💤 Idle (0 peers), best: #494 (0x588a…a8c3), finalized #494 (0x588a…a8c3), ⬇ 0 ⬆ 0    
2026-05-28 14:58:42 Current block number: 495    
2026-05-28 14:58:42 🙌 Starting consensus session on top of parent 0x588acd00d3a578f09bf02d13addc9c36a4663efeb781386c733aa1f10c49a8c3 (#494)    
2026-05-28 14:58:42 🎁 Prepared block for proposing at 495 (1 ms) hash: 0x1f9833be2eef98a17fe6310dc5f7a7e004aca12723655e654f16ad3d1156a644; parent_hash: 0x588a…a8c3; end: NoMoreTransactions; extrinsics_count: 2    
2026-05-28 14:58:42 Consensus with no RPC sender success: CreatedBlock { hash: 0x1f9833be2eef98a17fe6310dc5f7a7e004aca12723655e654f16ad3d1156a644, aux: ImportedAux { header_only: false, clear_justification_requests: false, needs_justification: false, bad_justification: false, is_new_best: true }, proof_size: 0 }    
2026-05-28 14:58:42 🏆 Imported #495 (0x588a…a8c3 → 0x1f98…a644)    
2026-05-28 14:58:43 Current block number: 496    
2026-05-28 14:58:43 🙌 Starting consensus session on top of parent 0x1f9833be2eef98a17fe6310dc5f7a7e004aca12723655e654f16ad3d1156a644 (#495)    
2026-05-28 14:58:43 🎁 Prepared block for proposing at 496 (2 ms) hash: 0x5362ca756898b8241ab6b4f18b0949f4a84f0aa1c6b438aea3b5e5eafa8d3c0c; parent_hash: 0x1f98…a644; end: NoMoreTransactions; extrinsics_count: 2    
2026-05-28 14:58:43 Consensus with no RPC sender success: CreatedBlock { hash: 0x5362ca756898b8241ab6b4f18b0949f4a84f0aa1c6b438aea3b5e5eafa8d3c0c, aux: ImportedAux { header_only: false, clear_justification_requests: false, needs_justification: false, bad_justification: false, is_new_best: true }, proof_size: 0 }    
2026-05-28 14:58:43 🏆 Imported #496 (0x1f98…a644 → 0x5362…3c0c)    
2026-05-28 14:58:44 Current block number: 497    
2026-05-28 14:58:44 🙌 Starting consensus session on top of parent 0x5362ca756898b8241ab6b4f18b0949f4a84f0aa1c6b438aea3b5e5eafa8d3c0c (#496)    
2026-05-28 14:58:44 🎁 Prepared block for proposing at 497 (3 ms) hash: 0x94d75c1c0a5d01d245702776f0583fcfb1f252731eeea4b6a80c31c630663fa0; parent_hash: 0x5362…3c0c; end: NoMoreTransactions; extrinsics_count: 2    
2026-05-28 14:58:44 Consensus with no RPC sender success: CreatedBlock { hash: 0x94d75c1c0a5d01d245702776f0583fcfb1f252731eeea4b6a80c31c630663fa0, aux: ImportedAux { header_only: false, clear_justification_requests: false, needs_justification: false, bad_justification: false, is_new_best: true }, proof_size: 0 }    
2026-05-28 14:58:44 🏆 Imported #497 (0x5362…3c0c → 0x94d7…3fa0)    
2026-05-28 14:58:45 Current block number: 498    
2026-05-28 14:58:45 🙌 Starting consensus session on top of parent 0x94d75c1c0a5d01d245702776f0583fcfb1f252731eeea4b6a80c31c630663fa0 (#497)    
2026-05-28 14:58:45 🎁 Prepared block for proposing at 498 (4 ms) hash: 0xac9af70f6a3ef5c0cb1904a8c81ee3657985061aa4260b8f578d81449c01908b; parent_hash: 0x94d7…3fa0; end: NoMoreTransactions; extrinsics_count: 2    
2026-05-28 14:58:45 Consensus with no RPC sender success: CreatedBlock { hash: 0xac9af70f6a3ef5c0cb1904a8c81ee3657985061aa4260b8f578d81449c01908b, aux: ImportedAux { header_only: false, clear_justification_requests: false, needs_justification: false, bad_justification: false, is_new_best: true }, proof_size: 0 }    
2026-05-28 14:58:45 🏆 Imported #498 (0x94d7…3fa0 → 0xac9a…908b)    
2026-05-28 14:58:46 Current block number: 499    
2026-05-28 14:58:46 🙌 Starting consensus session on top of parent 0xac9af70f6a3ef5c0cb1904a8c81ee3657985061aa4260b8f578d81449c01908b (#498)    
2026-05-28 14:58:46 🎁 Prepared block for proposing at 499 (4 ms) hash: 0x7df7df71b1b8c15c3124c1b5b50dffb604d1225eccd24fdabc1938fc857aee1c; parent_hash: 0xac9a…908b; end: NoMoreTransactions; extrinsics_count: 2    
2026-05-28 14:58:46 Consensus with no RPC sender success: CreatedBlock { hash: 0x7df7df71b1b8c15c3124c1b5b50dffb604d1225eccd24fdabc1938fc857aee1c, aux: ImportedAux { header_only: false, clear_justification_requests: false, needs_justification: false, bad_justification: false, is_new_best: true }, proof_size: 0 }    
2026-05-28 14:58:46 🏆 Imported #499 (0xac9a…908b → 0x7df7…ee1c)    
2026-05-28 14:58:47 💤 Idle (0 peers), best: #499 (0x7df7…ee1c), finalized #499 (0x7df7…ee1c), ⬇ 0 ⬆ 0    
2026-05-28 14:58:47 Current block number: 500    
2026-05-28 14:58:47 🙌 Starting consensus session on top of parent 0x7df7df71b1b8c15c3124c1b5b50dffb604d1225eccd24fdabc1938fc857aee1c (#499)    
2026-05-28 14:58:47 🎁 Prepared block for proposing at 500 (1 ms) hash: 0xdec237e78c2f180aa2e7a6ba70360dffd6b9793f92e2999300e46efe326f6cee; parent_hash: 0x7df7…ee1c; end: NoMoreTransactions; extrinsics_count: 2    
2026-05-28 14:58:47 Consensus with no RPC sender success: CreatedBlock { hash: 0xdec237e78c2f180aa2e7a6ba70360dffd6b9793f92e2999300e46efe326f6cee, aux: ImportedAux { header_only: false, clear_justification_requests: false, needs_justification: false, bad_justification: false, is_new_best: true }, proof_size: 0 }    
2026-05-28 14:58:47 🏆 Imported #500 (0x7df7…ee1c → 0xdec2…6cee)    
2026-05-28 14:58:48 Current block number: 501    
2026-05-28 14:58:48 🙌 Starting consensus session on top of parent 0xdec237e78c2f180aa2e7a6ba70360dffd6b9793f92e2999300e46efe326f6cee (#500)    
2026-05-28 14:58:48 🎁 Prepared block for proposing at 501 (3 ms) hash: 0xd6a79eb9909bc702eedf31b3b7595157a60a64f2180dddc74725c1887bb35782; parent_hash: 0xdec2…6cee; end: NoMoreTransactions; extrinsics_count: 2    
2026-05-28 14:58:48 Consensus with no RPC sender success: CreatedBlock { hash: 0xd6a79eb9909bc702eedf31b3b7595157a60a64f2180dddc74725c1887bb35782, aux: ImportedAux { header_only: false, clear_justification_requests: false, needs_justification: false, bad_justification: false, is_new_best: true }, proof_size: 0 }    
2026-05-28 14:58:48 🏆 Imported #501 (0xdec2…6cee → 0xd6a7…5782)    
2026-05-28 14:58:49 Current block number: 502    
2026-05-28 14:58:49 🙌 Starting consensus session on top of parent 0xd6a79eb9909bc702eedf31b3b7595157a60a64f2180dddc74725c1887bb35782 (#501)    
2026-05-28 14:58:49 🎁 Prepared block for proposing at 502 (4 ms) hash: 0xcecc7e1fc5ef15f000fc886fab354f23f2e20ff4f2b00245bd1fb1b79fad4452; parent_hash: 0xd6a7…5782; end: NoMoreTransactions; extrinsics_count: 2    
2026-05-28 14:58:49 Consensus with no RPC sender success: CreatedBlock { hash: 0xcecc7e1fc5ef15f000fc886fab354f23f2e20ff4f2b00245bd1fb1b79fad4452, aux: ImportedAux { header_only: false, clear_justification_requests: false, needs_justification: false, bad_justification: false, is_new_best: true }, proof_size: 0 }    
2026-05-28 14:58:49 🏆 Imported #502 (0xd6a7…5782 → 0xcecc…4452)    
2026-05-28 14:58:50 Current block number: 503    
2026-05-28 14:58:50 🙌 Starting consensus session on top of parent 0xcecc7e1fc5ef15f000fc886fab354f23f2e20ff4f2b00245bd1fb1b79fad4452 (#502)    
2026-05-28 14:58:50 🎁 Prepared block for proposing at 503 (3 ms) hash: 0xad90d78d19ef2124c1ebe06077498bbc52413e5e03ef28723c8e7f463d0336b5; parent_hash: 0xcecc…4452; end: NoMoreTransactions; extrinsics_count: 2    
2026-05-28 14:58:50 Consensus with no RPC sender success: CreatedBlock { hash: 0xad90d78d19ef2124c1ebe06077498bbc52413e5e03ef28723c8e7f463d0336b5, aux: ImportedAux { header_only: false, clear_justification_requests: false, needs_justification: false, bad_justification: false, is_new_best: true }, proof_size: 0 }    
2026-05-28 14:58:50 🏆 Imported #503 (0xcecc…4452 → 0xad90…36b5)    
2026-05-28 14:58:51 Current block number: 504    
2026-05-28 14:58:51 🙌 Starting consensus session on top of parent 0xad90d78d19ef2124c1ebe06077498bbc52413e5e03ef28723c8e7f463d0336b5 (#503)    
2026-05-28 14:58:51 🎁 Prepared block for proposing at 504 (3 ms) hash: 0x90b2d4c28a604ee1308135651fd3f8543005b809392832a6e23cbef4f3cf384e; parent_hash: 0xad90…36b5; end: NoMoreTransactions; extrinsics_count: 2    
2026-05-28 14:58:51 Consensus with no RPC sender success: CreatedBlock { hash: 0x90b2d4c28a604ee1308135651fd3f8543005b809392832a6e23cbef4f3cf384e, aux: ImportedAux { header_only: false, clear_justification_requests: false, needs_justification: false, bad_justification: false, is_new_best: true }, proof_size: 0 }    
2026-05-28 14:58:51 🏆 Imported #504 (0xad90…36b5 → 0x90b2…384e)    
2026-05-28 14:58:52 💤 Idle (0 peers), best: #504 (0x90b2…384e), finalized #504 (0x90b2…384e), ⬇ 0 ⬆ 0    
2026-05-28 14:58:52 Current block number: 505    
2026-05-28 14:58:52 🙌 Starting consensus session on top of parent 0x90b2d4c28a604ee1308135651fd3f8543005b809392832a6e23cbef4f3cf384e (#504)    
2026-05-28 14:58:52 🎁 Prepared block for proposing at 505 (4 ms) hash: 0x3427258ca241eeb4ede6e073a1522e51eb857430c717801a59ee702e7a85ab21; parent_hash: 0x90b2…384e; end: NoMoreTransactions; extrinsics_count: 2    
2026-05-28 14:58:52 Consensus with no RPC sender success: CreatedBlock { hash: 0x3427258ca241eeb4ede6e073a1522e51eb857430c717801a59ee702e7a85ab21, aux: ImportedAux { header_only: false, clear_justification_requests: false, needs_justification: false, bad_justification: false, is_new_best: true }, proof_size: 0 }    
2026-05-28 14:58:52 🏆 Imported #505 (0x90b2…384e → 0x3427…ab21)    
2026-05-28 14:58:53 Current block number: 506    
2026-05-28 14:58:53 🙌 Starting consensus session on top of parent 0x3427258ca241eeb4ede6e073a1522e51eb857430c717801a59ee702e7a85ab21 (#505)    
2026-05-28 14:58:53 🎁 Prepared block for proposing at 506 (4 ms) hash: 0x80bfd5d842216b28c550c756a99df36a3f9c1d031dd94690e0446522e5a3b709; parent_hash: 0x3427…ab21; end: NoMoreTransactions; extrinsics_count: 2    
2026-05-28 14:58:53 Consensus with no RPC sender success: CreatedBlock { hash: 0x80bfd5d842216b28c550c756a99df36a3f9c1d031dd94690e0446522e5a3b709, aux: ImportedAux { header_only: false, clear_justification_requests: false, needs_justification: false, bad_justification: false, is_new_best: true }, proof_size: 0 }    
2026-05-28 14:58:53 🏆 Imported #506 (0x3427…ab21 → 0x80bf…b709)    
2026-05-28 14:58:54 Current block number: 507    
2026-05-28 14:58:54 🙌 Starting consensus session on top of parent 0x80bfd5d842216b28c550c756a99df36a3f9c1d031dd94690e0446522e5a3b709 (#506)    
2026-05-28 14:58:54 🎁 Prepared block for proposing at 507 (4 ms) hash: 0x1208b0edf39bd6caf237902ed2a1343639aca9c3c18eac028a74420f8151dea1; parent_hash: 0x80bf…b709; end: NoMoreTransactions; extrinsics_count: 2    
2026-05-28 14:58:54 Consensus with no RPC sender success: CreatedBlock { hash: 0x1208b0edf39bd6caf237902ed2a1343639aca9c3c18eac028a74420f8151dea1, aux: ImportedAux { header_only: false, clear_justification_requests: false, needs_justification: false, bad_justification: false, is_new_best: true }, proof_size: 0 }    
2026-05-28 14:58:54 🏆 Imported #507 (0x80bf…b709 → 0x1208…dea1)    
2026-05-28 14:58:55 Current block number: 508    
2026-05-28 14:58:55 🙌 Starting consensus session on top of parent 0x1208b0edf39bd6caf237902ed2a1343639aca9c3c18eac028a74420f8151dea1 (#507)    
2026-05-28 14:58:55 🎁 Prepared block for proposing at 508 (3 ms) hash: 0x1e0233139ca3dca69acceadc08c2e36f0b0a1b4ead1f7c2d939a4a257234b9d2; parent_hash: 0x1208…dea1; end: NoMoreTransactions; extrinsics_count: 2    
2026-05-28 14:58:55 Consensus with no RPC sender success: CreatedBlock { hash: 0x1e0233139ca3dca69acceadc08c2e36f0b0a1b4ead1f7c2d939a4a257234b9d2, aux: ImportedAux { header_only: false, clear_justification_requests: false, needs_justification: false, bad_justification: false, is_new_best: true }, proof_size: 0 }    
2026-05-28 14:58:55 🏆 Imported #508 (0x1208…dea1 → 0x1e02…b9d2)    
2026-05-28 14:58:56 Current block number: 509    
2026-05-28 14:58:56 🙌 Starting consensus session on top of parent 0x1e0233139ca3dca69acceadc08c2e36f0b0a1b4ead1f7c2d939a4a257234b9d2 (#508)    
2026-05-28 14:58:56 🎁 Prepared block for proposing at 509 (3 ms) hash: 0x9162767344360c779f04f1a9ee15b48c422364966f5eaee7a7a5fd581c489734; parent_hash: 0x1e02…b9d2; end: NoMoreTransactions; extrinsics_count: 2    
2026-05-28 14:58:56 Consensus with no RPC sender success: CreatedBlock { hash: 0x9162767344360c779f04f1a9ee15b48c422364966f5eaee7a7a5fd581c489734, aux: ImportedAux { header_only: false, clear_justification_requests: false, needs_justification: false, bad_justification: false, is_new_best: true }, proof_size: 0 }    
2026-05-28 14:58:56 🏆 Imported #509 (0x1e02…b9d2 → 0x9162…9734)    
2026-05-28 14:58:57 💤 Idle (0 peers), best: #509 (0x9162…9734), finalized #509 (0x9162…9734), ⬇ 0 ⬆ 0    
2026-05-28 14:58:57 Current block number: 510    
2026-05-28 14:58:57 🙌 Starting consensus session on top of parent 0x9162767344360c779f04f1a9ee15b48c422364966f5eaee7a7a5fd581c489734 (#509)    
2026-05-28 14:58:57 🎁 Prepared block for proposing at 510 (3 ms) hash: 0x30c419ee4f313a918374ece9a3d7d09c0a6db06f381645145f04d6e1bd9f1e65; parent_hash: 0x9162…9734; end: NoMoreTransactions; extrinsics_count: 2    
2026-05-28 14:58:57 Consensus with no RPC sender success: CreatedBlock { hash: 0x30c419ee4f313a918374ece9a3d7d09c0a6db06f381645145f04d6e1bd9f1e65, aux: ImportedAux { header_only: false, clear_justification_requests: false, needs_justification: false, bad_justification: false, is_new_best: true }, proof_size: 0 }    
2026-05-28 14:58:57 🏆 Imported #510 (0x9162…9734 → 0x30c4…1e65)    
2026-05-28 14:58:58 Current block number: 511    
2026-05-28 14:58:58 🙌 Starting consensus session on top of parent 0x30c419ee4f313a918374ece9a3d7d09c0a6db06f381645145f04d6e1bd9f1e65 (#510)    
2026-05-28 14:58:58 🎁 Prepared block for proposing at 511 (4 ms) hash: 0x3e00419679a058b819d32721b24244b2facd814c2f9c959f7c4367b4a37a5d7c; parent_hash: 0x30c4…1e65; end: NoMoreTransactions; extrinsics_count: 2    
2026-05-28 14:58:58 Consensus with no RPC sender success: CreatedBlock { hash: 0x3e00419679a058b819d32721b24244b2facd814c2f9c959f7c4367b4a37a5d7c, aux: ImportedAux { header_only: false, clear_justification_requests: false, needs_justification: false, bad_justification: false, is_new_best: true }, proof_size: 0 }    
2026-05-28 14:58:58 🏆 Imported #511 (0x30c4…1e65 → 0x3e00…5d7c)    
2026-05-28 14:58:59 Current block number: 512    
2026-05-28 14:58:59 🙌 Starting consensus session on top of parent 0x3e00419679a058b819d32721b24244b2facd814c2f9c959f7c4367b4a37a5d7c (#511)    
2026-05-28 14:58:59 🎁 Prepared block for proposing at 512 (3 ms) hash: 0x3048703f2e5ef2ba7c2b45f0e201c92cbab9dea58e493b7802f48250d52b6da3; parent_hash: 0x3e00…5d7c; end: NoMoreTransactions; extrinsics_count: 2    
2026-05-28 14:58:59 Consensus with no RPC sender success: CreatedBlock { hash: 0x3048703f2e5ef2ba7c2b45f0e201c92cbab9dea58e493b7802f48250d52b6da3, aux: ImportedAux { header_only: false, clear_justification_requests: false, needs_justification: false, bad_justification: false, is_new_best: true }, proof_size: 0 }    
2026-05-28 14:58:59 🏆 Imported #512 (0x3e00…5d7c → 0x3048…6da3)    
2026-05-28 14:59:00 Current block number: 513    
2026-05-28 14:59:00 🙌 Starting consensus session on top of parent 0x3048703f2e5ef2ba7c2b45f0e201c92cbab9dea58e493b7802f48250d52b6da3 (#512)    
2026-05-28 14:59:00 🎁 Prepared block for proposing at 513 (4 ms) hash: 0x212bf8619a0c7a895f6437ab4c7590066962489dd2965bde52ff92e307c44637; parent_hash: 0x3048…6da3; end: NoMoreTransactions; extrinsics_count: 2    
2026-05-28 14:59:00 Consensus with no RPC sender success: CreatedBlock { hash: 0x212bf8619a0c7a895f6437ab4c7590066962489dd2965bde52ff92e307c44637, aux: ImportedAux { header_only: false, clear_justification_requests: false, needs_justification: false, bad_justification: false, is_new_best: true }, proof_size: 0 }    
2026-05-28 14:59:00 🏆 Imported #513 (0x3048…6da3 → 0x212b…4637)    
2026-05-28 14:59:01 Current block number: 514    
2026-05-28 14:59:01 🙌 Starting consensus session on top of parent 0x212bf8619a0c7a895f6437ab4c7590066962489dd2965bde52ff92e307c44637 (#513)    
2026-05-28 14:59:01 🎁 Prepared block for proposing at 514 (4 ms) hash: 0x2d3f890d582ddc3549f7068eeee22600410b6aafaf3594d9409b5900256881ce; parent_hash: 0x212b…4637; end: NoMoreTransactions; extrinsics_count: 2    
2026-05-28 14:59:01 Consensus with no RPC sender success: CreatedBlock { hash: 0x2d3f890d582ddc3549f7068eeee22600410b6aafaf3594d9409b5900256881ce, aux: ImportedAux { header_only: false, clear_justification_requests: false, needs_justification: false, bad_justification: false, is_new_best: true }, proof_size: 0 }    
2026-05-28 14:59:01 🏆 Imported #514 (0x212b…4637 → 0x2d3f…81ce)    
2026-05-28 14:59:02 💤 Idle (0 peers), best: #514 (0x2d3f…81ce), finalized #514 (0x2d3f…81ce), ⬇ 0 ⬆ 0    
2026-05-28 14:59:02 Current block number: 515    
2026-05-28 14:59:02 🙌 Starting consensus session on top of parent 0x2d3f890d582ddc3549f7068eeee22600410b6aafaf3594d9409b5900256881ce (#514)    
2026-05-28 14:59:02 🎁 Prepared block for proposing at 515 (4 ms) hash: 0x56234ecededbf1a17e261984c8a385dd4a877db039b3b23c8cacaf88fe46cca1; parent_hash: 0x2d3f…81ce; end: NoMoreTransactions; extrinsics_count: 2    
2026-05-28 14:59:02 Consensus with no RPC sender success: CreatedBlock { hash: 0x56234ecededbf1a17e261984c8a385dd4a877db039b3b23c8cacaf88fe46cca1, aux: ImportedAux { header_only: false, clear_justification_requests: false, needs_justification: false, bad_justification: false, is_new_best: true }, proof_size: 0 }    
2026-05-28 14:59:02 🏆 Imported #515 (0x2d3f…81ce → 0x5623…cca1)    
2026-05-28 14:59:03 Current block number: 516    
2026-05-28 14:59:03 🙌 Starting consensus session on top of parent 0x56234ecededbf1a17e261984c8a385dd4a877db039b3b23c8cacaf88fe46cca1 (#515)    
2026-05-28 14:59:03 🎁 Prepared block for proposing at 516 (5 ms) hash: 0xcf2b02d4e80a8633db53ec58821a66436d5615dde9b3955b838bb226f0c53d36; parent_hash: 0x5623…cca1; end: NoMoreTransactions; extrinsics_count: 2    
2026-05-28 14:59:03 Consensus with no RPC sender success: CreatedBlock { hash: 0xcf2b02d4e80a8633db53ec58821a66436d5615dde9b3955b838bb226f0c53d36, aux: ImportedAux { header_only: false, clear_justification_requests: false, needs_justification: false, bad_justification: false, is_new_best: true }, proof_size: 0 }    
2026-05-28 14:59:03 🏆 Imported #516 (0x5623…cca1 → 0xcf2b…3d36)    
2026-05-28 14:59:04 Current block number: 517    
2026-05-28 14:59:04 🙌 Starting consensus session on top of parent 0xcf2b02d4e80a8633db53ec58821a66436d5615dde9b3955b838bb226f0c53d36 (#516)    
2026-05-28 14:59:04 🎁 Prepared block for proposing at 517 (2 ms) hash: 0x19b7b84ded17d99fedb95f71903e749caa0442c0345931dbe9659b3412753450; parent_hash: 0xcf2b…3d36; end: NoMoreTransactions; extrinsics_count: 2    
2026-05-28 14:59:04 Consensus with no RPC sender success: CreatedBlock { hash: 0x19b7b84ded17d99fedb95f71903e749caa0442c0345931dbe9659b3412753450, aux: ImportedAux { header_only: false, clear_justification_requests: false, needs_justification: false, bad_justification: false, is_new_best: true }, proof_size: 0 }    
2026-05-28 14:59:04 🏆 Imported #517 (0xcf2b…3d36 → 0x19b7…3450)    
2026-05-28 14:59:05 Current block number: 518    
2026-05-28 14:59:05 🙌 Starting consensus session on top of parent 0x19b7b84ded17d99fedb95f71903e749caa0442c0345931dbe9659b3412753450 (#517)    
2026-05-28 14:59:05 🎁 Prepared block for proposing at 518 (4 ms) hash: 0xf0a3c0ab86a4fba89e64760f5085914081b00e1ece8054b80a18d4c64671a2e2; parent_hash: 0x19b7…3450; end: NoMoreTransactions; extrinsics_count: 2    
2026-05-28 14:59:05 Consensus with no RPC sender success: CreatedBlock { hash: 0xf0a3c0ab86a4fba89e64760f5085914081b00e1ece8054b80a18d4c64671a2e2, aux: ImportedAux { header_only: false, clear_justification_requests: false, needs_justification: false, bad_justification: false, is_new_best: true }, proof_size: 0 }    
2026-05-28 14:59:05 🏆 Imported #518 (0x19b7…3450 → 0xf0a3…a2e2)    
2026-05-28 14:59:06 Current block number: 519    
2026-05-28 14:59:06 🙌 Starting consensus session on top of parent 0xf0a3c0ab86a4fba89e64760f5085914081b00e1ece8054b80a18d4c64671a2e2 (#518)    
2026-05-28 14:59:06 🎁 Prepared block for proposing at 519 (3 ms) hash: 0x8b4261694e345e3219f7b07bb6a813fd546b27f575c1be7ac7f1cdc3774a33c6; parent_hash: 0xf0a3…a2e2; end: NoMoreTransactions; extrinsics_count: 2    
2026-05-28 14:59:06 Consensus with no RPC sender success: CreatedBlock { hash: 0x8b4261694e345e3219f7b07bb6a813fd546b27f575c1be7ac7f1cdc3774a33c6, aux: ImportedAux { header_only: false, clear_justification_requests: false, needs_justification: false, bad_justification: false, is_new_best: true }, proof_size: 0 }    
2026-05-28 14:59:06 🏆 Imported #519 (0xf0a3…a2e2 → 0x8b42…33c6)    
2026-05-28 14:59:07 💤 Idle (0 peers), best: #519 (0x8b42…33c6), finalized #519 (0x8b42…33c6), ⬇ 0 ⬆ 0    
2026-05-28 14:59:07 Current block number: 520    
2026-05-28 14:59:07 🙌 Starting consensus session on top of parent 0x8b4261694e345e3219f7b07bb6a813fd546b27f575c1be7ac7f1cdc3774a33c6 (#519)    
2026-05-28 14:59:07 🎁 Prepared block for proposing at 520 (5 ms) hash: 0xe4c82fc2464a204986e8300fe3fda1c2eab013616817de939e65c35fff8e875a; parent_hash: 0x8b42…33c6; end: NoMoreTransactions; extrinsics_count: 2    
2026-05-28 14:59:07 Consensus with no RPC sender success: CreatedBlock { hash: 0xe4c82fc2464a204986e8300fe3fda1c2eab013616817de939e65c35fff8e875a, aux: ImportedAux { header_only: false, clear_justification_requests: false, needs_justification: false, bad_justification: false, is_new_best: true }, proof_size: 0 }    
2026-05-28 14:59:07 🏆 Imported #520 (0x8b42…33c6 → 0xe4c8…875a)    
2026-05-28 14:59:08 Current block number: 521    
2026-05-28 14:59:08 🙌 Starting consensus session on top of parent 0xe4c82fc2464a204986e8300fe3fda1c2eab013616817de939e65c35fff8e875a (#520)    
2026-05-28 14:59:08 🎁 Prepared block for proposing at 521 (3 ms) hash: 0xe605355c111215920a2242730f99b21ca56b5fc8fa6662cd4be31e1566ab975c; parent_hash: 0xe4c8…875a; end: NoMoreTransactions; extrinsics_count: 2    
2026-05-28 14:59:08 Consensus with no RPC sender success: CreatedBlock { hash: 0xe605355c111215920a2242730f99b21ca56b5fc8fa6662cd4be31e1566ab975c, aux: ImportedAux { header_only: false, clear_justification_requests: false, needs_justification: false, bad_justification: false, is_new_best: true }, proof_size: 0 }    
2026-05-28 14:59:08 🏆 Imported #521 (0xe4c8…875a → 0xe605…975c)    
2026-05-28 14:59:09 Current block number: 522    
2026-05-28 14:59:09 🙌 Starting consensus session on top of parent 0xe605355c111215920a2242730f99b21ca56b5fc8fa6662cd4be31e1566ab975c (#521)    
2026-05-28 14:59:09 🎁 Prepared block for proposing at 522 (3 ms) hash: 0x10d9002ac8f5f4bedaef35ca5dfb2ec94068f2d93fabe6b46011fe8d34ec932a; parent_hash: 0xe605…975c; end: NoMoreTransactions; extrinsics_count: 2    
2026-05-28 14:59:09 Consensus with no RPC sender success: CreatedBlock { hash: 0x10d9002ac8f5f4bedaef35ca5dfb2ec94068f2d93fabe6b46011fe8d34ec932a, aux: ImportedAux { header_only: false, clear_justification_requests: false, needs_justification: false, bad_justification: false, is_new_best: true }, proof_size: 0 }    
2026-05-28 14:59:09 🏆 Imported #522 (0xe605…975c → 0x10d9…932a)    
2026-05-28 14:59:10 Current block number: 523    
2026-05-28 14:59:10 🙌 Starting consensus session on top of parent 0x10d9002ac8f5f4bedaef35ca5dfb2ec94068f2d93fabe6b46011fe8d34ec932a (#522)    
2026-05-28 14:59:10 🎁 Prepared block for proposing at 523 (4 ms) hash: 0xf6e7f15e7b4a56e998dbeea92164aac70a340284f89733830ac7aacbc05e0518; parent_hash: 0x10d9…932a; end: NoMoreTransactions; extrinsics_count: 2    
2026-05-28 14:59:10 Consensus with no RPC sender success: CreatedBlock { hash: 0xf6e7f15e7b4a56e998dbeea92164aac70a340284f89733830ac7aacbc05e0518, aux: ImportedAux { header_only: false, clear_justification_requests: false, needs_justification: false, bad_justification: false, is_new_best: true }, proof_size: 0 }    
2026-05-28 14:59:10 🏆 Imported #523 (0x10d9…932a → 0xf6e7…0518)    
2026-05-28 14:59:11 Current block number: 524    
2026-05-28 14:59:11 🙌 Starting consensus session on top of parent 0xf6e7f15e7b4a56e998dbeea92164aac70a340284f89733830ac7aacbc05e0518 (#523)    
2026-05-28 14:59:11 🎁 Prepared block for proposing at 524 (2 ms) hash: 0x38d10771a8c1ec5786de2ee03e00b2a507205bfd11cdf6c5cd4b7b5007895e05; parent_hash: 0xf6e7…0518; end: NoMoreTransactions; extrinsics_count: 2    
2026-05-28 14:59:11 Consensus with no RPC sender success: CreatedBlock { hash: 0x38d10771a8c1ec5786de2ee03e00b2a507205bfd11cdf6c5cd4b7b5007895e05, aux: ImportedAux { header_only: false, clear_justification_requests: false, needs_justification: false, bad_justification: false, is_new_best: true }, proof_size: 0 }    
2026-05-28 14:59:11 🏆 Imported #524 (0xf6e7…0518 → 0x38d1…5e05)    
2026-05-28 14:59:12 💤 Idle (0 peers), best: #524 (0x38d1…5e05), finalized #524 (0x38d1…5e05), ⬇ 0 ⬆ 0    
2026-05-28 14:59:12 Current block number: 525    
2026-05-28 14:59:12 🙌 Starting consensus session on top of parent 0x38d10771a8c1ec5786de2ee03e00b2a507205bfd11cdf6c5cd4b7b5007895e05 (#524)    
2026-05-28 14:59:12 🎁 Prepared block for proposing at 525 (3 ms) hash: 0x29c4fedec2826aa8c840bd555d01b2fe5b39244e22b4bb2bcd95e82739aa00a2; parent_hash: 0x38d1…5e05; end: NoMoreTransactions; extrinsics_count: 2    
2026-05-28 14:59:12 Consensus with no RPC sender success: CreatedBlock { hash: 0x29c4fedec2826aa8c840bd555d01b2fe5b39244e22b4bb2bcd95e82739aa00a2, aux: ImportedAux { header_only: false, clear_justification_requests: false, needs_justification: false, bad_justification: false, is_new_best: true }, proof_size: 0 }    
2026-05-28 14:59:12 🏆 Imported #525 (0x38d1…5e05 → 0x29c4…00a2)    
2026-05-28 14:59:13 Current block number: 526    
2026-05-28 14:59:13 🙌 Starting consensus session on top of parent 0x29c4fedec2826aa8c840bd555d01b2fe5b39244e22b4bb2bcd95e82739aa00a2 (#525)    
2026-05-28 14:59:13 🎁 Prepared block for proposing at 526 (1 ms) hash: 0xe85c9e8372d3b3e4a327c025540fcc35f96479fdbdd82665d75db1dfa5142365; parent_hash: 0x29c4…00a2; end: NoMoreTransactions; extrinsics_count: 2    
2026-05-28 14:59:13 Consensus with no RPC sender success: CreatedBlock { hash: 0xe85c9e8372d3b3e4a327c025540fcc35f96479fdbdd82665d75db1dfa5142365, aux: ImportedAux { header_only: false, clear_justification_requests: false, needs_justification: false, bad_justification: false, is_new_best: true }, proof_size: 0 }    
2026-05-28 14:59:13 🏆 Imported #526 (0x29c4…00a2 → 0xe85c…2365)    
2026-05-28 14:59:14 Current block number: 527    
2026-05-28 14:59:14 🙌 Starting consensus session on top of parent 0xe85c9e8372d3b3e4a327c025540fcc35f96479fdbdd82665d75db1dfa5142365 (#526)    
2026-05-28 14:59:14 🎁 Prepared block for proposing at 527 (3 ms) hash: 0xff2efefe5f0afe4fe12dad1f005908fbaf0b1aeb68cecba7b0688dcc44935c4a; parent_hash: 0xe85c…2365; end: NoMoreTransactions; extrinsics_count: 2    
2026-05-28 14:59:14 Consensus with no RPC sender success: CreatedBlock { hash: 0xff2efefe5f0afe4fe12dad1f005908fbaf0b1aeb68cecba7b0688dcc44935c4a, aux: ImportedAux { header_only: false, clear_justification_requests: false, needs_justification: false, bad_justification: false, is_new_best: true }, proof_size: 0 }    
2026-05-28 14:59:14 🏆 Imported #527 (0xe85c…2365 → 0xff2e…5c4a)    
2026-05-28 14:59:15 Current block number: 528    
2026-05-28 14:59:15 🙌 Starting consensus session on top of parent 0xff2efefe5f0afe4fe12dad1f005908fbaf0b1aeb68cecba7b0688dcc44935c4a (#527)    
2026-05-28 14:59:15 🎁 Prepared block for proposing at 528 (3 ms) hash: 0x2c8fee9eaf3805166e13ee518b54485e1b62cac8c28e7f883e03d299fe87edfc; parent_hash: 0xff2e…5c4a; end: NoMoreTransactions; extrinsics_count: 2    
2026-05-28 14:59:15 Consensus with no RPC sender success: CreatedBlock { hash: 0x2c8fee9eaf3805166e13ee518b54485e1b62cac8c28e7f883e03d299fe87edfc, aux: ImportedAux { header_only: false, clear_justification_requests: false, needs_justification: false, bad_justification: false, is_new_best: true }, proof_size: 0 }    
2026-05-28 14:59:15 🏆 Imported #528 (0xff2e…5c4a → 0x2c8f…edfc)    
2026-05-28 14:59:16 Current block number: 529    
2026-05-28 14:59:16 🙌 Starting consensus session on top of parent 0x2c8fee9eaf3805166e13ee518b54485e1b62cac8c28e7f883e03d299fe87edfc (#528)    
2026-05-28 14:59:16 🎁 Prepared block for proposing at 529 (3 ms) hash: 0x1a0b4e8bacfbf89ca595c2aff1b9a1b99bd8ef42eb495a87931f0c7af07546a9; parent_hash: 0x2c8f…edfc; end: NoMoreTransactions; extrinsics_count: 2    
2026-05-28 14:59:16 Consensus with no RPC sender success: CreatedBlock { hash: 0x1a0b4e8bacfbf89ca595c2aff1b9a1b99bd8ef42eb495a87931f0c7af07546a9, aux: ImportedAux { header_only: false, clear_justification_requests: false, needs_justification: false, bad_justification: false, is_new_best: true }, proof_size: 0 }    
2026-05-28 14:59:16 🏆 Imported #529 (0x2c8f…edfc → 0x1a0b…46a9)    
2026-05-28 14:59:17 💤 Idle (0 peers), best: #529 (0x1a0b…46a9), finalized #529 (0x1a0b…46a9), ⬇ 0 ⬆ 0    
2026-05-28 14:59:17 Current block number: 530    
2026-05-28 14:59:17 🙌 Starting consensus session on top of parent 0x1a0b4e8bacfbf89ca595c2aff1b9a1b99bd8ef42eb495a87931f0c7af07546a9 (#529)    
2026-05-28 14:59:17 🎁 Prepared block for proposing at 530 (4 ms) hash: 0x099642c2bb896ab1dfae155342df0d3834d9d3b88c98a6defcd2a7a048ec522f; parent_hash: 0x1a0b…46a9; end: NoMoreTransactions; extrinsics_count: 2    
2026-05-28 14:59:17 Consensus with no RPC sender success: CreatedBlock { hash: 0x099642c2bb896ab1dfae155342df0d3834d9d3b88c98a6defcd2a7a048ec522f, aux: ImportedAux { header_only: false, clear_justification_requests: false, needs_justification: false, bad_justification: false, is_new_best: true }, proof_size: 0 }    
2026-05-28 14:59:17 🏆 Imported #530 (0x1a0b…46a9 → 0x0996…522f)    
2026-05-28 14:59:18 Current block number: 531    
2026-05-28 14:59:18 🙌 Starting consensus session on top of parent 0x099642c2bb896ab1dfae155342df0d3834d9d3b88c98a6defcd2a7a048ec522f (#530)    
2026-05-28 14:59:18 🎁 Prepared block for proposing at 531 (3 ms) hash: 0xb860e1a2367f2a0c0e05be9d8f1fc8837462dd717d222c66ed1166d8de9dc645; parent_hash: 0x0996…522f; end: NoMoreTransactions; extrinsics_count: 2    
2026-05-28 14:59:18 Consensus with no RPC sender success: CreatedBlock { hash: 0xb860e1a2367f2a0c0e05be9d8f1fc8837462dd717d222c66ed1166d8de9dc645, aux: ImportedAux { header_only: false, clear_justification_requests: false, needs_justification: false, bad_justification: false, is_new_best: true }, proof_size: 0 }    
2026-05-28 14:59:18 🏆 Imported #531 (0x0996…522f → 0xb860…c645)    
2026-05-28 14:59:19 Current block number: 532    
2026-05-28 14:59:19 🙌 Starting consensus session on top of parent 0xb860e1a2367f2a0c0e05be9d8f1fc8837462dd717d222c66ed1166d8de9dc645 (#531)    
2026-05-28 14:59:19 🎁 Prepared block for proposing at 532 (3 ms) hash: 0xaa2226339bd354f43fa3d7b0db41379da3ecaefee22998128194477bd146c551; parent_hash: 0xb860…c645; end: NoMoreTransactions; extrinsics_count: 2    
2026-05-28 14:59:19 Consensus with no RPC sender success: CreatedBlock { hash: 0xaa2226339bd354f43fa3d7b0db41379da3ecaefee22998128194477bd146c551, aux: ImportedAux { header_only: false, clear_justification_requests: false, needs_justification: false, bad_justification: false, is_new_best: true }, proof_size: 0 }    
2026-05-28 14:59:19 🏆 Imported #532 (0xb860…c645 → 0xaa22…c551)    
2026-05-28 14:59:20 Current block number: 533    
2026-05-28 14:59:20 🙌 Starting consensus session on top of parent 0xaa2226339bd354f43fa3d7b0db41379da3ecaefee22998128194477bd146c551 (#532)    
2026-05-28 14:59:20 🎁 Prepared block for proposing at 533 (1 ms) hash: 0x354b0586eb29ce1f09286f734a5f3a4263e920f3333f691d67b709991c518f6a; parent_hash: 0xaa22…c551; end: NoMoreTransactions; extrinsics_count: 2    
2026-05-28 14:59:20 Consensus with no RPC sender success: CreatedBlock { hash: 0x354b0586eb29ce1f09286f734a5f3a4263e920f3333f691d67b709991c518f6a, aux: ImportedAux { header_only: false, clear_justification_requests: false, needs_justification: false, bad_justification: false, is_new_best: true }, proof_size: 0 }    
2026-05-28 14:59:20 🏆 Imported #533 (0xaa22…c551 → 0x354b…8f6a)    
2026-05-28 14:59:21 Current block number: 534    
2026-05-28 14:59:21 🙌 Starting consensus session on top of parent 0x354b0586eb29ce1f09286f734a5f3a4263e920f3333f691d67b709991c518f6a (#533)    
2026-05-28 14:59:21 🎁 Prepared block for proposing at 534 (3 ms) hash: 0xe755dc13474a72113cdea7f45f31503054ec8d1d99c7c4197d72b167372af25c; parent_hash: 0x354b…8f6a; end: NoMoreTransactions; extrinsics_count: 2    
2026-05-28 14:59:21 Consensus with no RPC sender success: CreatedBlock { hash: 0xe755dc13474a72113cdea7f45f31503054ec8d1d99c7c4197d72b167372af25c, aux: ImportedAux { header_only: false, clear_justification_requests: false, needs_justification: false, bad_justification: false, is_new_best: true }, proof_size: 0 }    
2026-05-28 14:59:21 🏆 Imported #534 (0x354b…8f6a → 0xe755…f25c)    
2026-05-28 14:59:22 💤 Idle (0 peers), best: #534 (0xe755…f25c), finalized #534 (0xe755…f25c), ⬇ 0 ⬆ 0    
2026-05-28 14:59:22 Current block number: 535    
2026-05-28 14:59:22 🙌 Starting consensus session on top of parent 0xe755dc13474a72113cdea7f45f31503054ec8d1d99c7c4197d72b167372af25c (#534)    
2026-05-28 14:59:22 🎁 Prepared block for proposing at 535 (2 ms) hash: 0x3497cba957bd8c16f74d735e494b2b94d249b3dc6dc65617caf078af0112d5bf; parent_hash: 0xe755…f25c; end: NoMoreTransactions; extrinsics_count: 2    
2026-05-28 14:59:22 Consensus with no RPC sender success: CreatedBlock { hash: 0x3497cba957bd8c16f74d735e494b2b94d249b3dc6dc65617caf078af0112d5bf, aux: ImportedAux { header_only: false, clear_justification_requests: false, needs_justification: false, bad_justification: false, is_new_best: true }, proof_size: 0 }    
2026-05-28 14:59:22 🏆 Imported #535 (0xe755…f25c → 0x3497…d5bf)    
2026-05-28 14:59:23 Current block number: 536    
2026-05-28 14:59:23 🙌 Starting consensus session on top of parent 0x3497cba957bd8c16f74d735e494b2b94d249b3dc6dc65617caf078af0112d5bf (#535)    
2026-05-28 14:59:23 🎁 Prepared block for proposing at 536 (2 ms) hash: 0x3ba4a4924a2634390dcf138c654287bed9036a8a3272b349c4219b4adfd2fae3; parent_hash: 0x3497…d5bf; end: NoMoreTransactions; extrinsics_count: 2    
2026-05-28 14:59:23 Consensus with no RPC sender success: CreatedBlock { hash: 0x3ba4a4924a2634390dcf138c654287bed9036a8a3272b349c4219b4adfd2fae3, aux: ImportedAux { header_only: false, clear_justification_requests: false, needs_justification: false, bad_justification: false, is_new_best: true }, proof_size: 0 }    
2026-05-28 14:59:23 🏆 Imported #536 (0x3497…d5bf → 0x3ba4…fae3)    
2026-05-28 14:59:24 Current block number: 537    
2026-05-28 14:59:24 🙌 Starting consensus session on top of parent 0x3ba4a4924a2634390dcf138c654287bed9036a8a3272b349c4219b4adfd2fae3 (#536)    
2026-05-28 14:59:24 🎁 Prepared block for proposing at 537 (3 ms) hash: 0xa2a779e6120db708804bb4d8f84a02cf85471c7a9ff04d9c52d754c9a235ce3d; parent_hash: 0x3ba4…fae3; end: NoMoreTransactions; extrinsics_count: 2    
2026-05-28 14:59:24 Consensus with no RPC sender success: CreatedBlock { hash: 0xa2a779e6120db708804bb4d8f84a02cf85471c7a9ff04d9c52d754c9a235ce3d, aux: ImportedAux { header_only: false, clear_justification_requests: false, needs_justification: false, bad_justification: false, is_new_best: true }, proof_size: 0 }    
2026-05-28 14:59:24 🏆 Imported #537 (0x3ba4…fae3 → 0xa2a7…ce3d)    
2026-05-28 14:59:25 Current block number: 538    
2026-05-28 14:59:25 🙌 Starting consensus session on top of parent 0xa2a779e6120db708804bb4d8f84a02cf85471c7a9ff04d9c52d754c9a235ce3d (#537)    
2026-05-28 14:59:25 🎁 Prepared block for proposing at 538 (4 ms) hash: 0xbe27ddd7067add0650b1e6800fd6e0c71eb9cf5e32941a2c38816d0d200dd720; parent_hash: 0xa2a7…ce3d; end: NoMoreTransactions; extrinsics_count: 2    
2026-05-28 14:59:25 Consensus with no RPC sender success: CreatedBlock { hash: 0xbe27ddd7067add0650b1e6800fd6e0c71eb9cf5e32941a2c38816d0d200dd720, aux: ImportedAux { header_only: false, clear_justification_requests: false, needs_justification: false, bad_justification: false, is_new_best: true }, proof_size: 0 }    
2026-05-28 14:59:25 🏆 Imported #538 (0xa2a7…ce3d → 0xbe27…d720)    
2026-05-28 14:59:26 Current block number: 539    
2026-05-28 14:59:26 🙌 Starting consensus session on top of parent 0xbe27ddd7067add0650b1e6800fd6e0c71eb9cf5e32941a2c38816d0d200dd720 (#538)    
2026-05-28 14:59:26 🎁 Prepared block for proposing at 539 (3 ms) hash: 0x2c7ce3f805802f14fc82816f089a4818fbbccd62e2d55a5614cf1fe17c7c5201; parent_hash: 0xbe27…d720; end: NoMoreTransactions; extrinsics_count: 2    
2026-05-28 14:59:26 Consensus with no RPC sender success: CreatedBlock { hash: 0x2c7ce3f805802f14fc82816f089a4818fbbccd62e2d55a5614cf1fe17c7c5201, aux: ImportedAux { header_only: false, clear_justification_requests: false, needs_justification: false, bad_justification: false, is_new_best: true }, proof_size: 0 }    
2026-05-28 14:59:26 🏆 Imported #539 (0xbe27…d720 → 0x2c7c…5201)    
2026-05-28 14:59:27 💤 Idle (0 peers), best: #539 (0x2c7c…5201), finalized #539 (0x2c7c…5201), ⬇ 0 ⬆ 0    
2026-05-28 14:59:27 Current block number: 540    
2026-05-28 14:59:27 🙌 Starting consensus session on top of parent 0x2c7ce3f805802f14fc82816f089a4818fbbccd62e2d55a5614cf1fe17c7c5201 (#539)    
2026-05-28 14:59:27 🎁 Prepared block for proposing at 540 (3 ms) hash: 0xfc30af80463d9b97931d8007d90d379540f3f81de89a6817439a2758651e873d; parent_hash: 0x2c7c…5201; end: NoMoreTransactions; extrinsics_count: 2    
2026-05-28 14:59:27 Consensus with no RPC sender success: CreatedBlock { hash: 0xfc30af80463d9b97931d8007d90d379540f3f81de89a6817439a2758651e873d, aux: ImportedAux { header_only: false, clear_justification_requests: false, needs_justification: false, bad_justification: false, is_new_best: true }, proof_size: 0 }    
2026-05-28 14:59:27 🏆 Imported #540 (0x2c7c…5201 → 0xfc30…873d)    
2026-05-28 14:59:28 Current block number: 541    
2026-05-28 14:59:28 🙌 Starting consensus session on top of parent 0xfc30af80463d9b97931d8007d90d379540f3f81de89a6817439a2758651e873d (#540)    
2026-05-28 14:59:28 🎁 Prepared block for proposing at 541 (3 ms) hash: 0x6a6400e048fb5dcdbb7b7ac2d0f77e84f65c9b5378c976819fd589eb29e952e5; parent_hash: 0xfc30…873d; end: NoMoreTransactions; extrinsics_count: 2    
2026-05-28 14:59:28 Consensus with no RPC sender success: CreatedBlock { hash: 0x6a6400e048fb5dcdbb7b7ac2d0f77e84f65c9b5378c976819fd589eb29e952e5, aux: ImportedAux { header_only: false, clear_justification_requests: false, needs_justification: false, bad_justification: false, is_new_best: true }, proof_size: 0 }    
2026-05-28 14:59:28 🏆 Imported #541 (0xfc30…873d → 0x6a64…52e5)    
2026-05-28 14:59:29 Current block number: 542    
2026-05-28 14:59:29 🙌 Starting consensus session on top of parent 0x6a6400e048fb5dcdbb7b7ac2d0f77e84f65c9b5378c976819fd589eb29e952e5 (#541)    
2026-05-28 14:59:29 🎁 Prepared block for proposing at 542 (4 ms) hash: 0x53937bd1e7c6a7f0cb8ab7d411e473456da0ab8cf101e5cf2b0cb0ac37048235; parent_hash: 0x6a64…52e5; end: NoMoreTransactions; extrinsics_count: 2    
2026-05-28 14:59:29 Consensus with no RPC sender success: CreatedBlock { hash: 0x53937bd1e7c6a7f0cb8ab7d411e473456da0ab8cf101e5cf2b0cb0ac37048235, aux: ImportedAux { header_only: false, clear_justification_requests: false, needs_justification: false, bad_justification: false, is_new_best: true }, proof_size: 0 }    
2026-05-28 14:59:29 🏆 Imported #542 (0x6a64…52e5 → 0x5393…8235)    
2026-05-28 14:59:30 Current block number: 543    
2026-05-28 14:59:30 🙌 Starting consensus session on top of parent 0x53937bd1e7c6a7f0cb8ab7d411e473456da0ab8cf101e5cf2b0cb0ac37048235 (#542)    
2026-05-28 14:59:30 🎁 Prepared block for proposing at 543 (4 ms) hash: 0x82424757b61077a994a1eb56fd802c32be38dadc840ebba8135dcec7c77e29c9; parent_hash: 0x5393…8235; end: NoMoreTransactions; extrinsics_count: 2    
2026-05-28 14:59:30 Consensus with no RPC sender success: CreatedBlock { hash: 0x82424757b61077a994a1eb56fd802c32be38dadc840ebba8135dcec7c77e29c9, aux: ImportedAux { header_only: false, clear_justification_requests: false, needs_justification: false, bad_justification: false, is_new_best: true }, proof_size: 0 }    
2026-05-28 14:59:30 🏆 Imported #543 (0x5393…8235 → 0x8242…29c9)    
2026-05-28 14:59:31 Current block number: 544    
2026-05-28 14:59:31 🙌 Starting consensus session on top of parent 0x82424757b61077a994a1eb56fd802c32be38dadc840ebba8135dcec7c77e29c9 (#543)    
2026-05-28 14:59:31 🎁 Prepared block for proposing at 544 (4 ms) hash: 0x4eed37c6f46d6ed7e1fa209b1e9c10c8f1001e1baa1d12b9e4339ae66599ea5d; parent_hash: 0x8242…29c9; end: NoMoreTransactions; extrinsics_count: 2    
2026-05-28 14:59:31 Consensus with no RPC sender success: CreatedBlock { hash: 0x4eed37c6f46d6ed7e1fa209b1e9c10c8f1001e1baa1d12b9e4339ae66599ea5d, aux: ImportedAux { header_only: false, clear_justification_requests: false, needs_justification: false, bad_justification: false, is_new_best: true }, proof_size: 0 }    
2026-05-28 14:59:31 🏆 Imported #544 (0x8242…29c9 → 0x4eed…ea5d)    
2026-05-28 14:59:32 💤 Idle (0 peers), best: #544 (0x4eed…ea5d), finalized #544 (0x4eed…ea5d), ⬇ 0 ⬆ 0    
2026-05-28 14:59:32 Current block number: 545    
2026-05-28 14:59:32 🙌 Starting consensus session on top of parent 0x4eed37c6f46d6ed7e1fa209b1e9c10c8f1001e1baa1d12b9e4339ae66599ea5d (#544)    
2026-05-28 14:59:32 🎁 Prepared block for proposing at 545 (3 ms) hash: 0xf8454ef75ee655a537df12612c681772b5b0f89545ece82e32ffbeb3e432474a; parent_hash: 0x4eed…ea5d; end: NoMoreTransactions; extrinsics_count: 2    
2026-05-28 14:59:32 Consensus with no RPC sender success: CreatedBlock { hash: 0xf8454ef75ee655a537df12612c681772b5b0f89545ece82e32ffbeb3e432474a, aux: ImportedAux { header_only: false, clear_justification_requests: false, needs_justification: false, bad_justification: false, is_new_best: true }, proof_size: 0 }    
2026-05-28 14:59:32 🏆 Imported #545 (0x4eed…ea5d → 0xf845…474a)    
2026-05-28 14:59:33 Current block number: 546    
2026-05-28 14:59:33 🙌 Starting consensus session on top of parent 0xf8454ef75ee655a537df12612c681772b5b0f89545ece82e32ffbeb3e432474a (#545)    
2026-05-28 14:59:33 🎁 Prepared block for proposing at 546 (3 ms) hash: 0x050c58c2d10018d4fc3d05fbc27bceafdbf8657855f43c7d71a2fd0271164f6d; parent_hash: 0xf845…474a; end: NoMoreTransactions; extrinsics_count: 2    
2026-05-28 14:59:33 Consensus with no RPC sender success: CreatedBlock { hash: 0x050c58c2d10018d4fc3d05fbc27bceafdbf8657855f43c7d71a2fd0271164f6d, aux: ImportedAux { header_only: false, clear_justification_requests: false, needs_justification: false, bad_justification: false, is_new_best: true }, proof_size: 0 }    
2026-05-28 14:59:33 🏆 Imported #546 (0xf845…474a → 0x050c…4f6d)    
2026-05-28 14:59:34 Current block number: 547    
2026-05-28 14:59:34 🙌 Starting consensus session on top of parent 0x050c58c2d10018d4fc3d05fbc27bceafdbf8657855f43c7d71a2fd0271164f6d (#546)    
2026-05-28 14:59:34 🎁 Prepared block for proposing at 547 (3 ms) hash: 0x0e800d4fb182cd09ef3bdf2472091b73d753161804e37c1074dd8455ad11b013; parent_hash: 0x050c…4f6d; end: NoMoreTransactions; extrinsics_count: 2    
2026-05-28 14:59:34 Consensus with no RPC sender success: CreatedBlock { hash: 0x0e800d4fb182cd09ef3bdf2472091b73d753161804e37c1074dd8455ad11b013, aux: ImportedAux { header_only: false, clear_justification_requests: false, needs_justification: false, bad_justification: false, is_new_best: true }, proof_size: 0 }    
2026-05-28 14:59:34 🏆 Imported #547 (0x050c…4f6d → 0x0e80…b013)    
2026-05-28 14:59:35 Current block number: 548    
2026-05-28 14:59:35 🙌 Starting consensus session on top of parent 0x0e800d4fb182cd09ef3bdf2472091b73d753161804e37c1074dd8455ad11b013 (#547)    
2026-05-28 14:59:35 🎁 Prepared block for proposing at 548 (3 ms) hash: 0x32a72fccd246a9a39c207305910cafeb89ea86e8865994df5aae1a91eb9a6ad6; parent_hash: 0x0e80…b013; end: NoMoreTransactions; extrinsics_count: 2    
2026-05-28 14:59:35 Consensus with no RPC sender success: CreatedBlock { hash: 0x32a72fccd246a9a39c207305910cafeb89ea86e8865994df5aae1a91eb9a6ad6, aux: ImportedAux { header_only: false, clear_justification_requests: false, needs_justification: false, bad_justification: false, is_new_best: true }, proof_size: 0 }    
2026-05-28 14:59:35 🏆 Imported #548 (0x0e80…b013 → 0x32a7…6ad6)    
2026-05-28 14:59:36 Current block number: 549    
2026-05-28 14:59:36 🙌 Starting consensus session on top of parent 0x32a72fccd246a9a39c207305910cafeb89ea86e8865994df5aae1a91eb9a6ad6 (#548)    
2026-05-28 14:59:36 🎁 Prepared block for proposing at 549 (4 ms) hash: 0x9a4a076e37e511a510c9bc0a51473b5f100c57bad5f63c8ea064bd9842f9d2e0; parent_hash: 0x32a7…6ad6; end: NoMoreTransactions; extrinsics_count: 2    
2026-05-28 14:59:36 Consensus with no RPC sender success: CreatedBlock { hash: 0x9a4a076e37e511a510c9bc0a51473b5f100c57bad5f63c8ea064bd9842f9d2e0, aux: ImportedAux { header_only: false, clear_justification_requests: false, needs_justification: false, bad_justification: false, is_new_best: true }, proof_size: 0 }    
2026-05-28 14:59:36 🏆 Imported #549 (0x32a7…6ad6 → 0x9a4a…d2e0)    
2026-05-28 14:59:37 💤 Idle (0 peers), best: #549 (0x9a4a…d2e0), finalized #549 (0x9a4a…d2e0), ⬇ 0 ⬆ 0    
2026-05-28 14:59:37 Current block number: 550    
2026-05-28 14:59:37 🙌 Starting consensus session on top of parent 0x9a4a076e37e511a510c9bc0a51473b5f100c57bad5f63c8ea064bd9842f9d2e0 (#549)    
2026-05-28 14:59:37 🎁 Prepared block for proposing at 550 (6 ms) hash: 0x83a95d93eff5d0fc97583e53e7a8f405216711edfa26c78b41a0d668c30782b8; parent_hash: 0x9a4a…d2e0; end: NoMoreTransactions; extrinsics_count: 2    
2026-05-28 14:59:37 Consensus with no RPC sender success: CreatedBlock { hash: 0x83a95d93eff5d0fc97583e53e7a8f405216711edfa26c78b41a0d668c30782b8, aux: ImportedAux { header_only: false, clear_justification_requests: false, needs_justification: false, bad_justification: false, is_new_best: true }, proof_size: 0 }    
2026-05-28 14:59:37 🏆 Imported #550 (0x9a4a…d2e0 → 0x83a9…82b8)    
2026-05-28 14:59:38 Current block number: 551    
2026-05-28 14:59:38 🙌 Starting consensus session on top of parent 0x83a95d93eff5d0fc97583e53e7a8f405216711edfa26c78b41a0d668c30782b8 (#550)    
2026-05-28 14:59:38 🎁 Prepared block for proposing at 551 (4 ms) hash: 0x1ee5b90c3caf222457c07ef6df0e43aa8f5076c99437aaef945aedc0704221d8; parent_hash: 0x83a9…82b8; end: NoMoreTransactions; extrinsics_count: 2    
2026-05-28 14:59:38 Consensus with no RPC sender success: CreatedBlock { hash: 0x1ee5b90c3caf222457c07ef6df0e43aa8f5076c99437aaef945aedc0704221d8, aux: ImportedAux { header_only: false, clear_justification_requests: false, needs_justification: false, bad_justification: false, is_new_best: true }, proof_size: 0 }    
2026-05-28 14:59:38 🏆 Imported #551 (0x83a9…82b8 → 0x1ee5…21d8)    
2026-05-28 14:59:39 Current block number: 552    
2026-05-28 14:59:39 🙌 Starting consensus session on top of parent 0x1ee5b90c3caf222457c07ef6df0e43aa8f5076c99437aaef945aedc0704221d8 (#551)    
2026-05-28 14:59:39 🎁 Prepared block for proposing at 552 (3 ms) hash: 0xe4eb5168cc78155d9496c1dff21153a398f60c07183ca5710651dec31a65d03a; parent_hash: 0x1ee5…21d8; end: NoMoreTransactions; extrinsics_count: 2    
2026-05-28 14:59:39 Consensus with no RPC sender success: CreatedBlock { hash: 0xe4eb5168cc78155d9496c1dff21153a398f60c07183ca5710651dec31a65d03a, aux: ImportedAux { header_only: false, clear_justification_requests: false, needs_justification: false, bad_justification: false, is_new_best: true }, proof_size: 0 }    
2026-05-28 14:59:39 🏆 Imported #552 (0x1ee5…21d8 → 0xe4eb…d03a)    
2026-05-28 14:59:40 Current block number: 553    
2026-05-28 14:59:40 🙌 Starting consensus session on top of parent 0xe4eb5168cc78155d9496c1dff21153a398f60c07183ca5710651dec31a65d03a (#552)    
2026-05-28 14:59:40 🎁 Prepared block for proposing at 553 (3 ms) hash: 0x9a153f532527b3014d47ea3a2dd2071ab4f8048b07e2a5b8252245071560d33d; parent_hash: 0xe4eb…d03a; end: NoMoreTransactions; extrinsics_count: 2    
2026-05-28 14:59:40 Consensus with no RPC sender success: CreatedBlock { hash: 0x9a153f532527b3014d47ea3a2dd2071ab4f8048b07e2a5b8252245071560d33d, aux: ImportedAux { header_only: false, clear_justification_requests: false, needs_justification: false, bad_justification: false, is_new_best: true }, proof_size: 0 }    
2026-05-28 14:59:40 🏆 Imported #553 (0xe4eb…d03a → 0x9a15…d33d)    
2026-05-28 14:59:41 Current block number: 554    
2026-05-28 14:59:41 🙌 Starting consensus session on top of parent 0x9a153f532527b3014d47ea3a2dd2071ab4f8048b07e2a5b8252245071560d33d (#553)    
2026-05-28 14:59:41 🎁 Prepared block for proposing at 554 (4 ms) hash: 0x46cc77a546f5ef666f598b4e1e926c47191818d6c618a0e08ad3754972c6d638; parent_hash: 0x9a15…d33d; end: NoMoreTransactions; extrinsics_count: 2    
2026-05-28 14:59:41 Consensus with no RPC sender success: CreatedBlock { hash: 0x46cc77a546f5ef666f598b4e1e926c47191818d6c618a0e08ad3754972c6d638, aux: ImportedAux { header_only: false, clear_justification_requests: false, needs_justification: false, bad_justification: false, is_new_best: true }, proof_size: 0 }    
2026-05-28 14:59:41 🏆 Imported #554 (0x9a15…d33d → 0x46cc…d638)    
2026-05-28 14:59:42 💤 Idle (0 peers), best: #554 (0x46cc…d638), finalized #554 (0x46cc…d638), ⬇ 0 ⬆ 0    
2026-05-28 14:59:42 Current block number: 555    
2026-05-28 14:59:42 🙌 Starting consensus session on top of parent 0x46cc77a546f5ef666f598b4e1e926c47191818d6c618a0e08ad3754972c6d638 (#554)    
2026-05-28 14:59:42 🎁 Prepared block for proposing at 555 (2 ms) hash: 0x0846d9a7f1bbea5ae5df18358f07d435d8cae89fe5048b59b52eb06cb7fff9b4; parent_hash: 0x46cc…d638; end: NoMoreTransactions; extrinsics_count: 2    
2026-05-28 14:59:42 Consensus with no RPC sender success: CreatedBlock { hash: 0x0846d9a7f1bbea5ae5df18358f07d435d8cae89fe5048b59b52eb06cb7fff9b4, aux: ImportedAux { header_only: false, clear_justification_requests: false, needs_justification: false, bad_justification: false, is_new_best: true }, proof_size: 0 }    
2026-05-28 14:59:42 🏆 Imported #555 (0x46cc…d638 → 0x0846…f9b4)    
2026-05-28 14:59:43 Current block number: 556    
2026-05-28 14:59:43 🙌 Starting consensus session on top of parent 0x0846d9a7f1bbea5ae5df18358f07d435d8cae89fe5048b59b52eb06cb7fff9b4 (#555)    
2026-05-28 14:59:43 🎁 Prepared block for proposing at 556 (4 ms) hash: 0x39f1844d0db620ef4472da0061ece36125839e55f9ac19a10a8ada5ef88e2b62; parent_hash: 0x0846…f9b4; end: NoMoreTransactions; extrinsics_count: 2    
2026-05-28 14:59:43 Consensus with no RPC sender success: CreatedBlock { hash: 0x39f1844d0db620ef4472da0061ece36125839e55f9ac19a10a8ada5ef88e2b62, aux: ImportedAux { header_only: false, clear_justification_requests: false, needs_justification: false, bad_justification: false, is_new_best: true }, proof_size: 0 }    
2026-05-28 14:59:43 🏆 Imported #556 (0x0846…f9b4 → 0x39f1…2b62)    
2026-05-28 14:59:44 Current block number: 557    
2026-05-28 14:59:44 🙌 Starting consensus session on top of parent 0x39f1844d0db620ef4472da0061ece36125839e55f9ac19a10a8ada5ef88e2b62 (#556)    
2026-05-28 14:59:44 🎁 Prepared block for proposing at 557 (4 ms) hash: 0x0735259ed82fc25bdbdec9cb000184e69b171097edf6575a9755f68cbf76427d; parent_hash: 0x39f1…2b62; end: NoMoreTransactions; extrinsics_count: 2    
2026-05-28 14:59:44 Consensus with no RPC sender success: CreatedBlock { hash: 0x0735259ed82fc25bdbdec9cb000184e69b171097edf6575a9755f68cbf76427d, aux: ImportedAux { header_only: false, clear_justification_requests: false, needs_justification: false, bad_justification: false, is_new_best: true }, proof_size: 0 }    
2026-05-28 14:59:44 🏆 Imported #557 (0x39f1…2b62 → 0x0735…427d)    
2026-05-28 14:59:45 Current block number: 558    
2026-05-28 14:59:45 🙌 Starting consensus session on top of parent 0x0735259ed82fc25bdbdec9cb000184e69b171097edf6575a9755f68cbf76427d (#557)    
2026-05-28 14:59:45 🎁 Prepared block for proposing at 558 (3 ms) hash: 0x5f31384f7af4bb846267dc4701ebb755223344b96f92d02a47f5127b717ca40a; parent_hash: 0x0735…427d; end: NoMoreTransactions; extrinsics_count: 2    
2026-05-28 14:59:45 Consensus with no RPC sender success: CreatedBlock { hash: 0x5f31384f7af4bb846267dc4701ebb755223344b96f92d02a47f5127b717ca40a, aux: ImportedAux { header_only: false, clear_justification_requests: false, needs_justification: false, bad_justification: false, is_new_best: true }, proof_size: 0 }    
2026-05-28 14:59:45 🏆 Imported #558 (0x0735…427d → 0x5f31…a40a)    
2026-05-28 14:59:46 Current block number: 559    
2026-05-28 14:59:46 🙌 Starting consensus session on top of parent 0x5f31384f7af4bb846267dc4701ebb755223344b96f92d02a47f5127b717ca40a (#558)    
2026-05-28 14:59:46 🎁 Prepared block for proposing at 559 (3 ms) hash: 0x7fe0ff249e78bd9386790958d0aaef82ac462ce9d68db1d5a17bb238208ddd17; parent_hash: 0x5f31…a40a; end: NoMoreTransactions; extrinsics_count: 2    
2026-05-28 14:59:46 Consensus with no RPC sender success: CreatedBlock { hash: 0x7fe0ff249e78bd9386790958d0aaef82ac462ce9d68db1d5a17bb238208ddd17, aux: ImportedAux { header_only: false, clear_justification_requests: false, needs_justification: false, bad_justification: false, is_new_best: true }, proof_size: 0 }    
2026-05-28 14:59:46 🏆 Imported #559 (0x5f31…a40a → 0x7fe0…dd17)    
2026-05-28 14:59:47 💤 Idle (0 peers), best: #559 (0x7fe0…dd17), finalized #559 (0x7fe0…dd17), ⬇ 0 ⬆ 0    
2026-05-28 14:59:47 Current block number: 560    
2026-05-28 14:59:47 🙌 Starting consensus session on top of parent 0x7fe0ff249e78bd9386790958d0aaef82ac462ce9d68db1d5a17bb238208ddd17 (#559)    
2026-05-28 14:59:47 🎁 Prepared block for proposing at 560 (2 ms) hash: 0xaf99e1a61da70ce6dece8e723dfa2729b5b8f9d9545c6bc74c4cf36c5f0f2319; parent_hash: 0x7fe0…dd17; end: NoMoreTransactions; extrinsics_count: 2    
2026-05-28 14:59:47 Consensus with no RPC sender success: CreatedBlock { hash: 0xaf99e1a61da70ce6dece8e723dfa2729b5b8f9d9545c6bc74c4cf36c5f0f2319, aux: ImportedAux { header_only: false, clear_justification_requests: false, needs_justification: false, bad_justification: false, is_new_best: true }, proof_size: 0 }    
2026-05-28 14:59:47 🏆 Imported #560 (0x7fe0…dd17 → 0xaf99…2319)    
2026-05-28 14:59:48 Current block number: 561    
2026-05-28 14:59:48 🙌 Starting consensus session on top of parent 0xaf99e1a61da70ce6dece8e723dfa2729b5b8f9d9545c6bc74c4cf36c5f0f2319 (#560)    
2026-05-28 14:59:48 🎁 Prepared block for proposing at 561 (4 ms) hash: 0xb14dab04125bc2c6566b186a7310371557ea95fb128b528ad5e70d3dab598ad6; parent_hash: 0xaf99…2319; end: NoMoreTransactions; extrinsics_count: 2    
2026-05-28 14:59:48 Consensus with no RPC sender success: CreatedBlock { hash: 0xb14dab04125bc2c6566b186a7310371557ea95fb128b528ad5e70d3dab598ad6, aux: ImportedAux { header_only: false, clear_justification_requests: false, needs_justification: false, bad_justification: false, is_new_best: true }, proof_size: 0 }    
2026-05-28 14:59:48 🏆 Imported #561 (0xaf99…2319 → 0xb14d…8ad6)    
2026-05-28 14:59:49 Current block number: 562    
2026-05-28 14:59:49 🙌 Starting consensus session on top of parent 0xb14dab04125bc2c6566b186a7310371557ea95fb128b528ad5e70d3dab598ad6 (#561)    
2026-05-28 14:59:49 🎁 Prepared block for proposing at 562 (4 ms) hash: 0x3288f542333a1cf7769bd93af92b66446f3ee376bc16e5167f3945a6b59e529c; parent_hash: 0xb14d…8ad6; end: NoMoreTransactions; extrinsics_count: 2    
2026-05-28 14:59:49 Consensus with no RPC sender success: CreatedBlock { hash: 0x3288f542333a1cf7769bd93af92b66446f3ee376bc16e5167f3945a6b59e529c, aux: ImportedAux { header_only: false, clear_justification_requests: false, needs_justification: false, bad_justification: false, is_new_best: true }, proof_size: 0 }    
2026-05-28 14:59:49 🏆 Imported #562 (0xb14d…8ad6 → 0x3288…529c)    
2026-05-28 14:59:50 Current block number: 563    
2026-05-28 14:59:50 🙌 Starting consensus session on top of parent 0x3288f542333a1cf7769bd93af92b66446f3ee376bc16e5167f3945a6b59e529c (#562)    
2026-05-28 14:59:50 🎁 Prepared block for proposing at 563 (4 ms) hash: 0x48e421226df70ccd26015b6afcfab57a83e2a3956bd279ff8c1a5b936a16217a; parent_hash: 0x3288…529c; end: NoMoreTransactions; extrinsics_count: 2    
2026-05-28 14:59:50 Consensus with no RPC sender success: CreatedBlock { hash: 0x48e421226df70ccd26015b6afcfab57a83e2a3956bd279ff8c1a5b936a16217a, aux: ImportedAux { header_only: false, clear_justification_requests: false, needs_justification: false, bad_justification: false, is_new_best: true }, proof_size: 0 }    
2026-05-28 14:59:50 🏆 Imported #563 (0x3288…529c → 0x48e4…217a)    
2026-05-28 14:59:51 Current block number: 564    
2026-05-28 14:59:51 🙌 Starting consensus session on top of parent 0x48e421226df70ccd26015b6afcfab57a83e2a3956bd279ff8c1a5b936a16217a (#563)    
2026-05-28 14:59:51 🎁 Prepared block for proposing at 564 (4 ms) hash: 0x5088980bf74fdf7a69e0f906ae97bfed6e863efa3ef70ac0bc34d9695fe1fe34; parent_hash: 0x48e4…217a; end: NoMoreTransactions; extrinsics_count: 2    
2026-05-28 14:59:51 Consensus with no RPC sender success: CreatedBlock { hash: 0x5088980bf74fdf7a69e0f906ae97bfed6e863efa3ef70ac0bc34d9695fe1fe34, aux: ImportedAux { header_only: false, clear_justification_requests: false, needs_justification: false, bad_justification: false, is_new_best: true }, proof_size: 0 }    
2026-05-28 14:59:51 🏆 Imported #564 (0x48e4…217a → 0x5088…fe34)    
2026-05-28 14:59:52 💤 Idle (0 peers), best: #564 (0x5088…fe34), finalized #564 (0x5088…fe34), ⬇ 0 ⬆ 0    
2026-05-28 14:59:52 Current block number: 565    
2026-05-28 14:59:52 🙌 Starting consensus session on top of parent 0x5088980bf74fdf7a69e0f906ae97bfed6e863efa3ef70ac0bc34d9695fe1fe34 (#564)    
2026-05-28 14:59:52 🎁 Prepared block for proposing at 565 (3 ms) hash: 0x2b719a0586f549b32ea6b70328493f183ad93b9257ea87ee5e7bf032dc923ec0; parent_hash: 0x5088…fe34; end: NoMoreTransactions; extrinsics_count: 2    
2026-05-28 14:59:52 Consensus with no RPC sender success: CreatedBlock { hash: 0x2b719a0586f549b32ea6b70328493f183ad93b9257ea87ee5e7bf032dc923ec0, aux: ImportedAux { header_only: false, clear_justification_requests: false, needs_justification: false, bad_justification: false, is_new_best: true }, proof_size: 0 }    
2026-05-28 14:59:52 🏆 Imported #565 (0x5088…fe34 → 0x2b71…3ec0)    
2026-05-28 14:59:53 Current block number: 566    
2026-05-28 14:59:53 🙌 Starting consensus session on top of parent 0x2b719a0586f549b32ea6b70328493f183ad93b9257ea87ee5e7bf032dc923ec0 (#565)    
2026-05-28 14:59:53 🎁 Prepared block for proposing at 566 (4 ms) hash: 0x0874bbcba326b6783562476a18a2d338c14a453fa96f58faff1805f99add3ee2; parent_hash: 0x2b71…3ec0; end: NoMoreTransactions; extrinsics_count: 2    
2026-05-28 14:59:53 Consensus with no RPC sender success: CreatedBlock { hash: 0x0874bbcba326b6783562476a18a2d338c14a453fa96f58faff1805f99add3ee2, aux: ImportedAux { header_only: false, clear_justification_requests: false, needs_justification: false, bad_justification: false, is_new_best: true }, proof_size: 0 }    
2026-05-28 14:59:53 🏆 Imported #566 (0x2b71…3ec0 → 0x0874…3ee2)    
2026-05-28 14:59:54 Current block number: 567    
2026-05-28 14:59:54 🙌 Starting consensus session on top of parent 0x0874bbcba326b6783562476a18a2d338c14a453fa96f58faff1805f99add3ee2 (#566)    
2026-05-28 14:59:54 🎁 Prepared block for proposing at 567 (3 ms) hash: 0xc355f84a34b91ff7241b3e172df2852afcfddd7587b33e93872c6421649775ca; parent_hash: 0x0874…3ee2; end: NoMoreTransactions; extrinsics_count: 2    
2026-05-28 14:59:54 Consensus with no RPC sender success: CreatedBlock { hash: 0xc355f84a34b91ff7241b3e172df2852afcfddd7587b33e93872c6421649775ca, aux: ImportedAux { header_only: false, clear_justification_requests: false, needs_justification: false, bad_justification: false, is_new_best: true }, proof_size: 0 }    
2026-05-28 14:59:54 🏆 Imported #567 (0x0874…3ee2 → 0xc355…75ca)    
2026-05-28 14:59:55 Current block number: 568    
2026-05-28 14:59:55 🙌 Starting consensus session on top of parent 0xc355f84a34b91ff7241b3e172df2852afcfddd7587b33e93872c6421649775ca (#567)    
2026-05-28 14:59:55 🎁 Prepared block for proposing at 568 (4 ms) hash: 0x4b0951f6576e33f9c228690c2429b9d965af33ca0b8a2fd91c700d6e55b58d4a; parent_hash: 0xc355…75ca; end: NoMoreTransactions; extrinsics_count: 2    
2026-05-28 14:59:55 Consensus with no RPC sender success: CreatedBlock { hash: 0x4b0951f6576e33f9c228690c2429b9d965af33ca0b8a2fd91c700d6e55b58d4a, aux: ImportedAux { header_only: false, clear_justification_requests: false, needs_justification: false, bad_justification: false, is_new_best: true }, proof_size: 0 }    
2026-05-28 14:59:55 🏆 Imported #568 (0xc355…75ca → 0x4b09…8d4a)    
2026-05-28 14:59:56 Current block number: 569    
2026-05-28 14:59:56 🙌 Starting consensus session on top of parent 0x4b0951f6576e33f9c228690c2429b9d965af33ca0b8a2fd91c700d6e55b58d4a (#568)    
2026-05-28 14:59:56 🎁 Prepared block for proposing at 569 (3 ms) hash: 0x43524ce2d4cff2e6f2da7e443ab8c537bb6caef1f4862d2a9ee8baa89ce08cce; parent_hash: 0x4b09…8d4a; end: NoMoreTransactions; extrinsics_count: 2    
2026-05-28 14:59:56 Consensus with no RPC sender success: CreatedBlock { hash: 0x43524ce2d4cff2e6f2da7e443ab8c537bb6caef1f4862d2a9ee8baa89ce08cce, aux: ImportedAux { header_only: false, clear_justification_requests: false, needs_justification: false, bad_justification: false, is_new_best: true }, proof_size: 0 }    
2026-05-28 14:59:56 🏆 Imported #569 (0x4b09…8d4a → 0x4352…8cce)    
2026-05-28 14:59:57 💤 Idle (0 peers), best: #569 (0x4352…8cce), finalized #569 (0x4352…8cce), ⬇ 0 ⬆ 0    
2026-05-28 14:59:57 Current block number: 570    
2026-05-28 14:59:57 🙌 Starting consensus session on top of parent 0x43524ce2d4cff2e6f2da7e443ab8c537bb6caef1f4862d2a9ee8baa89ce08cce (#569)    
2026-05-28 14:59:57 🎁 Prepared block for proposing at 570 (3 ms) hash: 0x54e17a50e613416ddf141ee141629ce637a883225261da18a2b81f6dd21e413b; parent_hash: 0x4352…8cce; end: NoMoreTransactions; extrinsics_count: 2    
2026-05-28 14:59:57 Consensus with no RPC sender success: CreatedBlock { hash: 0x54e17a50e613416ddf141ee141629ce637a883225261da18a2b81f6dd21e413b, aux: ImportedAux { header_only: false, clear_justification_requests: false, needs_justification: false, bad_justification: false, is_new_best: true }, proof_size: 0 }    
2026-05-28 14:59:57 🏆 Imported #570 (0x4352…8cce → 0x54e1…413b)    
2026-05-28 14:59:58 Current block number: 571    
2026-05-28 14:59:58 🙌 Starting consensus session on top of parent 0x54e17a50e613416ddf141ee141629ce637a883225261da18a2b81f6dd21e413b (#570)    
2026-05-28 14:59:58 🎁 Prepared block for proposing at 571 (4 ms) hash: 0x30caacf51ea539038a304df25473fedcd79bb6d06637085a5d1d2d7b5eb8381f; parent_hash: 0x54e1…413b; end: NoMoreTransactions; extrinsics_count: 2    
2026-05-28 14:59:58 Consensus with no RPC sender success: CreatedBlock { hash: 0x30caacf51ea539038a304df25473fedcd79bb6d06637085a5d1d2d7b5eb8381f, aux: ImportedAux { header_only: false, clear_justification_requests: false, needs_justification: false, bad_justification: false, is_new_best: true }, proof_size: 0 }    
2026-05-28 14:59:58 🏆 Imported #571 (0x54e1…413b → 0x30ca…381f)    
2026-05-28 14:59:59 Current block number: 572    
2026-05-28 14:59:59 🙌 Starting consensus session on top of parent 0x30caacf51ea539038a304df25473fedcd79bb6d06637085a5d1d2d7b5eb8381f (#571)    
2026-05-28 14:59:59 🎁 Prepared block for proposing at 572 (3 ms) hash: 0xc62c851d5979e62b7d26bcf5ac5bc9c71ec895cc492ca2f52d3275e51ac84158; parent_hash: 0x30ca…381f; end: NoMoreTransactions; extrinsics_count: 2    
2026-05-28 14:59:59 Consensus with no RPC sender success: CreatedBlock { hash: 0xc62c851d5979e62b7d26bcf5ac5bc9c71ec895cc492ca2f52d3275e51ac84158, aux: ImportedAux { header_only: false, clear_justification_requests: false, needs_justification: false, bad_justification: false, is_new_best: true }, proof_size: 0 }    
2026-05-28 14:59:59 🏆 Imported #572 (0x30ca…381f → 0xc62c…4158)    
2026-05-28 15:00:00 Current block number: 573    
2026-05-28 15:00:00 🙌 Starting consensus session on top of parent 0xc62c851d5979e62b7d26bcf5ac5bc9c71ec895cc492ca2f52d3275e51ac84158 (#572)    
2026-05-28 15:00:00 🎁 Prepared block for proposing at 573 (4 ms) hash: 0x736a6e463542cfd67176c5b0f0c4d5cc1044f221f99cc75150201b24807a5c22; parent_hash: 0xc62c…4158; end: NoMoreTransactions; extrinsics_count: 2    
2026-05-28 15:00:00 Consensus with no RPC sender success: CreatedBlock { hash: 0x736a6e463542cfd67176c5b0f0c4d5cc1044f221f99cc75150201b24807a5c22, aux: ImportedAux { header_only: false, clear_justification_requests: false, needs_justification: false, bad_justification: false, is_new_best: true }, proof_size: 0 }    
2026-05-28 15:00:00 🏆 Imported #573 (0xc62c…4158 → 0x736a…5c22)    
2026-05-28 15:00:01 Current block number: 574    
2026-05-28 15:00:01 🙌 Starting consensus session on top of parent 0x736a6e463542cfd67176c5b0f0c4d5cc1044f221f99cc75150201b24807a5c22 (#573)    
2026-05-28 15:00:01 🎁 Prepared block for proposing at 574 (4 ms) hash: 0xa289f3780a0aa974057eca47a0bf5d05b4b70cd85e332ada3dc01d06444edf31; parent_hash: 0x736a…5c22; end: NoMoreTransactions; extrinsics_count: 2    
2026-05-28 15:00:01 Consensus with no RPC sender success: CreatedBlock { hash: 0xa289f3780a0aa974057eca47a0bf5d05b4b70cd85e332ada3dc01d06444edf31, aux: ImportedAux { header_only: false, clear_justification_requests: false, needs_justification: false, bad_justification: false, is_new_best: true }, proof_size: 0 }    
2026-05-28 15:00:01 🏆 Imported #574 (0x736a…5c22 → 0xa289…df31)    
2026-05-28 15:00:02 💤 Idle (0 peers), best: #574 (0xa289…df31), finalized #574 (0xa289…df31), ⬇ 0 ⬆ 0    
2026-05-28 15:00:02 Current block number: 575    
2026-05-28 15:00:02 🙌 Starting consensus session on top of parent 0xa289f3780a0aa974057eca47a0bf5d05b4b70cd85e332ada3dc01d06444edf31 (#574)    
2026-05-28 15:00:02 🎁 Prepared block for proposing at 575 (1 ms) hash: 0xf5e9a84a4e0607212dfba726489babc18ca127caaa053bc57ec9506f3502600f; parent_hash: 0xa289…df31; end: NoMoreTransactions; extrinsics_count: 2    
2026-05-28 15:00:02 Consensus with no RPC sender success: CreatedBlock { hash: 0xf5e9a84a4e0607212dfba726489babc18ca127caaa053bc57ec9506f3502600f, aux: ImportedAux { header_only: false, clear_justification_requests: false, needs_justification: false, bad_justification: false, is_new_best: true }, proof_size: 0 }    
2026-05-28 15:00:02 🏆 Imported #575 (0xa289…df31 → 0xf5e9…600f)    
2026-05-28 15:00:03 Current block number: 576    
2026-05-28 15:00:03 🙌 Starting consensus session on top of parent 0xf5e9a84a4e0607212dfba726489babc18ca127caaa053bc57ec9506f3502600f (#575)    
2026-05-28 15:00:03 🎁 Prepared block for proposing at 576 (4 ms) hash: 0x722443fa2ea9b18d00f290934a84bab1f914063b8481780e3bf53ab8a453e1f4; parent_hash: 0xf5e9…600f; end: NoMoreTransactions; extrinsics_count: 2    
2026-05-28 15:00:03 Consensus with no RPC sender success: CreatedBlock { hash: 0x722443fa2ea9b18d00f290934a84bab1f914063b8481780e3bf53ab8a453e1f4, aux: ImportedAux { header_only: false, clear_justification_requests: false, needs_justification: false, bad_justification: false, is_new_best: true }, proof_size: 0 }    
2026-05-28 15:00:03 🏆 Imported #576 (0xf5e9…600f → 0x7224…e1f4)    
2026-05-28 15:00:04 Current block number: 577    
2026-05-28 15:00:04 🙌 Starting consensus session on top of parent 0x722443fa2ea9b18d00f290934a84bab1f914063b8481780e3bf53ab8a453e1f4 (#576)    
2026-05-28 15:00:04 🎁 Prepared block for proposing at 577 (3 ms) hash: 0x1dbdab119a5afe98d69e66cbeb8531d037825961e1ab99ea4fc2073dd434d776; parent_hash: 0x7224…e1f4; end: NoMoreTransactions; extrinsics_count: 2    
2026-05-28 15:00:04 Consensus with no RPC sender success: CreatedBlock { hash: 0x1dbdab119a5afe98d69e66cbeb8531d037825961e1ab99ea4fc2073dd434d776, aux: ImportedAux { header_only: false, clear_justification_requests: false, needs_justification: false, bad_justification: false, is_new_best: true }, proof_size: 0 }    
2026-05-28 15:00:04 🏆 Imported #577 (0x7224…e1f4 → 0x1dbd…d776)    
2026-05-28 15:00:05 Current block number: 578    
2026-05-28 15:00:05 🙌 Starting consensus session on top of parent 0x1dbdab119a5afe98d69e66cbeb8531d037825961e1ab99ea4fc2073dd434d776 (#577)    
2026-05-28 15:00:05 🎁 Prepared block for proposing at 578 (2 ms) hash: 0x461342d27ac510376f437946aa5d8f3ed17eb8c2699e090640bb38e4ad59d1db; parent_hash: 0x1dbd…d776; end: NoMoreTransactions; extrinsics_count: 2    
2026-05-28 15:00:05 Consensus with no RPC sender success: CreatedBlock { hash: 0x461342d27ac510376f437946aa5d8f3ed17eb8c2699e090640bb38e4ad59d1db, aux: ImportedAux { header_only: false, clear_justification_requests: false, needs_justification: false, bad_justification: false, is_new_best: true }, proof_size: 0 }    
2026-05-28 15:00:05 🏆 Imported #578 (0x1dbd…d776 → 0x4613…d1db)    
2026-05-28 15:00:06 Current block number: 579    
2026-05-28 15:00:06 🙌 Starting consensus session on top of parent 0x461342d27ac510376f437946aa5d8f3ed17eb8c2699e090640bb38e4ad59d1db (#578)    
2026-05-28 15:00:06 🎁 Prepared block for proposing at 579 (4 ms) hash: 0x4b0f5cdc0062273c32fe9bdddd620031a12f241e21b54264b376ea0aa1b4416c; parent_hash: 0x4613…d1db; end: NoMoreTransactions; extrinsics_count: 2    
2026-05-28 15:00:06 Consensus with no RPC sender success: CreatedBlock { hash: 0x4b0f5cdc0062273c32fe9bdddd620031a12f241e21b54264b376ea0aa1b4416c, aux: ImportedAux { header_only: false, clear_justification_requests: false, needs_justification: false, bad_justification: false, is_new_best: true }, proof_size: 0 }    
2026-05-28 15:00:06 🏆 Imported #579 (0x4613…d1db → 0x4b0f…416c)    
2026-05-28 15:00:07 💤 Idle (0 peers), best: #579 (0x4b0f…416c), finalized #579 (0x4b0f…416c), ⬇ 0 ⬆ 0    
2026-05-28 15:00:07 Current block number: 580    
2026-05-28 15:00:07 🙌 Starting consensus session on top of parent 0x4b0f5cdc0062273c32fe9bdddd620031a12f241e21b54264b376ea0aa1b4416c (#579)    
2026-05-28 15:00:07 🎁 Prepared block for proposing at 580 (3 ms) hash: 0xb0f65cc678dcb7e2ec91137cf2616dee904a0ef57451e97319ae0151a3140004; parent_hash: 0x4b0f…416c; end: NoMoreTransactions; extrinsics_count: 2    
2026-05-28 15:00:07 Consensus with no RPC sender success: CreatedBlock { hash: 0xb0f65cc678dcb7e2ec91137cf2616dee904a0ef57451e97319ae0151a3140004, aux: ImportedAux { header_only: false, clear_justification_requests: false, needs_justification: false, bad_justification: false, is_new_best: true }, proof_size: 0 }    
2026-05-28 15:00:07 🏆 Imported #580 (0x4b0f…416c → 0xb0f6…0004)    
2026-05-28 15:00:08 Current block number: 581    
2026-05-28 15:00:08 🙌 Starting consensus session on top of parent 0xb0f65cc678dcb7e2ec91137cf2616dee904a0ef57451e97319ae0151a3140004 (#580)    
2026-05-28 15:00:08 🎁 Prepared block for proposing at 581 (2 ms) hash: 0x9d73a51a4aa07d308dcd7f8b4f66b935ba3d5c04f89bf784b2aec0d597f9fabc; parent_hash: 0xb0f6…0004; end: NoMoreTransactions; extrinsics_count: 2    
2026-05-28 15:00:08 Consensus with no RPC sender success: CreatedBlock { hash: 0x9d73a51a4aa07d308dcd7f8b4f66b935ba3d5c04f89bf784b2aec0d597f9fabc, aux: ImportedAux { header_only: false, clear_justification_requests: false, needs_justification: false, bad_justification: false, is_new_best: true }, proof_size: 0 }    
2026-05-28 15:00:08 🏆 Imported #581 (0xb0f6…0004 → 0x9d73…fabc)    
2026-05-28 15:00:09 Current block number: 582    
2026-05-28 15:00:09 🙌 Starting consensus session on top of parent 0x9d73a51a4aa07d308dcd7f8b4f66b935ba3d5c04f89bf784b2aec0d597f9fabc (#581)    
2026-05-28 15:00:09 🎁 Prepared block for proposing at 582 (4 ms) hash: 0x86be7f5a067bb1d8d03503303b7a563ecac389619a429fdb6f5ae0b1dffad039; parent_hash: 0x9d73…fabc; end: NoMoreTransactions; extrinsics_count: 2    
2026-05-28 15:00:09 Consensus with no RPC sender success: CreatedBlock { hash: 0x86be7f5a067bb1d8d03503303b7a563ecac389619a429fdb6f5ae0b1dffad039, aux: ImportedAux { header_only: false, clear_justification_requests: false, needs_justification: false, bad_justification: false, is_new_best: true }, proof_size: 0 }    
2026-05-28 15:00:09 🏆 Imported #582 (0x9d73…fabc → 0x86be…d039)    
2026-05-28 15:00:10 Current block number: 583    
2026-05-28 15:00:10 🙌 Starting consensus session on top of parent 0x86be7f5a067bb1d8d03503303b7a563ecac389619a429fdb6f5ae0b1dffad039 (#582)    
2026-05-28 15:00:10 🎁 Prepared block for proposing at 583 (3 ms) hash: 0x87668fe255ae2b7aed875305106acc9b1e95b7818b854652ff2d64b04dfddc95; parent_hash: 0x86be…d039; end: NoMoreTransactions; extrinsics_count: 2    
2026-05-28 15:00:10 Consensus with no RPC sender success: CreatedBlock { hash: 0x87668fe255ae2b7aed875305106acc9b1e95b7818b854652ff2d64b04dfddc95, aux: ImportedAux { header_only: false, clear_justification_requests: false, needs_justification: false, bad_justification: false, is_new_best: true }, proof_size: 0 }    
2026-05-28 15:00:10 🏆 Imported #583 (0x86be…d039 → 0x8766…dc95)    
2026-05-28 15:00:11 Current block number: 584    
2026-05-28 15:00:11 🙌 Starting consensus session on top of parent 0x87668fe255ae2b7aed875305106acc9b1e95b7818b854652ff2d64b04dfddc95 (#583)    
2026-05-28 15:00:11 🎁 Prepared block for proposing at 584 (4 ms) hash: 0xce381e32aad560cdc877439fae4a320c0b7adb9cc4ac511fdcb8eed9d8e8b976; parent_hash: 0x8766…dc95; end: NoMoreTransactions; extrinsics_count: 2    
2026-05-28 15:00:11 Consensus with no RPC sender success: CreatedBlock { hash: 0xce381e32aad560cdc877439fae4a320c0b7adb9cc4ac511fdcb8eed9d8e8b976, aux: ImportedAux { header_only: false, clear_justification_requests: false, needs_justification: false, bad_justification: false, is_new_best: true }, proof_size: 0 }    
2026-05-28 15:00:11 🏆 Imported #584 (0x8766…dc95 → 0xce38…b976)    
2026-05-28 15:00:12 💤 Idle (0 peers), best: #584 (0xce38…b976), finalized #584 (0xce38…b976), ⬇ 0 ⬆ 0    
2026-05-28 15:00:12 Current block number: 585    
2026-05-28 15:00:12 🙌 Starting consensus session on top of parent 0xce381e32aad560cdc877439fae4a320c0b7adb9cc4ac511fdcb8eed9d8e8b976 (#584)    
2026-05-28 15:00:12 🎁 Prepared block for proposing at 585 (11 ms) hash: 0xc79299a759a334d61d5cae0807ad51e6ca27f48e8e7768e81a6b248fd5d49da7; parent_hash: 0xce38…b976; end: NoMoreTransactions; extrinsics_count: 2    
2026-05-28 15:00:12 Consensus with no RPC sender success: CreatedBlock { hash: 0xc79299a759a334d61d5cae0807ad51e6ca27f48e8e7768e81a6b248fd5d49da7, aux: ImportedAux { header_only: false, clear_justification_requests: false, needs_justification: false, bad_justification: false, is_new_best: true }, proof_size: 0 }    
2026-05-28 15:00:12 🏆 Imported #585 (0xce38…b976 → 0xc792…9da7)    
2026-05-28 15:00:13 Current block number: 586    
2026-05-28 15:00:13 🙌 Starting consensus session on top of parent 0xc79299a759a334d61d5cae0807ad51e6ca27f48e8e7768e81a6b248fd5d49da7 (#585)    
2026-05-28 15:00:13 🎁 Prepared block for proposing at 586 (5 ms) hash: 0x19699c2d7262b8b6a0a95a7af0cea0d9f377a2e3288863886b8cb8b80673b7fa; parent_hash: 0xc792…9da7; end: NoMoreTransactions; extrinsics_count: 2    
2026-05-28 15:00:13 Consensus with no RPC sender success: CreatedBlock { hash: 0x19699c2d7262b8b6a0a95a7af0cea0d9f377a2e3288863886b8cb8b80673b7fa, aux: ImportedAux { header_only: false, clear_justification_requests: false, needs_justification: false, bad_justification: false, is_new_best: true }, proof_size: 0 }    
2026-05-28 15:00:13 🏆 Imported #586 (0xc792…9da7 → 0x1969…b7fa)    
2026-05-28 15:00:14 Current block number: 587    
2026-05-28 15:00:14 🙌 Starting consensus session on top of parent 0x19699c2d7262b8b6a0a95a7af0cea0d9f377a2e3288863886b8cb8b80673b7fa (#586)    
2026-05-28 15:00:14 🎁 Prepared block for proposing at 587 (3 ms) hash: 0xb7f5ab98e1ab8d0ae419997c1619b2e27c9c21ebba33531c97b7e7130be74a16; parent_hash: 0x1969…b7fa; end: NoMoreTransactions; extrinsics_count: 2    
2026-05-28 15:00:14 Consensus with no RPC sender success: CreatedBlock { hash: 0xb7f5ab98e1ab8d0ae419997c1619b2e27c9c21ebba33531c97b7e7130be74a16, aux: ImportedAux { header_only: false, clear_justification_requests: false, needs_justification: false, bad_justification: false, is_new_best: true }, proof_size: 0 }    
2026-05-28 15:00:14 🏆 Imported #587 (0x1969…b7fa → 0xb7f5…4a16)    
2026-05-28 15:00:15 Current block number: 588    
2026-05-28 15:00:15 🙌 Starting consensus session on top of parent 0xb7f5ab98e1ab8d0ae419997c1619b2e27c9c21ebba33531c97b7e7130be74a16 (#587)    
2026-05-28 15:00:15 🎁 Prepared block for proposing at 588 (4 ms) hash: 0x216bb6054513b13031316ed2e9ea0d2c3d2b9be51678273e6a67d14e035f54b5; parent_hash: 0xb7f5…4a16; end: NoMoreTransactions; extrinsics_count: 2    
2026-05-28 15:00:15 Consensus with no RPC sender success: CreatedBlock { hash: 0x216bb6054513b13031316ed2e9ea0d2c3d2b9be51678273e6a67d14e035f54b5, aux: ImportedAux { header_only: false, clear_justification_requests: false, needs_justification: false, bad_justification: false, is_new_best: true }, proof_size: 0 }    
2026-05-28 15:00:15 🏆 Imported #588 (0xb7f5…4a16 → 0x216b…54b5)    
2026-05-28 15:00:16 Current block number: 589    
2026-05-28 15:00:16 🙌 Starting consensus session on top of parent 0x216bb6054513b13031316ed2e9ea0d2c3d2b9be51678273e6a67d14e035f54b5 (#588)    
2026-05-28 15:00:16 🎁 Prepared block for proposing at 589 (3 ms) hash: 0x3228063c1f84c490772879ce7417bebb1aff350b1cd8d578d37a97031501dbdb; parent_hash: 0x216b…54b5; end: NoMoreTransactions; extrinsics_count: 2    
2026-05-28 15:00:16 Consensus with no RPC sender success: CreatedBlock { hash: 0x3228063c1f84c490772879ce7417bebb1aff350b1cd8d578d37a97031501dbdb, aux: ImportedAux { header_only: false, clear_justification_requests: false, needs_justification: false, bad_justification: false, is_new_best: true }, proof_size: 0 }    
2026-05-28 15:00:16 🏆 Imported #589 (0x216b…54b5 → 0x3228…dbdb)    
2026-05-28 15:00:17 💤 Idle (0 peers), best: #589 (0x3228…dbdb), finalized #589 (0x3228…dbdb), ⬇ 0 ⬆ 0    
2026-05-28 15:00:17 Current block number: 590    
2026-05-28 15:00:17 🙌 Starting consensus session on top of parent 0x3228063c1f84c490772879ce7417bebb1aff350b1cd8d578d37a97031501dbdb (#589)    
2026-05-28 15:00:17 🎁 Prepared block for proposing at 590 (2 ms) hash: 0x5ee1f13a07701868a814d542b6ed1b1f4c7efbd726c10bd103e631f15d2edc89; parent_hash: 0x3228…dbdb; end: NoMoreTransactions; extrinsics_count: 2    
2026-05-28 15:00:17 Consensus with no RPC sender success: CreatedBlock { hash: 0x5ee1f13a07701868a814d542b6ed1b1f4c7efbd726c10bd103e631f15d2edc89, aux: ImportedAux { header_only: false, clear_justification_requests: false, needs_justification: false, bad_justification: false, is_new_best: true }, proof_size: 0 }    
2026-05-28 15:00:17 🏆 Imported #590 (0x3228…dbdb → 0x5ee1…dc89)    
2026-05-28 15:00:18 Current block number: 591    
2026-05-28 15:00:18 🙌 Starting consensus session on top of parent 0x5ee1f13a07701868a814d542b6ed1b1f4c7efbd726c10bd103e631f15d2edc89 (#590)    
2026-05-28 15:00:18 🎁 Prepared block for proposing at 591 (3 ms) hash: 0x765df59a4d17772c6fb7cc7ff655016d60d309c93459f96bff1440b2f82b0cf6; parent_hash: 0x5ee1…dc89; end: NoMoreTransactions; extrinsics_count: 2    
2026-05-28 15:00:18 Consensus with no RPC sender success: CreatedBlock { hash: 0x765df59a4d17772c6fb7cc7ff655016d60d309c93459f96bff1440b2f82b0cf6, aux: ImportedAux { header_only: false, clear_justification_requests: false, needs_justification: false, bad_justification: false, is_new_best: true }, proof_size: 0 }    
2026-05-28 15:00:18 🏆 Imported #591 (0x5ee1…dc89 → 0x765d…0cf6)    
2026-05-28 15:00:19 Current block number: 592    
2026-05-28 15:00:19 🙌 Starting consensus session on top of parent 0x765df59a4d17772c6fb7cc7ff655016d60d309c93459f96bff1440b2f82b0cf6 (#591)    
2026-05-28 15:00:19 🎁 Prepared block for proposing at 592 (4 ms) hash: 0xd1f3f3d31bd6f969db1e7184899968ffb8e4ca13d9d1932b7fa6bcd237713609; parent_hash: 0x765d…0cf6; end: NoMoreTransactions; extrinsics_count: 2    
2026-05-28 15:00:19 Consensus with no RPC sender success: CreatedBlock { hash: 0xd1f3f3d31bd6f969db1e7184899968ffb8e4ca13d9d1932b7fa6bcd237713609, aux: ImportedAux { header_only: false, clear_justification_requests: false, needs_justification: false, bad_justification: false, is_new_best: true }, proof_size: 0 }    
2026-05-28 15:00:19 🏆 Imported #592 (0x765d…0cf6 → 0xd1f3…3609)    
2026-05-28 15:00:20 Current block number: 593    
2026-05-28 15:00:20 🙌 Starting consensus session on top of parent 0xd1f3f3d31bd6f969db1e7184899968ffb8e4ca13d9d1932b7fa6bcd237713609 (#592)    
2026-05-28 15:00:20 🎁 Prepared block for proposing at 593 (1 ms) hash: 0x905c900c409cdbd654ccd0e1976eae55259a8a2b9d58c4e9270b547c06f85e05; parent_hash: 0xd1f3…3609; end: NoMoreTransactions; extrinsics_count: 2    
2026-05-28 15:00:20 Consensus with no RPC sender success: CreatedBlock { hash: 0x905c900c409cdbd654ccd0e1976eae55259a8a2b9d58c4e9270b547c06f85e05, aux: ImportedAux { header_only: false, clear_justification_requests: false, needs_justification: false, bad_justification: false, is_new_best: true }, proof_size: 0 }    
2026-05-28 15:00:20 🏆 Imported #593 (0xd1f3…3609 → 0x905c…5e05)    
2026-05-28 15:00:21 Current block number: 594    
2026-05-28 15:00:21 🙌 Starting consensus session on top of parent 0x905c900c409cdbd654ccd0e1976eae55259a8a2b9d58c4e9270b547c06f85e05 (#593)    
2026-05-28 15:00:21 🎁 Prepared block for proposing at 594 (4 ms) hash: 0x1853db1a52347102d2859e265f863ac8b6d9295ad2e385cb5e1c854db92e0a0c; parent_hash: 0x905c…5e05; end: NoMoreTransactions; extrinsics_count: 2    
2026-05-28 15:00:21 Consensus with no RPC sender success: CreatedBlock { hash: 0x1853db1a52347102d2859e265f863ac8b6d9295ad2e385cb5e1c854db92e0a0c, aux: ImportedAux { header_only: false, clear_justification_requests: false, needs_justification: false, bad_justification: false, is_new_best: true }, proof_size: 0 }    
2026-05-28 15:00:21 🏆 Imported #594 (0x905c…5e05 → 0x1853…0a0c)    
2026-05-28 15:00:22 💤 Idle (0 peers), best: #594 (0x1853…0a0c), finalized #594 (0x1853…0a0c), ⬇ 0 ⬆ 0    
2026-05-28 15:00:22 Current block number: 595    
2026-05-28 15:00:22 🙌 Starting consensus session on top of parent 0x1853db1a52347102d2859e265f863ac8b6d9295ad2e385cb5e1c854db92e0a0c (#594)    
2026-05-28 15:00:22 🎁 Prepared block for proposing at 595 (3 ms) hash: 0x62de60bef9b4ea2ff98800fde0966b1e244533b5c0da61bea81feec9ff100448; parent_hash: 0x1853…0a0c; end: NoMoreTransactions; extrinsics_count: 2    
2026-05-28 15:00:22 Consensus with no RPC sender success: CreatedBlock { hash: 0x62de60bef9b4ea2ff98800fde0966b1e244533b5c0da61bea81feec9ff100448, aux: ImportedAux { header_only: false, clear_justification_requests: false, needs_justification: false, bad_justification: false, is_new_best: true }, proof_size: 0 }    
2026-05-28 15:00:22 🏆 Imported #595 (0x1853…0a0c → 0x62de…0448)    
2026-05-28 15:00:23 Current block number: 596    
2026-05-28 15:00:23 🙌 Starting consensus session on top of parent 0x62de60bef9b4ea2ff98800fde0966b1e244533b5c0da61bea81feec9ff100448 (#595)    
2026-05-28 15:00:23 🎁 Prepared block for proposing at 596 (5 ms) hash: 0xd882fad8e1825437500ea74c679926e1013f1cd4a539d8811f086bcab6d0e37e; parent_hash: 0x62de…0448; end: NoMoreTransactions; extrinsics_count: 2    
2026-05-28 15:00:23 Consensus with no RPC sender success: CreatedBlock { hash: 0xd882fad8e1825437500ea74c679926e1013f1cd4a539d8811f086bcab6d0e37e, aux: ImportedAux { header_only: false, clear_justification_requests: false, needs_justification: false, bad_justification: false, is_new_best: true }, proof_size: 0 }    
2026-05-28 15:00:23 🏆 Imported #596 (0x62de…0448 → 0xd882…e37e)    
2026-05-28 15:00:24 Current block number: 597    
2026-05-28 15:00:24 🙌 Starting consensus session on top of parent 0xd882fad8e1825437500ea74c679926e1013f1cd4a539d8811f086bcab6d0e37e (#596)    
2026-05-28 15:00:24 🎁 Prepared block for proposing at 597 (3 ms) hash: 0x7273fbdac41c460e3066ec4e73efa750d915810dec0bb0a820c627915ba4102e; parent_hash: 0xd882…e37e; end: NoMoreTransactions; extrinsics_count: 2    
2026-05-28 15:00:24 Consensus with no RPC sender success: CreatedBlock { hash: 0x7273fbdac41c460e3066ec4e73efa750d915810dec0bb0a820c627915ba4102e, aux: ImportedAux { header_only: false, clear_justification_requests: false, needs_justification: false, bad_justification: false, is_new_best: true }, proof_size: 0 }    
2026-05-28 15:00:24 🏆 Imported #597 (0xd882…e37e → 0x7273…102e)    
2026-05-28 15:00:25 Current block number: 598    
2026-05-28 15:00:25 🙌 Starting consensus session on top of parent 0x7273fbdac41c460e3066ec4e73efa750d915810dec0bb0a820c627915ba4102e (#597)    
2026-05-28 15:00:25 🎁 Prepared block for proposing at 598 (3 ms) hash: 0x8f2889040974862954995da05a24756027f3d3eb7c86ab7b9ee80ac3cf049a13; parent_hash: 0x7273…102e; end: NoMoreTransactions; extrinsics_count: 2    
2026-05-28 15:00:25 Consensus with no RPC sender success: CreatedBlock { hash: 0x8f2889040974862954995da05a24756027f3d3eb7c86ab7b9ee80ac3cf049a13, aux: ImportedAux { header_only: false, clear_justification_requests: false, needs_justification: false, bad_justification: false, is_new_best: true }, proof_size: 0 }    
2026-05-28 15:00:25 🏆 Imported #598 (0x7273…102e → 0x8f28…9a13)    
2026-05-28 15:00:26 Current block number: 599    
2026-05-28 15:00:26 🙌 Starting consensus session on top of parent 0x8f2889040974862954995da05a24756027f3d3eb7c86ab7b9ee80ac3cf049a13 (#598)    
2026-05-28 15:00:26 🎁 Prepared block for proposing at 599 (3 ms) hash: 0xe7b613b77ce50d9e342aeb106fcd7f1f010063d9e5f24f1ad7db6646f879df84; parent_hash: 0x8f28…9a13; end: NoMoreTransactions; extrinsics_count: 2    
2026-05-28 15:00:26 Consensus with no RPC sender success: CreatedBlock { hash: 0xe7b613b77ce50d9e342aeb106fcd7f1f010063d9e5f24f1ad7db6646f879df84, aux: ImportedAux { header_only: false, clear_justification_requests: false, needs_justification: false, bad_justification: false, is_new_best: true }, proof_size: 0 }    
2026-05-28 15:00:26 🏆 Imported #599 (0x8f28…9a13 → 0xe7b6…df84)    
2026-05-28 15:00:27 💤 Idle (0 peers), best: #599 (0xe7b6…df84), finalized #599 (0xe7b6…df84), ⬇ 0 ⬆ 0    
2026-05-28 15:00:27 Current block number: 600    
2026-05-28 15:00:27 🙌 Starting consensus session on top of parent 0xe7b613b77ce50d9e342aeb106fcd7f1f010063d9e5f24f1ad7db6646f879df84 (#599)    
2026-05-28 15:00:27 🎁 Prepared block for proposing at 600 (2 ms) hash: 0xc8851f3be0c34d406eb038e061b3a6c598deea6fc43b1b6de85a8b4c9d4955a1; parent_hash: 0xe7b6…df84; end: NoMoreTransactions; extrinsics_count: 2    
2026-05-28 15:00:27 Consensus with no RPC sender success: CreatedBlock { hash: 0xc8851f3be0c34d406eb038e061b3a6c598deea6fc43b1b6de85a8b4c9d4955a1, aux: ImportedAux { header_only: false, clear_justification_requests: false, needs_justification: false, bad_justification: false, is_new_best: true }, proof_size: 0 }    
2026-05-28 15:00:27 🏆 Imported #600 (0xe7b6…df84 → 0xc885…55a1)    
2026-05-28 15:00:28 Current block number: 601    
2026-05-28 15:00:28 🙌 Starting consensus session on top of parent 0xc8851f3be0c34d406eb038e061b3a6c598deea6fc43b1b6de85a8b4c9d4955a1 (#600)    
2026-05-28 15:00:28 🎁 Prepared block for proposing at 601 (3 ms) hash: 0x339124bdb82b48ca2e264b502d0ee5c99621d5d0580332b08429e3ab38fc43c7; parent_hash: 0xc885…55a1; end: NoMoreTransactions; extrinsics_count: 2    
2026-05-28 15:00:28 Consensus with no RPC sender success: CreatedBlock { hash: 0x339124bdb82b48ca2e264b502d0ee5c99621d5d0580332b08429e3ab38fc43c7, aux: ImportedAux { header_only: false, clear_justification_requests: false, needs_justification: false, bad_justification: false, is_new_best: true }, proof_size: 0 }    
2026-05-28 15:00:28 🏆 Imported #601 (0xc885…55a1 → 0x3391…43c7)    
2026-05-28 15:00:29 Current block number: 602    
2026-05-28 15:00:29 🙌 Starting consensus session on top of parent 0x339124bdb82b48ca2e264b502d0ee5c99621d5d0580332b08429e3ab38fc43c7 (#601)    
2026-05-28 15:00:29 🎁 Prepared block for proposing at 602 (3 ms) hash: 0xa1d474b916e420e0d11f887249ae97803b941d4253d44001c4f24f5d4a57ae76; parent_hash: 0x3391…43c7; end: NoMoreTransactions; extrinsics_count: 2    
2026-05-28 15:00:29 Consensus with no RPC sender success: CreatedBlock { hash: 0xa1d474b916e420e0d11f887249ae97803b941d4253d44001c4f24f5d4a57ae76, aux: ImportedAux { header_only: false, clear_justification_requests: false, needs_justification: false, bad_justification: false, is_new_best: true }, proof_size: 0 }    
2026-05-28 15:00:29 🏆 Imported #602 (0x3391…43c7 → 0xa1d4…ae76)    
2026-05-28 15:00:30 Current block number: 603    
2026-05-28 15:00:30 🙌 Starting consensus session on top of parent 0xa1d474b916e420e0d11f887249ae97803b941d4253d44001c4f24f5d4a57ae76 (#602)    
2026-05-28 15:00:30 🎁 Prepared block for proposing at 603 (3 ms) hash: 0xce9d4e94cf9851146d377d2651cad3864fa426e7b35060e7da30ea992282d0bf; parent_hash: 0xa1d4…ae76; end: NoMoreTransactions; extrinsics_count: 2    
2026-05-28 15:00:30 Consensus with no RPC sender success: CreatedBlock { hash: 0xce9d4e94cf9851146d377d2651cad3864fa426e7b35060e7da30ea992282d0bf, aux: ImportedAux { header_only: false, clear_justification_requests: false, needs_justification: false, bad_justification: false, is_new_best: true }, proof_size: 0 }    
2026-05-28 15:00:30 🏆 Imported #603 (0xa1d4…ae76 → 0xce9d…d0bf)    
2026-05-28 15:00:31 Current block number: 604    
2026-05-28 15:00:31 🙌 Starting consensus session on top of parent 0xce9d4e94cf9851146d377d2651cad3864fa426e7b35060e7da30ea992282d0bf (#603)    
2026-05-28 15:00:31 🎁 Prepared block for proposing at 604 (4 ms) hash: 0x552dd1adb84a5a187dceea9609bf45ed29234aaa52fdb7b3c7edad2c99d15e9f; parent_hash: 0xce9d…d0bf; end: NoMoreTransactions; extrinsics_count: 2    
2026-05-28 15:00:31 Consensus with no RPC sender success: CreatedBlock { hash: 0x552dd1adb84a5a187dceea9609bf45ed29234aaa52fdb7b3c7edad2c99d15e9f, aux: ImportedAux { header_only: false, clear_justification_requests: false, needs_justification: false, bad_justification: false, is_new_best: true }, proof_size: 0 }    
2026-05-28 15:00:31 🏆 Imported #604 (0xce9d…d0bf → 0x552d…5e9f)    
2026-05-28 15:00:32 💤 Idle (0 peers), best: #604 (0x552d…5e9f), finalized #604 (0x552d…5e9f), ⬇ 0 ⬆ 0    
2026-05-28 15:00:32 Current block number: 605    
2026-05-28 15:00:32 🙌 Starting consensus session on top of parent 0x552dd1adb84a5a187dceea9609bf45ed29234aaa52fdb7b3c7edad2c99d15e9f (#604)    
2026-05-28 15:00:32 🎁 Prepared block for proposing at 605 (4 ms) hash: 0x4c888a8954e9d19aadcfbaf57e471427f004e4b273bd182f600fbe0839c8bfed; parent_hash: 0x552d…5e9f; end: NoMoreTransactions; extrinsics_count: 2    
2026-05-28 15:00:32 Consensus with no RPC sender success: CreatedBlock { hash: 0x4c888a8954e9d19aadcfbaf57e471427f004e4b273bd182f600fbe0839c8bfed, aux: ImportedAux { header_only: false, clear_justification_requests: false, needs_justification: false, bad_justification: false, is_new_best: true }, proof_size: 0 }    
2026-05-28 15:00:32 🏆 Imported #605 (0x552d…5e9f → 0x4c88…bfed)    
2026-05-28 15:00:33 Current block number: 606    
2026-05-28 15:00:33 🙌 Starting consensus session on top of parent 0x4c888a8954e9d19aadcfbaf57e471427f004e4b273bd182f600fbe0839c8bfed (#605)    
2026-05-28 15:00:33 🎁 Prepared block for proposing at 606 (4 ms) hash: 0x9957a985272850f5c8d694d48affef6f676bc85466a0936f40c1cf06811128aa; parent_hash: 0x4c88…bfed; end: NoMoreTransactions; extrinsics_count: 2    
2026-05-28 15:00:33 Consensus with no RPC sender success: CreatedBlock { hash: 0x9957a985272850f5c8d694d48affef6f676bc85466a0936f40c1cf06811128aa, aux: ImportedAux { header_only: false, clear_justification_requests: false, needs_justification: false, bad_justification: false, is_new_best: true }, proof_size: 0 }    
2026-05-28 15:00:33 🏆 Imported #606 (0x4c88…bfed → 0x9957…28aa)    
2026-05-28 15:00:34 Current block number: 607    
2026-05-28 15:00:34 🙌 Starting consensus session on top of parent 0x9957a985272850f5c8d694d48affef6f676bc85466a0936f40c1cf06811128aa (#606)    
2026-05-28 15:00:34 🎁 Prepared block for proposing at 607 (3 ms) hash: 0x6e6a39258d49249bbe5427a180503248fa99c09f783901a20728a5853c022b2d; parent_hash: 0x9957…28aa; end: NoMoreTransactions; extrinsics_count: 2    
2026-05-28 15:00:34 Consensus with no RPC sender success: CreatedBlock { hash: 0x6e6a39258d49249bbe5427a180503248fa99c09f783901a20728a5853c022b2d, aux: ImportedAux { header_only: false, clear_justification_requests: false, needs_justification: false, bad_justification: false, is_new_best: true }, proof_size: 0 }    
2026-05-28 15:00:34 🏆 Imported #607 (0x9957…28aa → 0x6e6a…2b2d)    
2026-05-28 15:00:35 Current block number: 608    
2026-05-28 15:00:35 🙌 Starting consensus session on top of parent 0x6e6a39258d49249bbe5427a180503248fa99c09f783901a20728a5853c022b2d (#607)    
2026-05-28 15:00:35 🎁 Prepared block for proposing at 608 (1 ms) hash: 0xcc89641cd97f55266c7d2c3f6611c479aadf25aa0bdcfbc86d1cb3da3319a5ba; parent_hash: 0x6e6a…2b2d; end: NoMoreTransactions; extrinsics_count: 2    
2026-05-28 15:00:35 Consensus with no RPC sender success: CreatedBlock { hash: 0xcc89641cd97f55266c7d2c3f6611c479aadf25aa0bdcfbc86d1cb3da3319a5ba, aux: ImportedAux { header_only: false, clear_justification_requests: false, needs_justification: false, bad_justification: false, is_new_best: true }, proof_size: 0 }    
2026-05-28 15:00:35 🏆 Imported #608 (0x6e6a…2b2d → 0xcc89…a5ba)    
2026-05-28 15:00:36 Current block number: 609    
2026-05-28 15:00:36 🙌 Starting consensus session on top of parent 0xcc89641cd97f55266c7d2c3f6611c479aadf25aa0bdcfbc86d1cb3da3319a5ba (#608)    
2026-05-28 15:00:36 🎁 Prepared block for proposing at 609 (4 ms) hash: 0xda8a664e7d805b8051bf9e36f867bf9b3db396002002c1d61720302039fa716c; parent_hash: 0xcc89…a5ba; end: NoMoreTransactions; extrinsics_count: 2    
2026-05-28 15:00:36 Consensus with no RPC sender success: CreatedBlock { hash: 0xda8a664e7d805b8051bf9e36f867bf9b3db396002002c1d61720302039fa716c, aux: ImportedAux { header_only: false, clear_justification_requests: false, needs_justification: false, bad_justification: false, is_new_best: true }, proof_size: 0 }    
2026-05-28 15:00:36 🏆 Imported #609 (0xcc89…a5ba → 0xda8a…716c)    
2026-05-28 15:00:37 💤 Idle (0 peers), best: #609 (0xda8a…716c), finalized #609 (0xda8a…716c), ⬇ 0 ⬆ 0    
2026-05-28 15:00:37 Current block number: 610    
2026-05-28 15:00:37 🙌 Starting consensus session on top of parent 0xda8a664e7d805b8051bf9e36f867bf9b3db396002002c1d61720302039fa716c (#609)    
2026-05-28 15:00:37 🎁 Prepared block for proposing at 610 (4 ms) hash: 0x1233e42b2dcc59199ea783e10fca06427bf249aab7e1c3d6b92a5e112a67663d; parent_hash: 0xda8a…716c; end: NoMoreTransactions; extrinsics_count: 2    
2026-05-28 15:00:37 Consensus with no RPC sender success: CreatedBlock { hash: 0x1233e42b2dcc59199ea783e10fca06427bf249aab7e1c3d6b92a5e112a67663d, aux: ImportedAux { header_only: false, clear_justification_requests: false, needs_justification: false, bad_justification: false, is_new_best: true }, proof_size: 0 }    
2026-05-28 15:00:37 🏆 Imported #610 (0xda8a…716c → 0x1233…663d)    
2026-05-28 15:00:38 Current block number: 611    
2026-05-28 15:00:38 🙌 Starting consensus session on top of parent 0x1233e42b2dcc59199ea783e10fca06427bf249aab7e1c3d6b92a5e112a67663d (#610)    
2026-05-28 15:00:38 🎁 Prepared block for proposing at 611 (2 ms) hash: 0xbd22b293eefa6243f9f054e1e15f28f6ac0cba7923530ebd9d32b459dace9479; parent_hash: 0x1233…663d; end: NoMoreTransactions; extrinsics_count: 2    
2026-05-28 15:00:38 Consensus with no RPC sender success: CreatedBlock { hash: 0xbd22b293eefa6243f9f054e1e15f28f6ac0cba7923530ebd9d32b459dace9479, aux: ImportedAux { header_only: false, clear_justification_requests: false, needs_justification: false, bad_justification: false, is_new_best: true }, proof_size: 0 }    
2026-05-28 15:00:38 🏆 Imported #611 (0x1233…663d → 0xbd22…9479)    
2026-05-28 15:00:39 Current block number: 612    
2026-05-28 15:00:39 🙌 Starting consensus session on top of parent 0xbd22b293eefa6243f9f054e1e15f28f6ac0cba7923530ebd9d32b459dace9479 (#611)    
2026-05-28 15:00:39 🎁 Prepared block for proposing at 612 (4 ms) hash: 0xe720790b38664c643f3f26e8226383e04ba7c5aa20d2372c28421af33392d1cc; parent_hash: 0xbd22…9479; end: NoMoreTransactions; extrinsics_count: 2    
2026-05-28 15:00:39 Consensus with no RPC sender success: CreatedBlock { hash: 0xe720790b38664c643f3f26e8226383e04ba7c5aa20d2372c28421af33392d1cc, aux: ImportedAux { header_only: false, clear_justification_requests: false, needs_justification: false, bad_justification: false, is_new_best: true }, proof_size: 0 }    
2026-05-28 15:00:39 🏆 Imported #612 (0xbd22…9479 → 0xe720…d1cc)    
2026-05-28 15:00:40 Current block number: 613    
2026-05-28 15:00:40 🙌 Starting consensus session on top of parent 0xe720790b38664c643f3f26e8226383e04ba7c5aa20d2372c28421af33392d1cc (#612)    
2026-05-28 15:00:40 🎁 Prepared block for proposing at 613 (4 ms) hash: 0xa0c70eeb61e2935b33bb524bc9232cd02cb268de0ae79fca9391178292942402; parent_hash: 0xe720…d1cc; end: NoMoreTransactions; extrinsics_count: 2    
2026-05-28 15:00:40 Consensus with no RPC sender success: CreatedBlock { hash: 0xa0c70eeb61e2935b33bb524bc9232cd02cb268de0ae79fca9391178292942402, aux: ImportedAux { header_only: false, clear_justification_requests: false, needs_justification: false, bad_justification: false, is_new_best: true }, proof_size: 0 }    
2026-05-28 15:00:40 🏆 Imported #613 (0xe720…d1cc → 0xa0c7…2402)    
2026-05-28 15:00:41 Current block number: 614    
2026-05-28 15:00:41 🙌 Starting consensus session on top of parent 0xa0c70eeb61e2935b33bb524bc9232cd02cb268de0ae79fca9391178292942402 (#613)    
2026-05-28 15:00:41 🎁 Prepared block for proposing at 614 (3 ms) hash: 0xebd8925cadac58c4c5815bcc4763605fca48f152b459c1a423384a9df2a3a6d0; parent_hash: 0xa0c7…2402; end: NoMoreTransactions; extrinsics_count: 2    
2026-05-28 15:00:41 Consensus with no RPC sender success: CreatedBlock { hash: 0xebd8925cadac58c4c5815bcc4763605fca48f152b459c1a423384a9df2a3a6d0, aux: ImportedAux { header_only: false, clear_justification_requests: false, needs_justification: false, bad_justification: false, is_new_best: true }, proof_size: 0 }    
2026-05-28 15:00:41 🏆 Imported #614 (0xa0c7…2402 → 0xebd8…a6d0)    
2026-05-28 15:00:42 💤 Idle (0 peers), best: #614 (0xebd8…a6d0), finalized #614 (0xebd8…a6d0), ⬇ 0 ⬆ 0    
2026-05-28 15:00:42 Current block number: 615    
2026-05-28 15:00:42 🙌 Starting consensus session on top of parent 0xebd8925cadac58c4c5815bcc4763605fca48f152b459c1a423384a9df2a3a6d0 (#614)    
2026-05-28 15:00:42 🎁 Prepared block for proposing at 615 (3 ms) hash: 0x2679c678b2cf1437e5bca1abfeeb17fca0d6e801959dad0c142316858f68c24a; parent_hash: 0xebd8…a6d0; end: NoMoreTransactions; extrinsics_count: 2    
2026-05-28 15:00:42 Consensus with no RPC sender success: CreatedBlock { hash: 0x2679c678b2cf1437e5bca1abfeeb17fca0d6e801959dad0c142316858f68c24a, aux: ImportedAux { header_only: false, clear_justification_requests: false, needs_justification: false, bad_justification: false, is_new_best: true }, proof_size: 0 }    
2026-05-28 15:00:42 🏆 Imported #615 (0xebd8…a6d0 → 0x2679…c24a)    
2026-05-28 15:00:43 Current block number: 616    
2026-05-28 15:00:43 🙌 Starting consensus session on top of parent 0x2679c678b2cf1437e5bca1abfeeb17fca0d6e801959dad0c142316858f68c24a (#615)    
2026-05-28 15:00:43 🎁 Prepared block for proposing at 616 (2 ms) hash: 0x0a46756e43c23ce6b80161bdbe08262ac2feb50fe68bed69f4623ec210eedd38; parent_hash: 0x2679…c24a; end: NoMoreTransactions; extrinsics_count: 2    
2026-05-28 15:00:43 Consensus with no RPC sender success: CreatedBlock { hash: 0x0a46756e43c23ce6b80161bdbe08262ac2feb50fe68bed69f4623ec210eedd38, aux: ImportedAux { header_only: false, clear_justification_requests: false, needs_justification: false, bad_justification: false, is_new_best: true }, proof_size: 0 }    
2026-05-28 15:00:43 🏆 Imported #616 (0x2679…c24a → 0x0a46…dd38)    
2026-05-28 15:00:44 Current block number: 617    
2026-05-28 15:00:44 🙌 Starting consensus session on top of parent 0x0a46756e43c23ce6b80161bdbe08262ac2feb50fe68bed69f4623ec210eedd38 (#616)    
2026-05-28 15:00:44 🎁 Prepared block for proposing at 617 (2 ms) hash: 0x14432a2c8d1a85357a7ab0c4a80518abbfacb159e90e0934114eb2e890fa8707; parent_hash: 0x0a46…dd38; end: NoMoreTransactions; extrinsics_count: 2    
2026-05-28 15:00:44 Consensus with no RPC sender success: CreatedBlock { hash: 0x14432a2c8d1a85357a7ab0c4a80518abbfacb159e90e0934114eb2e890fa8707, aux: ImportedAux { header_only: false, clear_justification_requests: false, needs_justification: false, bad_justification: false, is_new_best: true }, proof_size: 0 }    
2026-05-28 15:00:44 🏆 Imported #617 (0x0a46…dd38 → 0x1443…8707)    
2026-05-28 15:00:45 Current block number: 618    
2026-05-28 15:00:45 🙌 Starting consensus session on top of parent 0x14432a2c8d1a85357a7ab0c4a80518abbfacb159e90e0934114eb2e890fa8707 (#617)    
2026-05-28 15:00:45 🎁 Prepared block for proposing at 618 (1 ms) hash: 0x19b3e960058a30011374e04a6e749d545e5c9df5cdaed012b7e76709741c78bd; parent_hash: 0x1443…8707; end: NoMoreTransactions; extrinsics_count: 2    
2026-05-28 15:00:45 Consensus with no RPC sender success: CreatedBlock { hash: 0x19b3e960058a30011374e04a6e749d545e5c9df5cdaed012b7e76709741c78bd, aux: ImportedAux { header_only: false, clear_justification_requests: false, needs_justification: false, bad_justification: false, is_new_best: true }, proof_size: 0 }    
2026-05-28 15:00:45 🏆 Imported #618 (0x1443…8707 → 0x19b3…78bd)    
2026-05-28 15:00:46 Current block number: 619    
2026-05-28 15:00:46 🙌 Starting consensus session on top of parent 0x19b3e960058a30011374e04a6e749d545e5c9df5cdaed012b7e76709741c78bd (#618)    
2026-05-28 15:00:46 🎁 Prepared block for proposing at 619 (4 ms) hash: 0x46e3d614f441bf62dac58a931243f1c48d3539a3e8b1d09a52db7f9258364938; parent_hash: 0x19b3…78bd; end: NoMoreTransactions; extrinsics_count: 2    
2026-05-28 15:00:46 Consensus with no RPC sender success: CreatedBlock { hash: 0x46e3d614f441bf62dac58a931243f1c48d3539a3e8b1d09a52db7f9258364938, aux: ImportedAux { header_only: false, clear_justification_requests: false, needs_justification: false, bad_justification: false, is_new_best: true }, proof_size: 0 }    
2026-05-28 15:00:46 🏆 Imported #619 (0x19b3…78bd → 0x46e3…4938)    
2026-05-28 15:00:47 💤 Idle (0 peers), best: #619 (0x46e3…4938), finalized #619 (0x46e3…4938), ⬇ 0 ⬆ 0    
2026-05-28 15:00:47 Current block number: 620    
2026-05-28 15:00:47 🙌 Starting consensus session on top of parent 0x46e3d614f441bf62dac58a931243f1c48d3539a3e8b1d09a52db7f9258364938 (#619)    
2026-05-28 15:00:47 🎁 Prepared block for proposing at 620 (1 ms) hash: 0x6a6786e586b66a0a4291835100f01880f7a00f54f456210a0fb342348399a33f; parent_hash: 0x46e3…4938; end: NoMoreTransactions; extrinsics_count: 2    
2026-05-28 15:00:47 Consensus with no RPC sender success: CreatedBlock { hash: 0x6a6786e586b66a0a4291835100f01880f7a00f54f456210a0fb342348399a33f, aux: ImportedAux { header_only: false, clear_justification_requests: false, needs_justification: false, bad_justification: false, is_new_best: true }, proof_size: 0 }    
2026-05-28 15:00:47 🏆 Imported #620 (0x46e3…4938 → 0x6a67…a33f)    
2026-05-28 15:00:48 Current block number: 621    
2026-05-28 15:00:48 🙌 Starting consensus session on top of parent 0x6a6786e586b66a0a4291835100f01880f7a00f54f456210a0fb342348399a33f (#620)    
2026-05-28 15:00:48 🎁 Prepared block for proposing at 621 (4 ms) hash: 0x8137920add81e9b04ba32bd26e154ee5c7f30729f7ced1accaa923cd674647d6; parent_hash: 0x6a67…a33f; end: NoMoreTransactions; extrinsics_count: 2    
2026-05-28 15:00:48 Consensus with no RPC sender success: CreatedBlock { hash: 0x8137920add81e9b04ba32bd26e154ee5c7f30729f7ced1accaa923cd674647d6, aux: ImportedAux { header_only: false, clear_justification_requests: false, needs_justification: false, bad_justification: false, is_new_best: true }, proof_size: 0 }    
2026-05-28 15:00:48 🏆 Imported #621 (0x6a67…a33f → 0x8137…47d6)    
2026-05-28 15:00:49 Current block number: 622    
2026-05-28 15:00:49 🙌 Starting consensus session on top of parent 0x8137920add81e9b04ba32bd26e154ee5c7f30729f7ced1accaa923cd674647d6 (#621)    
2026-05-28 15:00:49 🎁 Prepared block for proposing at 622 (4 ms) hash: 0xd84c00d70e1b70df68a5d4a200f662f82f1602f683a624be9897d11c42c7d405; parent_hash: 0x8137…47d6; end: NoMoreTransactions; extrinsics_count: 2    
2026-05-28 15:00:49 Consensus with no RPC sender success: CreatedBlock { hash: 0xd84c00d70e1b70df68a5d4a200f662f82f1602f683a624be9897d11c42c7d405, aux: ImportedAux { header_only: false, clear_justification_requests: false, needs_justification: false, bad_justification: false, is_new_best: true }, proof_size: 0 }    
2026-05-28 15:00:49 🏆 Imported #622 (0x8137…47d6 → 0xd84c…d405)    
2026-05-28 15:00:50 Current block number: 623    
2026-05-28 15:00:50 🙌 Starting consensus session on top of parent 0xd84c00d70e1b70df68a5d4a200f662f82f1602f683a624be9897d11c42c7d405 (#622)    
2026-05-28 15:00:50 🎁 Prepared block for proposing at 623 (1 ms) hash: 0x32dcb230e3bc14d31f7d175d120fb8c3321cc7f84d6633f56bea8926ce25d13b; parent_hash: 0xd84c…d405; end: NoMoreTransactions; extrinsics_count: 2    
2026-05-28 15:00:50 Consensus with no RPC sender success: CreatedBlock { hash: 0x32dcb230e3bc14d31f7d175d120fb8c3321cc7f84d6633f56bea8926ce25d13b, aux: ImportedAux { header_only: false, clear_justification_requests: false, needs_justification: false, bad_justification: false, is_new_best: true }, proof_size: 0 }    
2026-05-28 15:00:50 🏆 Imported #623 (0xd84c…d405 → 0x32dc…d13b)    
2026-05-28 15:00:51 Current block number: 624    
2026-05-28 15:00:51 🙌 Starting consensus session on top of parent 0x32dcb230e3bc14d31f7d175d120fb8c3321cc7f84d6633f56bea8926ce25d13b (#623)    
2026-05-28 15:00:51 🎁 Prepared block for proposing at 624 (4 ms) hash: 0x0cd3875d5ee320a8c0375e6f0ebeb713a039b3a961699f46735498bcfc712d88; parent_hash: 0x32dc…d13b; end: NoMoreTransactions; extrinsics_count: 2    
2026-05-28 15:00:51 Consensus with no RPC sender success: CreatedBlock { hash: 0x0cd3875d5ee320a8c0375e6f0ebeb713a039b3a961699f46735498bcfc712d88, aux: ImportedAux { header_only: false, clear_justification_requests: false, needs_justification: false, bad_justification: false, is_new_best: true }, proof_size: 0 }    
2026-05-28 15:00:51 🏆 Imported #624 (0x32dc…d13b → 0x0cd3…2d88)    
2026-05-28 15:00:52 💤 Idle (0 peers), best: #624 (0x0cd3…2d88), finalized #624 (0x0cd3…2d88), ⬇ 0 ⬆ 0    
2026-05-28 15:00:52 Current block number: 625    
2026-05-28 15:00:52 🙌 Starting consensus session on top of parent 0x0cd3875d5ee320a8c0375e6f0ebeb713a039b3a961699f46735498bcfc712d88 (#624)    
2026-05-28 15:00:52 🎁 Prepared block for proposing at 625 (1 ms) hash: 0xb61406f1c273037c6ce51c9100c78f2a23f5e53447118e9f7d103a95cb657110; parent_hash: 0x0cd3…2d88; end: NoMoreTransactions; extrinsics_count: 2    
2026-05-28 15:00:52 Consensus with no RPC sender success: CreatedBlock { hash: 0xb61406f1c273037c6ce51c9100c78f2a23f5e53447118e9f7d103a95cb657110, aux: ImportedAux { header_only: false, clear_justification_requests: false, needs_justification: false, bad_justification: false, is_new_best: true }, proof_size: 0 }    
2026-05-28 15:00:52 🏆 Imported #625 (0x0cd3…2d88 → 0xb614…7110)    
2026-05-28 15:00:53 Current block number: 626    
2026-05-28 15:00:53 🙌 Starting consensus session on top of parent 0xb61406f1c273037c6ce51c9100c78f2a23f5e53447118e9f7d103a95cb657110 (#625)    
2026-05-28 15:00:53 🎁 Prepared block for proposing at 626 (6 ms) hash: 0x52794912eadb24ea9d219c72fa36aaf3c167bd31f19b7cbf51feda911fc9279e; parent_hash: 0xb614…7110; end: NoMoreTransactions; extrinsics_count: 2    
2026-05-28 15:00:53 Consensus with no RPC sender success: CreatedBlock { hash: 0x52794912eadb24ea9d219c72fa36aaf3c167bd31f19b7cbf51feda911fc9279e, aux: ImportedAux { header_only: false, clear_justification_requests: false, needs_justification: false, bad_justification: false, is_new_best: true }, proof_size: 0 }    
2026-05-28 15:00:53 🏆 Imported #626 (0xb614…7110 → 0x5279…279e)    
2026-05-28 15:00:54 Current block number: 627    
2026-05-28 15:00:54 🙌 Starting consensus session on top of parent 0x52794912eadb24ea9d219c72fa36aaf3c167bd31f19b7cbf51feda911fc9279e (#626)    
2026-05-28 15:00:54 🎁 Prepared block for proposing at 627 (4 ms) hash: 0x2b97e3350a5c23a6dda999c33d0c5b415b82c411bf33fb7a5199edf50d7b3628; parent_hash: 0x5279…279e; end: NoMoreTransactions; extrinsics_count: 2    
2026-05-28 15:00:54 Consensus with no RPC sender success: CreatedBlock { hash: 0x2b97e3350a5c23a6dda999c33d0c5b415b82c411bf33fb7a5199edf50d7b3628, aux: ImportedAux { header_only: false, clear_justification_requests: false, needs_justification: false, bad_justification: false, is_new_best: true }, proof_size: 0 }    
2026-05-28 15:00:54 🏆 Imported #627 (0x5279…279e → 0x2b97…3628)    
2026-05-28 15:00:55 Current block number: 628    
2026-05-28 15:00:55 🙌 Starting consensus session on top of parent 0x2b97e3350a5c23a6dda999c33d0c5b415b82c411bf33fb7a5199edf50d7b3628 (#627)    
2026-05-28 15:00:55 🎁 Prepared block for proposing at 628 (2 ms) hash: 0x49ab76495ac879b1cbf421204b89eccc80879ff70e144e14f1095c6308857fcd; parent_hash: 0x2b97…3628; end: NoMoreTransactions; extrinsics_count: 2    
2026-05-28 15:00:55 Consensus with no RPC sender success: CreatedBlock { hash: 0x49ab76495ac879b1cbf421204b89eccc80879ff70e144e14f1095c6308857fcd, aux: ImportedAux { header_only: false, clear_justification_requests: false, needs_justification: false, bad_justification: false, is_new_best: true }, proof_size: 0 }    
2026-05-28 15:00:55 🏆 Imported #628 (0x2b97…3628 → 0x49ab…7fcd)    
2026-05-28 15:00:56 Current block number: 629    
2026-05-28 15:00:56 🙌 Starting consensus session on top of parent 0x49ab76495ac879b1cbf421204b89eccc80879ff70e144e14f1095c6308857fcd (#628)    
2026-05-28 15:00:56 🎁 Prepared block for proposing at 629 (4 ms) hash: 0x23f2a91a682be54729a6c8446e13f6b776d756d9ccd3d45de0ba428f51732b8b; parent_hash: 0x49ab…7fcd; end: NoMoreTransactions; extrinsics_count: 2    
2026-05-28 15:00:56 Consensus with no RPC sender success: CreatedBlock { hash: 0x23f2a91a682be54729a6c8446e13f6b776d756d9ccd3d45de0ba428f51732b8b, aux: ImportedAux { header_only: false, clear_justification_requests: false, needs_justification: false, bad_justification: false, is_new_best: true }, proof_size: 0 }    
2026-05-28 15:00:56 🏆 Imported #629 (0x49ab…7fcd → 0x23f2…2b8b)    
2026-05-28 15:00:57 💤 Idle (0 peers), best: #629 (0x23f2…2b8b), finalized #629 (0x23f2…2b8b), ⬇ 0 ⬆ 0    
2026-05-28 15:00:57 Current block number: 630    
2026-05-28 15:00:57 🙌 Starting consensus session on top of parent 0x23f2a91a682be54729a6c8446e13f6b776d756d9ccd3d45de0ba428f51732b8b (#629)    
2026-05-28 15:00:57 🎁 Prepared block for proposing at 630 (5 ms) hash: 0xb3f9e80fa6426f5a87bb20156b537b57447265afb332cba7c0e391385dad764d; parent_hash: 0x23f2…2b8b; end: NoMoreTransactions; extrinsics_count: 2    
2026-05-28 15:00:57 Consensus with no RPC sender success: CreatedBlock { hash: 0xb3f9e80fa6426f5a87bb20156b537b57447265afb332cba7c0e391385dad764d, aux: ImportedAux { header_only: false, clear_justification_requests: false, needs_justification: false, bad_justification: false, is_new_best: true }, proof_size: 0 }    
2026-05-28 15:00:57 🏆 Imported #630 (0x23f2…2b8b → 0xb3f9…764d)    
2026-05-28 15:00:58 Current block number: 631    
2026-05-28 15:00:58 🙌 Starting consensus session on top of parent 0xb3f9e80fa6426f5a87bb20156b537b57447265afb332cba7c0e391385dad764d (#630)    
2026-05-28 15:00:58 🎁 Prepared block for proposing at 631 (4 ms) hash: 0xe76a2e6d5b321443657d8718554ad6b4dd74815ac1fc241b0f7775f0f3cc637e; parent_hash: 0xb3f9…764d; end: NoMoreTransactions; extrinsics_count: 2    
2026-05-28 15:00:58 Consensus with no RPC sender success: CreatedBlock { hash: 0xe76a2e6d5b321443657d8718554ad6b4dd74815ac1fc241b0f7775f0f3cc637e, aux: ImportedAux { header_only: false, clear_justification_requests: false, needs_justification: false, bad_justification: false, is_new_best: true }, proof_size: 0 }    
2026-05-28 15:00:58 🏆 Imported #631 (0xb3f9…764d → 0xe76a…637e)    
2026-05-28 15:00:59 Current block number: 632    
2026-05-28 15:00:59 🙌 Starting consensus session on top of parent 0xe76a2e6d5b321443657d8718554ad6b4dd74815ac1fc241b0f7775f0f3cc637e (#631)    
2026-05-28 15:00:59 🎁 Prepared block for proposing at 632 (4 ms) hash: 0x11e8ab3aa5c8c3fea3b0814fdeb020eee5abebd133cd9f67e7e2f9de8fd4967d; parent_hash: 0xe76a…637e; end: NoMoreTransactions; extrinsics_count: 2    
2026-05-28 15:00:59 Consensus with no RPC sender success: CreatedBlock { hash: 0x11e8ab3aa5c8c3fea3b0814fdeb020eee5abebd133cd9f67e7e2f9de8fd4967d, aux: ImportedAux { header_only: false, clear_justification_requests: false, needs_justification: false, bad_justification: false, is_new_best: true }, proof_size: 0 }    
2026-05-28 15:00:59 🏆 Imported #632 (0xe76a…637e → 0x11e8…967d)    
2026-05-28 15:01:00 Current block number: 633    
2026-05-28 15:01:00 🙌 Starting consensus session on top of parent 0x11e8ab3aa5c8c3fea3b0814fdeb020eee5abebd133cd9f67e7e2f9de8fd4967d (#632)    
2026-05-28 15:01:00 🎁 Prepared block for proposing at 633 (4 ms) hash: 0x73bd65a608e762fa7e931bc65ec519065a1f95f77db3499fc99c35433e63a8b0; parent_hash: 0x11e8…967d; end: NoMoreTransactions; extrinsics_count: 2    
2026-05-28 15:01:00 Consensus with no RPC sender success: CreatedBlock { hash: 0x73bd65a608e762fa7e931bc65ec519065a1f95f77db3499fc99c35433e63a8b0, aux: ImportedAux { header_only: false, clear_justification_requests: false, needs_justification: false, bad_justification: false, is_new_best: true }, proof_size: 0 }    
2026-05-28 15:01:00 🏆 Imported #633 (0x11e8…967d → 0x73bd…a8b0)    
2026-05-28 15:01:01 Current block number: 634    
2026-05-28 15:01:01 🙌 Starting consensus session on top of parent 0x73bd65a608e762fa7e931bc65ec519065a1f95f77db3499fc99c35433e63a8b0 (#633)    
2026-05-28 15:01:01 🎁 Prepared block for proposing at 634 (4 ms) hash: 0xe79686c9e5e450190d16e66767b2f0fd91dc6167d1a875fbf6a776bc572f4d2f; parent_hash: 0x73bd…a8b0; end: NoMoreTransactions; extrinsics_count: 2    
2026-05-28 15:01:01 Consensus with no RPC sender success: CreatedBlock { hash: 0xe79686c9e5e450190d16e66767b2f0fd91dc6167d1a875fbf6a776bc572f4d2f, aux: ImportedAux { header_only: false, clear_justification_requests: false, needs_justification: false, bad_justification: false, is_new_best: true }, proof_size: 0 }    
2026-05-28 15:01:01 🏆 Imported #634 (0x73bd…a8b0 → 0xe796…4d2f)    
2026-05-28 15:01:02 💤 Idle (0 peers), best: #634 (0xe796…4d2f), finalized #634 (0xe796…4d2f), ⬇ 0 ⬆ 0    
2026-05-28 15:01:02 Current block number: 635    
2026-05-28 15:01:02 🙌 Starting consensus session on top of parent 0xe79686c9e5e450190d16e66767b2f0fd91dc6167d1a875fbf6a776bc572f4d2f (#634)    
2026-05-28 15:01:02 🎁 Prepared block for proposing at 635 (2 ms) hash: 0x4e1db8b65b6b19c6719cd5dd6ec3115fb90f13dd188daed5ca943ae026eb27cb; parent_hash: 0xe796…4d2f; end: NoMoreTransactions; extrinsics_count: 2    
2026-05-28 15:01:02 Consensus with no RPC sender success: CreatedBlock { hash: 0x4e1db8b65b6b19c6719cd5dd6ec3115fb90f13dd188daed5ca943ae026eb27cb, aux: ImportedAux { header_only: false, clear_justification_requests: false, needs_justification: false, bad_justification: false, is_new_best: true }, proof_size: 0 }    
2026-05-28 15:01:02 🏆 Imported #635 (0xe796…4d2f → 0x4e1d…27cb)    
2026-05-28 15:01:03 Current block number: 636    
2026-05-28 15:01:03 🙌 Starting consensus session on top of parent 0x4e1db8b65b6b19c6719cd5dd6ec3115fb90f13dd188daed5ca943ae026eb27cb (#635)    
2026-05-28 15:01:03 🎁 Prepared block for proposing at 636 (1 ms) hash: 0xfc368a9abca64b86bcfeda62ca132ee9a73970f5e2b3c3b5cac95666de190d0d; parent_hash: 0x4e1d…27cb; end: NoMoreTransactions; extrinsics_count: 2    
2026-05-28 15:01:03 Consensus with no RPC sender success: CreatedBlock { hash: 0xfc368a9abca64b86bcfeda62ca132ee9a73970f5e2b3c3b5cac95666de190d0d, aux: ImportedAux { header_only: false, clear_justification_requests: false, needs_justification: false, bad_justification: false, is_new_best: true }, proof_size: 0 }    
2026-05-28 15:01:03 🏆 Imported #636 (0x4e1d…27cb → 0xfc36…0d0d)    
2026-05-28 15:01:04 Current block number: 637    
2026-05-28 15:01:04 🙌 Starting consensus session on top of parent 0xfc368a9abca64b86bcfeda62ca132ee9a73970f5e2b3c3b5cac95666de190d0d (#636)    
2026-05-28 15:01:04 🎁 Prepared block for proposing at 637 (4 ms) hash: 0xa732a0c56c2fb34f47da40f2ce5db11a1c83c44a225819ceff3fcdf4bf53f503; parent_hash: 0xfc36…0d0d; end: NoMoreTransactions; extrinsics_count: 2    
2026-05-28 15:01:04 Consensus with no RPC sender success: CreatedBlock { hash: 0xa732a0c56c2fb34f47da40f2ce5db11a1c83c44a225819ceff3fcdf4bf53f503, aux: ImportedAux { header_only: false, clear_justification_requests: false, needs_justification: false, bad_justification: false, is_new_best: true }, proof_size: 0 }    
2026-05-28 15:01:04 🏆 Imported #637 (0xfc36…0d0d → 0xa732…f503)    
2026-05-28 15:01:05 Current block number: 638    
2026-05-28 15:01:05 🙌 Starting consensus session on top of parent 0xa732a0c56c2fb34f47da40f2ce5db11a1c83c44a225819ceff3fcdf4bf53f503 (#637)    
2026-05-28 15:01:05 🎁 Prepared block for proposing at 638 (4 ms) hash: 0xd3b9a888ceb178b119a525cbb8c533b0797b63db6f6baa8befce4c6495480a07; parent_hash: 0xa732…f503; end: NoMoreTransactions; extrinsics_count: 2    
2026-05-28 15:01:05 Consensus with no RPC sender success: CreatedBlock { hash: 0xd3b9a888ceb178b119a525cbb8c533b0797b63db6f6baa8befce4c6495480a07, aux: ImportedAux { header_only: false, clear_justification_requests: false, needs_justification: false, bad_justification: false, is_new_best: true }, proof_size: 0 }    
2026-05-28 15:01:05 🏆 Imported #638 (0xa732…f503 → 0xd3b9…0a07)    
2026-05-28 15:01:06 Current block number: 639    
2026-05-28 15:01:06 🙌 Starting consensus session on top of parent 0xd3b9a888ceb178b119a525cbb8c533b0797b63db6f6baa8befce4c6495480a07 (#638)    
2026-05-28 15:01:06 🎁 Prepared block for proposing at 639 (4 ms) hash: 0x8bc2fcfb83f7752b8986725d28a3d2a5a6de1145e8d62f5535a0c38dcd373820; parent_hash: 0xd3b9…0a07; end: NoMoreTransactions; extrinsics_count: 2    
2026-05-28 15:01:06 Consensus with no RPC sender success: CreatedBlock { hash: 0x8bc2fcfb83f7752b8986725d28a3d2a5a6de1145e8d62f5535a0c38dcd373820, aux: ImportedAux { header_only: false, clear_justification_requests: false, needs_justification: false, bad_justification: false, is_new_best: true }, proof_size: 0 }    
2026-05-28 15:01:06 🏆 Imported #639 (0xd3b9…0a07 → 0x8bc2…3820)    
2026-05-28 15:01:07 💤 Idle (0 peers), best: #639 (0x8bc2…3820), finalized #639 (0x8bc2…3820), ⬇ 0 ⬆ 0    
2026-05-28 15:01:07 Current block number: 640    
2026-05-28 15:01:07 🙌 Starting consensus session on top of parent 0x8bc2fcfb83f7752b8986725d28a3d2a5a6de1145e8d62f5535a0c38dcd373820 (#639)    
2026-05-28 15:01:07 🎁 Prepared block for proposing at 640 (4 ms) hash: 0x16ec858c812d3e058bd642730ecaddf118f68210578dd9b2a68bf824dfb6668c; parent_hash: 0x8bc2…3820; end: NoMoreTransactions; extrinsics_count: 2    
2026-05-28 15:01:07 Consensus with no RPC sender success: CreatedBlock { hash: 0x16ec858c812d3e058bd642730ecaddf118f68210578dd9b2a68bf824dfb6668c, aux: ImportedAux { header_only: false, clear_justification_requests: false, needs_justification: false, bad_justification: false, is_new_best: true }, proof_size: 0 }    
2026-05-28 15:01:07 🏆 Imported #640 (0x8bc2…3820 → 0x16ec…668c)    
2026-05-28 15:01:08 Current block number: 641    
2026-05-28 15:01:08 🙌 Starting consensus session on top of parent 0x16ec858c812d3e058bd642730ecaddf118f68210578dd9b2a68bf824dfb6668c (#640)    
2026-05-28 15:01:08 🎁 Prepared block for proposing at 641 (3 ms) hash: 0x05f9237634e330bed3a7ea5390d118e29e43725318280e5784161b01f8d270f4; parent_hash: 0x16ec…668c; end: NoMoreTransactions; extrinsics_count: 2    
2026-05-28 15:01:08 Consensus with no RPC sender success: CreatedBlock { hash: 0x05f9237634e330bed3a7ea5390d118e29e43725318280e5784161b01f8d270f4, aux: ImportedAux { header_only: false, clear_justification_requests: false, needs_justification: false, bad_justification: false, is_new_best: true }, proof_size: 0 }    
2026-05-28 15:01:08 🏆 Imported #641 (0x16ec…668c → 0x05f9…70f4)    
2026-05-28 15:01:09 Current block number: 642    
2026-05-28 15:01:09 🙌 Starting consensus session on top of parent 0x05f9237634e330bed3a7ea5390d118e29e43725318280e5784161b01f8d270f4 (#641)    
2026-05-28 15:01:09 🎁 Prepared block for proposing at 642 (4 ms) hash: 0x7f4715c1336828dc21a5b53d5daaf896d7401637c77f3994637d851879a8db0e; parent_hash: 0x05f9…70f4; end: NoMoreTransactions; extrinsics_count: 2    
2026-05-28 15:01:09 Consensus with no RPC sender success: CreatedBlock { hash: 0x7f4715c1336828dc21a5b53d5daaf896d7401637c77f3994637d851879a8db0e, aux: ImportedAux { header_only: false, clear_justification_requests: false, needs_justification: false, bad_justification: false, is_new_best: true }, proof_size: 0 }    
2026-05-28 15:01:09 🏆 Imported #642 (0x05f9…70f4 → 0x7f47…db0e)    
2026-05-28 15:01:10 Current block number: 643    
2026-05-28 15:01:10 🙌 Starting consensus session on top of parent 0x7f4715c1336828dc21a5b53d5daaf896d7401637c77f3994637d851879a8db0e (#642)    
2026-05-28 15:01:10 🎁 Prepared block for proposing at 643 (3 ms) hash: 0xfe56feacda79b0755e38de360f13f39eecf8624a6e3900e99a03786ee3cb2fc6; parent_hash: 0x7f47…db0e; end: NoMoreTransactions; extrinsics_count: 2    
2026-05-28 15:01:10 Consensus with no RPC sender success: CreatedBlock { hash: 0xfe56feacda79b0755e38de360f13f39eecf8624a6e3900e99a03786ee3cb2fc6, aux: ImportedAux { header_only: false, clear_justification_requests: false, needs_justification: false, bad_justification: false, is_new_best: true }, proof_size: 0 }    
2026-05-28 15:01:10 🏆 Imported #643 (0x7f47…db0e → 0xfe56…2fc6)    
2026-05-28 15:01:11 Current block number: 644    
2026-05-28 15:01:11 🙌 Starting consensus session on top of parent 0xfe56feacda79b0755e38de360f13f39eecf8624a6e3900e99a03786ee3cb2fc6 (#643)    
2026-05-28 15:01:11 🎁 Prepared block for proposing at 644 (3 ms) hash: 0x8d11b542d9b2737738441a3152047a2aff92b7967143b828404bf1368a7ce3a3; parent_hash: 0xfe56…2fc6; end: NoMoreTransactions; extrinsics_count: 2    
2026-05-28 15:01:11 Consensus with no RPC sender success: CreatedBlock { hash: 0x8d11b542d9b2737738441a3152047a2aff92b7967143b828404bf1368a7ce3a3, aux: ImportedAux { header_only: false, clear_justification_requests: false, needs_justification: false, bad_justification: false, is_new_best: true }, proof_size: 0 }    
2026-05-28 15:01:11 🏆 Imported #644 (0xfe56…2fc6 → 0x8d11…e3a3)    
2026-05-28 15:01:12 💤 Idle (0 peers), best: #644 (0x8d11…e3a3), finalized #644 (0x8d11…e3a3), ⬇ 0 ⬆ 0    
2026-05-28 15:01:12 Current block number: 645    
2026-05-28 15:01:12 🙌 Starting consensus session on top of parent 0x8d11b542d9b2737738441a3152047a2aff92b7967143b828404bf1368a7ce3a3 (#644)    
2026-05-28 15:01:12 🎁 Prepared block for proposing at 645 (5 ms) hash: 0xdad1850d37d479b917e056a7dba92b93710e92f04c9625920343bee1f6f4bf4f; parent_hash: 0x8d11…e3a3; end: NoMoreTransactions; extrinsics_count: 2    
2026-05-28 15:01:12 Consensus with no RPC sender success: CreatedBlock { hash: 0xdad1850d37d479b917e056a7dba92b93710e92f04c9625920343bee1f6f4bf4f, aux: ImportedAux { header_only: false, clear_justification_requests: false, needs_justification: false, bad_justification: false, is_new_best: true }, proof_size: 0 }    
2026-05-28 15:01:12 🏆 Imported #645 (0x8d11…e3a3 → 0xdad1…bf4f)    
2026-05-28 15:01:13 Current block number: 646    
2026-05-28 15:01:13 🙌 Starting consensus session on top of parent 0xdad1850d37d479b917e056a7dba92b93710e92f04c9625920343bee1f6f4bf4f (#645)    
2026-05-28 15:01:13 🎁 Prepared block for proposing at 646 (1 ms) hash: 0x3c6bbae79bdade2fa544b4f58043dd839fe8bf78f5902e0b6e85f7ac6aa3076e; parent_hash: 0xdad1…bf4f; end: NoMoreTransactions; extrinsics_count: 2    
2026-05-28 15:01:13 Consensus with no RPC sender success: CreatedBlock { hash: 0x3c6bbae79bdade2fa544b4f58043dd839fe8bf78f5902e0b6e85f7ac6aa3076e, aux: ImportedAux { header_only: false, clear_justification_requests: false, needs_justification: false, bad_justification: false, is_new_best: true }, proof_size: 0 }    
2026-05-28 15:01:13 🏆 Imported #646 (0xdad1…bf4f → 0x3c6b…076e)    
2026-05-28 15:01:14 Current block number: 647    
2026-05-28 15:01:14 🙌 Starting consensus session on top of parent 0x3c6bbae79bdade2fa544b4f58043dd839fe8bf78f5902e0b6e85f7ac6aa3076e (#646)    
2026-05-28 15:01:14 🎁 Prepared block for proposing at 647 (4 ms) hash: 0x8bb79963931777190d2f3a3b2c049c90ab7ed493f1e27aa142916e580da778db; parent_hash: 0x3c6b…076e; end: NoMoreTransactions; extrinsics_count: 2    
2026-05-28 15:01:14 Consensus with no RPC sender success: CreatedBlock { hash: 0x8bb79963931777190d2f3a3b2c049c90ab7ed493f1e27aa142916e580da778db, aux: ImportedAux { header_only: false, clear_justification_requests: false, needs_justification: false, bad_justification: false, is_new_best: true }, proof_size: 0 }    
2026-05-28 15:01:14 🏆 Imported #647 (0x3c6b…076e → 0x8bb7…78db)    
2026-05-28 15:01:15 Current block number: 648    
2026-05-28 15:01:15 🙌 Starting consensus session on top of parent 0x8bb79963931777190d2f3a3b2c049c90ab7ed493f1e27aa142916e580da778db (#647)    
2026-05-28 15:01:15 🎁 Prepared block for proposing at 648 (4 ms) hash: 0x3de799d519d53e1bcc57c480b090f46ebbaa60cc64102cdf6ed0b14999101b00; parent_hash: 0x8bb7…78db; end: NoMoreTransactions; extrinsics_count: 2    
2026-05-28 15:01:15 Consensus with no RPC sender success: CreatedBlock { hash: 0x3de799d519d53e1bcc57c480b090f46ebbaa60cc64102cdf6ed0b14999101b00, aux: ImportedAux { header_only: false, clear_justification_requests: false, needs_justification: false, bad_justification: false, is_new_best: true }, proof_size: 0 }    
2026-05-28 15:01:15 🏆 Imported #648 (0x8bb7…78db → 0x3de7…1b00)    
2026-05-28 15:01:16 Current block number: 649    
2026-05-28 15:01:16 🙌 Starting consensus session on top of parent 0x3de799d519d53e1bcc57c480b090f46ebbaa60cc64102cdf6ed0b14999101b00 (#648)    
2026-05-28 15:01:16 🎁 Prepared block for proposing at 649 (4 ms) hash: 0xb93b295a9cca8d50add759c9a93136e22ccdf4cc4488fb12aa33c8c509ef1906; parent_hash: 0x3de7…1b00; end: NoMoreTransactions; extrinsics_count: 2    
2026-05-28 15:01:16 Consensus with no RPC sender success: CreatedBlock { hash: 0xb93b295a9cca8d50add759c9a93136e22ccdf4cc4488fb12aa33c8c509ef1906, aux: ImportedAux { header_only: false, clear_justification_requests: false, needs_justification: false, bad_justification: false, is_new_best: true }, proof_size: 0 }    
2026-05-28 15:01:16 🏆 Imported #649 (0x3de7…1b00 → 0xb93b…1906)    
2026-05-28 15:01:17 💤 Idle (0 peers), best: #649 (0xb93b…1906), finalized #649 (0xb93b…1906), ⬇ 0 ⬆ 0    
2026-05-28 15:01:17 Current block number: 650    
2026-05-28 15:01:17 🙌 Starting consensus session on top of parent 0xb93b295a9cca8d50add759c9a93136e22ccdf4cc4488fb12aa33c8c509ef1906 (#649)    
2026-05-28 15:01:17 🎁 Prepared block for proposing at 650 (1 ms) hash: 0xacdecdd926ae430cfcc1110c3bc5ae0057209abefec7920a47aec40b5fed7454; parent_hash: 0xb93b…1906; end: NoMoreTransactions; extrinsics_count: 2    
2026-05-28 15:01:17 Consensus with no RPC sender success: CreatedBlock { hash: 0xacdecdd926ae430cfcc1110c3bc5ae0057209abefec7920a47aec40b5fed7454, aux: ImportedAux { header_only: false, clear_justification_requests: false, needs_justification: false, bad_justification: false, is_new_best: true }, proof_size: 0 }    
2026-05-28 15:01:17 🏆 Imported #650 (0xb93b…1906 → 0xacde…7454)    
2026-05-28 15:01:18 Current block number: 651    
2026-05-28 15:01:18 🙌 Starting consensus session on top of parent 0xacdecdd926ae430cfcc1110c3bc5ae0057209abefec7920a47aec40b5fed7454 (#650)    
2026-05-28 15:01:18 🎁 Prepared block for proposing at 651 (3 ms) hash: 0xf9a42216875742188c084a19390b753c84eeb53d226c071223a1134cce64bef4; parent_hash: 0xacde…7454; end: NoMoreTransactions; extrinsics_count: 2    
2026-05-28 15:01:18 Consensus with no RPC sender success: CreatedBlock { hash: 0xf9a42216875742188c084a19390b753c84eeb53d226c071223a1134cce64bef4, aux: ImportedAux { header_only: false, clear_justification_requests: false, needs_justification: false, bad_justification: false, is_new_best: true }, proof_size: 0 }    
2026-05-28 15:01:18 🏆 Imported #651 (0xacde…7454 → 0xf9a4…bef4)    
2026-05-28 15:01:19 Current block number: 652    
2026-05-28 15:01:19 🙌 Starting consensus session on top of parent 0xf9a42216875742188c084a19390b753c84eeb53d226c071223a1134cce64bef4 (#651)    
2026-05-28 15:01:19 🎁 Prepared block for proposing at 652 (3 ms) hash: 0xb146bfc8404d05087414c97e5d8d89430ba06df154f583810090917e06e88488; parent_hash: 0xf9a4…bef4; end: NoMoreTransactions; extrinsics_count: 2    
2026-05-28 15:01:19 Consensus with no RPC sender success: CreatedBlock { hash: 0xb146bfc8404d05087414c97e5d8d89430ba06df154f583810090917e06e88488, aux: ImportedAux { header_only: false, clear_justification_requests: false, needs_justification: false, bad_justification: false, is_new_best: true }, proof_size: 0 }    
2026-05-28 15:01:19 🏆 Imported #652 (0xf9a4…bef4 → 0xb146…8488)    
2026-05-28 15:01:20 Current block number: 653    
2026-05-28 15:01:20 🙌 Starting consensus session on top of parent 0xb146bfc8404d05087414c97e5d8d89430ba06df154f583810090917e06e88488 (#652)    
2026-05-28 15:01:20 🎁 Prepared block for proposing at 653 (4 ms) hash: 0x551f48a4e22434f4743522e9dfc40a2088ff49e70684d630ed0b8dbcc10bbb69; parent_hash: 0xb146…8488; end: NoMoreTransactions; extrinsics_count: 2    
2026-05-28 15:01:20 Consensus with no RPC sender success: CreatedBlock { hash: 0x551f48a4e22434f4743522e9dfc40a2088ff49e70684d630ed0b8dbcc10bbb69, aux: ImportedAux { header_only: false, clear_justification_requests: false, needs_justification: false, bad_justification: false, is_new_best: true }, proof_size: 0 }    
2026-05-28 15:01:20 🏆 Imported #653 (0xb146…8488 → 0x551f…bb69)    
2026-05-28 15:01:21 Current block number: 654    
2026-05-28 15:01:21 🙌 Starting consensus session on top of parent 0x551f48a4e22434f4743522e9dfc40a2088ff49e70684d630ed0b8dbcc10bbb69 (#653)    
2026-05-28 15:01:21 🎁 Prepared block for proposing at 654 (5 ms) hash: 0xdcb7fc4b17257dff9cc80ddd9e093efc63e272579d233fce6f583064b55502d2; parent_hash: 0x551f…bb69; end: NoMoreTransactions; extrinsics_count: 2    
2026-05-28 15:01:21 Consensus with no RPC sender success: CreatedBlock { hash: 0xdcb7fc4b17257dff9cc80ddd9e093efc63e272579d233fce6f583064b55502d2, aux: ImportedAux { header_only: false, clear_justification_requests: false, needs_justification: false, bad_justification: false, is_new_best: true }, proof_size: 0 }    
2026-05-28 15:01:21 🏆 Imported #654 (0x551f…bb69 → 0xdcb7…02d2)    
2026-05-28 15:01:22 💤 Idle (0 peers), best: #654 (0xdcb7…02d2), finalized #654 (0xdcb7…02d2), ⬇ 0 ⬆ 0    
2026-05-28 15:01:22 Current block number: 655    
2026-05-28 15:01:22 🙌 Starting consensus session on top of parent 0xdcb7fc4b17257dff9cc80ddd9e093efc63e272579d233fce6f583064b55502d2 (#654)    
2026-05-28 15:01:22 🎁 Prepared block for proposing at 655 (3 ms) hash: 0x6f525ea726af728d7a1bc8d7f67120a0950748154798353bba3af89e9ae61ca4; parent_hash: 0xdcb7…02d2; end: NoMoreTransactions; extrinsics_count: 2    
2026-05-28 15:01:22 Consensus with no RPC sender success: CreatedBlock { hash: 0x6f525ea726af728d7a1bc8d7f67120a0950748154798353bba3af89e9ae61ca4, aux: ImportedAux { header_only: false, clear_justification_requests: false, needs_justification: false, bad_justification: false, is_new_best: true }, proof_size: 0 }    
2026-05-28 15:01:22 🏆 Imported #655 (0xdcb7…02d2 → 0x6f52…1ca4)    
2026-05-28 15:01:23 Current block number: 656    
2026-05-28 15:01:23 🙌 Starting consensus session on top of parent 0x6f525ea726af728d7a1bc8d7f67120a0950748154798353bba3af89e9ae61ca4 (#655)    
2026-05-28 15:01:23 🎁 Prepared block for proposing at 656 (2 ms) hash: 0xdcb61c24f235b3ceac359bf16ee2856f0cae9ff8283a178fa57cf0d7fabe1ee9; parent_hash: 0x6f52…1ca4; end: NoMoreTransactions; extrinsics_count: 2    
2026-05-28 15:01:23 Consensus with no RPC sender success: CreatedBlock { hash: 0xdcb61c24f235b3ceac359bf16ee2856f0cae9ff8283a178fa57cf0d7fabe1ee9, aux: ImportedAux { header_only: false, clear_justification_requests: false, needs_justification: false, bad_justification: false, is_new_best: true }, proof_size: 0 }    
2026-05-28 15:01:23 🏆 Imported #656 (0x6f52…1ca4 → 0xdcb6…1ee9)    
2026-05-28 15:01:24 Current block number: 657    
2026-05-28 15:01:24 🙌 Starting consensus session on top of parent 0xdcb61c24f235b3ceac359bf16ee2856f0cae9ff8283a178fa57cf0d7fabe1ee9 (#656)    
2026-05-28 15:01:24 🎁 Prepared block for proposing at 657 (3 ms) hash: 0xfe9ad316e3c6f30a4cd7284fdf49a1f04985ab4af4ae37774b0bae34c7469f97; parent_hash: 0xdcb6…1ee9; end: NoMoreTransactions; extrinsics_count: 2    
2026-05-28 15:01:24 Consensus with no RPC sender success: CreatedBlock { hash: 0xfe9ad316e3c6f30a4cd7284fdf49a1f04985ab4af4ae37774b0bae34c7469f97, aux: ImportedAux { header_only: false, clear_justification_requests: false, needs_justification: false, bad_justification: false, is_new_best: true }, proof_size: 0 }    
2026-05-28 15:01:24 🏆 Imported #657 (0xdcb6…1ee9 → 0xfe9a…9f97)    
2026-05-28 15:01:25 Current block number: 658    
2026-05-28 15:01:25 🙌 Starting consensus session on top of parent 0xfe9ad316e3c6f30a4cd7284fdf49a1f04985ab4af4ae37774b0bae34c7469f97 (#657)    
2026-05-28 15:01:25 🎁 Prepared block for proposing at 658 (3 ms) hash: 0x932da9584ef9224df19f37e742adef7ad4c3c759762409140f260bac92a0df1f; parent_hash: 0xfe9a…9f97; end: NoMoreTransactions; extrinsics_count: 2    
2026-05-28 15:01:25 Consensus with no RPC sender success: CreatedBlock { hash: 0x932da9584ef9224df19f37e742adef7ad4c3c759762409140f260bac92a0df1f, aux: ImportedAux { header_only: false, clear_justification_requests: false, needs_justification: false, bad_justification: false, is_new_best: true }, proof_size: 0 }    
2026-05-28 15:01:25 🏆 Imported #658 (0xfe9a…9f97 → 0x932d…df1f)    
2026-05-28 15:01:26 Current block number: 659    
2026-05-28 15:01:26 🙌 Starting consensus session on top of parent 0x932da9584ef9224df19f37e742adef7ad4c3c759762409140f260bac92a0df1f (#658)    
2026-05-28 15:01:26 🎁 Prepared block for proposing at 659 (4 ms) hash: 0x7a17f4ba97fc60d7d8c23ffadebf41c7e6de5bfed0b37a240c658029ded1752f; parent_hash: 0x932d…df1f; end: NoMoreTransactions; extrinsics_count: 2    
2026-05-28 15:01:26 Consensus with no RPC sender success: CreatedBlock { hash: 0x7a17f4ba97fc60d7d8c23ffadebf41c7e6de5bfed0b37a240c658029ded1752f, aux: ImportedAux { header_only: false, clear_justification_requests: false, needs_justification: false, bad_justification: false, is_new_best: true }, proof_size: 0 }    
2026-05-28 15:01:26 🏆 Imported #659 (0x932d…df1f → 0x7a17…752f)    
2026-05-28 15:01:27 💤 Idle (0 peers), best: #659 (0x7a17…752f), finalized #659 (0x7a17…752f), ⬇ 0 ⬆ 0    
2026-05-28 15:01:27 Current block number: 660    
2026-05-28 15:01:27 🙌 Starting consensus session on top of parent 0x7a17f4ba97fc60d7d8c23ffadebf41c7e6de5bfed0b37a240c658029ded1752f (#659)    
2026-05-28 15:01:27 🎁 Prepared block for proposing at 660 (6 ms) hash: 0x7f668cd5af412e42d82d5e00acddfc9646679b41d2dd5fc99465f87556418e5d; parent_hash: 0x7a17…752f; end: NoMoreTransactions; extrinsics_count: 2    
2026-05-28 15:01:27 Consensus with no RPC sender success: CreatedBlock { hash: 0x7f668cd5af412e42d82d5e00acddfc9646679b41d2dd5fc99465f87556418e5d, aux: ImportedAux { header_only: false, clear_justification_requests: false, needs_justification: false, bad_justification: false, is_new_best: true }, proof_size: 0 }    
2026-05-28 15:01:27 🏆 Imported #660 (0x7a17…752f → 0x7f66…8e5d)    
2026-05-28 15:01:28 Current block number: 661    
2026-05-28 15:01:28 🙌 Starting consensus session on top of parent 0x7f668cd5af412e42d82d5e00acddfc9646679b41d2dd5fc99465f87556418e5d (#660)    
2026-05-28 15:01:28 🎁 Prepared block for proposing at 661 (3 ms) hash: 0x760a872b30f5c282530a4e1447e1cf248a8105fba016d4d3cc356452e89a786d; parent_hash: 0x7f66…8e5d; end: NoMoreTransactions; extrinsics_count: 2    
2026-05-28 15:01:28 Consensus with no RPC sender success: CreatedBlock { hash: 0x760a872b30f5c282530a4e1447e1cf248a8105fba016d4d3cc356452e89a786d, aux: ImportedAux { header_only: false, clear_justification_requests: false, needs_justification: false, bad_justification: false, is_new_best: true }, proof_size: 0 }    
2026-05-28 15:01:28 🏆 Imported #661 (0x7f66…8e5d → 0x760a…786d)    
2026-05-28 15:01:29 Current block number: 662    
2026-05-28 15:01:29 🙌 Starting consensus session on top of parent 0x760a872b30f5c282530a4e1447e1cf248a8105fba016d4d3cc356452e89a786d (#661)    
2026-05-28 15:01:29 🎁 Prepared block for proposing at 662 (3 ms) hash: 0x66e35d8857e77e001c29c3aae01ae0a8961d3014ffb9696595571c46601c9012; parent_hash: 0x760a…786d; end: NoMoreTransactions; extrinsics_count: 2    
2026-05-28 15:01:29 Consensus with no RPC sender success: CreatedBlock { hash: 0x66e35d8857e77e001c29c3aae01ae0a8961d3014ffb9696595571c46601c9012, aux: ImportedAux { header_only: false, clear_justification_requests: false, needs_justification: false, bad_justification: false, is_new_best: true }, proof_size: 0 }    
2026-05-28 15:01:29 🏆 Imported #662 (0x760a…786d → 0x66e3…9012)    
2026-05-28 15:01:30 Current block number: 663    
2026-05-28 15:01:30 🙌 Starting consensus session on top of parent 0x66e35d8857e77e001c29c3aae01ae0a8961d3014ffb9696595571c46601c9012 (#662)    
2026-05-28 15:01:30 🎁 Prepared block for proposing at 663 (3 ms) hash: 0x8cd6d0b518fb18b8824fe63d31c4bef50cdf34982f7a80dec4cfa7e1918b19f0; parent_hash: 0x66e3…9012; end: NoMoreTransactions; extrinsics_count: 2    
2026-05-28 15:01:30 Consensus with no RPC sender success: CreatedBlock { hash: 0x8cd6d0b518fb18b8824fe63d31c4bef50cdf34982f7a80dec4cfa7e1918b19f0, aux: ImportedAux { header_only: false, clear_justification_requests: false, needs_justification: false, bad_justification: false, is_new_best: true }, proof_size: 0 }    
2026-05-28 15:01:30 🏆 Imported #663 (0x66e3…9012 → 0x8cd6…19f0)    
2026-05-28 15:01:31 Current block number: 664    
2026-05-28 15:01:31 🙌 Starting consensus session on top of parent 0x8cd6d0b518fb18b8824fe63d31c4bef50cdf34982f7a80dec4cfa7e1918b19f0 (#663)    
2026-05-28 15:01:31 🎁 Prepared block for proposing at 664 (4 ms) hash: 0x1736449de418ea4738a5b3ca02aac17a3ef8bedbdf9a2bcb6451dff553fcd7fe; parent_hash: 0x8cd6…19f0; end: NoMoreTransactions; extrinsics_count: 2    
2026-05-28 15:01:31 Consensus with no RPC sender success: CreatedBlock { hash: 0x1736449de418ea4738a5b3ca02aac17a3ef8bedbdf9a2bcb6451dff553fcd7fe, aux: ImportedAux { header_only: false, clear_justification_requests: false, needs_justification: false, bad_justification: false, is_new_best: true }, proof_size: 0 }    
2026-05-28 15:01:31 🏆 Imported #664 (0x8cd6…19f0 → 0x1736…d7fe)    
2026-05-28 15:01:32 💤 Idle (0 peers), best: #664 (0x1736…d7fe), finalized #664 (0x1736…d7fe), ⬇ 0 ⬆ 0    
2026-05-28 15:01:32 Current block number: 665    
2026-05-28 15:01:32 🙌 Starting consensus session on top of parent 0x1736449de418ea4738a5b3ca02aac17a3ef8bedbdf9a2bcb6451dff553fcd7fe (#664)    
2026-05-28 15:01:32 🎁 Prepared block for proposing at 665 (4 ms) hash: 0xa63f690ce52ffb1e170f03d465ef5fedce70285f0abb31e28e240aae09871218; parent_hash: 0x1736…d7fe; end: NoMoreTransactions; extrinsics_count: 2    
2026-05-28 15:01:32 Consensus with no RPC sender success: CreatedBlock { hash: 0xa63f690ce52ffb1e170f03d465ef5fedce70285f0abb31e28e240aae09871218, aux: ImportedAux { header_only: false, clear_justification_requests: false, needs_justification: false, bad_justification: false, is_new_best: true }, proof_size: 0 }    
2026-05-28 15:01:32 🏆 Imported #665 (0x1736…d7fe → 0xa63f…1218)    
2026-05-28 15:01:33 Current block number: 666    
2026-05-28 15:01:33 🙌 Starting consensus session on top of parent 0xa63f690ce52ffb1e170f03d465ef5fedce70285f0abb31e28e240aae09871218 (#665)    
2026-05-28 15:01:33 🎁 Prepared block for proposing at 666 (2 ms) hash: 0x997f7f9871f193e2f2630b42101f275b8a1b2512a5c6be8328b8215041556489; parent_hash: 0xa63f…1218; end: NoMoreTransactions; extrinsics_count: 2    
2026-05-28 15:01:33 Consensus with no RPC sender success: CreatedBlock { hash: 0x997f7f9871f193e2f2630b42101f275b8a1b2512a5c6be8328b8215041556489, aux: ImportedAux { header_only: false, clear_justification_requests: false, needs_justification: false, bad_justification: false, is_new_best: true }, proof_size: 0 }    
2026-05-28 15:01:33 🏆 Imported #666 (0xa63f…1218 → 0x997f…6489)    
2026-05-28 15:01:34 Current block number: 667    
2026-05-28 15:01:34 🙌 Starting consensus session on top of parent 0x997f7f9871f193e2f2630b42101f275b8a1b2512a5c6be8328b8215041556489 (#666)    
2026-05-28 15:01:34 🎁 Prepared block for proposing at 667 (3 ms) hash: 0xae7c0e604b68b72b72ab2483ea917d0672ff441747cfdfa33ee37679c48f82b4; parent_hash: 0x997f…6489; end: NoMoreTransactions; extrinsics_count: 2    
2026-05-28 15:01:34 Consensus with no RPC sender success: CreatedBlock { hash: 0xae7c0e604b68b72b72ab2483ea917d0672ff441747cfdfa33ee37679c48f82b4, aux: ImportedAux { header_only: false, clear_justification_requests: false, needs_justification: false, bad_justification: false, is_new_best: true }, proof_size: 0 }    
2026-05-28 15:01:34 🏆 Imported #667 (0x997f…6489 → 0xae7c…82b4)    
2026-05-28 15:01:35 Current block number: 668    
2026-05-28 15:01:35 🙌 Starting consensus session on top of parent 0xae7c0e604b68b72b72ab2483ea917d0672ff441747cfdfa33ee37679c48f82b4 (#667)    
2026-05-28 15:01:35 🎁 Prepared block for proposing at 668 (1 ms) hash: 0x0079cc806d5a94257011e7e367b659758ccc03b92fff69cbcde807fc9abba483; parent_hash: 0xae7c…82b4; end: NoMoreTransactions; extrinsics_count: 2    
2026-05-28 15:01:35 Consensus with no RPC sender success: CreatedBlock { hash: 0x0079cc806d5a94257011e7e367b659758ccc03b92fff69cbcde807fc9abba483, aux: ImportedAux { header_only: false, clear_justification_requests: false, needs_justification: false, bad_justification: false, is_new_best: true }, proof_size: 0 }    
2026-05-28 15:01:35 🏆 Imported #668 (0xae7c…82b4 → 0x0079…a483)    
2026-05-28 15:01:36 Current block number: 669    
2026-05-28 15:01:36 🙌 Starting consensus session on top of parent 0x0079cc806d5a94257011e7e367b659758ccc03b92fff69cbcde807fc9abba483 (#668)    
2026-05-28 15:01:36 🎁 Prepared block for proposing at 669 (4 ms) hash: 0xbdf8684f70f936961276f344a10b0d083f16570331a87903c2676f08b101b1a3; parent_hash: 0x0079…a483; end: NoMoreTransactions; extrinsics_count: 2    
2026-05-28 15:01:36 Consensus with no RPC sender success: CreatedBlock { hash: 0xbdf8684f70f936961276f344a10b0d083f16570331a87903c2676f08b101b1a3, aux: ImportedAux { header_only: false, clear_justification_requests: false, needs_justification: false, bad_justification: false, is_new_best: true }, proof_size: 0 }    
2026-05-28 15:01:36 🏆 Imported #669 (0x0079…a483 → 0xbdf8…b1a3)    
2026-05-28 15:01:37 💤 Idle (0 peers), best: #669 (0xbdf8…b1a3), finalized #669 (0xbdf8…b1a3), ⬇ 0 ⬆ 0    
2026-05-28 15:01:37 Current block number: 670    
2026-05-28 15:01:37 🙌 Starting consensus session on top of parent 0xbdf8684f70f936961276f344a10b0d083f16570331a87903c2676f08b101b1a3 (#669)    
2026-05-28 15:01:37 🎁 Prepared block for proposing at 670 (4 ms) hash: 0x60f8bff6c0eff366bd56cb17b092fd9d50f72a23b18ccfaab3ce6f2c441c09de; parent_hash: 0xbdf8…b1a3; end: NoMoreTransactions; extrinsics_count: 2    
2026-05-28 15:01:37 Consensus with no RPC sender success: CreatedBlock { hash: 0x60f8bff6c0eff366bd56cb17b092fd9d50f72a23b18ccfaab3ce6f2c441c09de, aux: ImportedAux { header_only: false, clear_justification_requests: false, needs_justification: false, bad_justification: false, is_new_best: true }, proof_size: 0 }    
2026-05-28 15:01:37 🏆 Imported #670 (0xbdf8…b1a3 → 0x60f8…09de)    
2026-05-28 15:01:38 Current block number: 671    
2026-05-28 15:01:38 🙌 Starting consensus session on top of parent 0x60f8bff6c0eff366bd56cb17b092fd9d50f72a23b18ccfaab3ce6f2c441c09de (#670)    
2026-05-28 15:01:38 🎁 Prepared block for proposing at 671 (4 ms) hash: 0x7c19d751b7fa4c4ddc8dc3c790cccbca3003bfd51b83a32bb15016e651d70d94; parent_hash: 0x60f8…09de; end: NoMoreTransactions; extrinsics_count: 2    
2026-05-28 15:01:38 Consensus with no RPC sender success: CreatedBlock { hash: 0x7c19d751b7fa4c4ddc8dc3c790cccbca3003bfd51b83a32bb15016e651d70d94, aux: ImportedAux { header_only: false, clear_justification_requests: false, needs_justification: false, bad_justification: false, is_new_best: true }, proof_size: 0 }    
2026-05-28 15:01:38 🏆 Imported #671 (0x60f8…09de → 0x7c19…0d94)    
2026-05-28 15:01:39 Current block number: 672    
2026-05-28 15:01:39 🙌 Starting consensus session on top of parent 0x7c19d751b7fa4c4ddc8dc3c790cccbca3003bfd51b83a32bb15016e651d70d94 (#671)    
2026-05-28 15:01:39 🎁 Prepared block for proposing at 672 (3 ms) hash: 0x9b5d0df6f0db17b5066031a35e041d4ecb4455713559fa474070ca2012b89e77; parent_hash: 0x7c19…0d94; end: NoMoreTransactions; extrinsics_count: 2    
2026-05-28 15:01:39 Consensus with no RPC sender success: CreatedBlock { hash: 0x9b5d0df6f0db17b5066031a35e041d4ecb4455713559fa474070ca2012b89e77, aux: ImportedAux { header_only: false, clear_justification_requests: false, needs_justification: false, bad_justification: false, is_new_best: true }, proof_size: 0 }    
2026-05-28 15:01:39 🏆 Imported #672 (0x7c19…0d94 → 0x9b5d…9e77)    
2026-05-28 15:01:40 Current block number: 673    
2026-05-28 15:01:40 🙌 Starting consensus session on top of parent 0x9b5d0df6f0db17b5066031a35e041d4ecb4455713559fa474070ca2012b89e77 (#672)    
2026-05-28 15:01:40 🎁 Prepared block for proposing at 673 (3 ms) hash: 0x0d56be4c3f6755fd6ba4936ea835e817dda5bcafdf4e7449ebec0207c1e5df07; parent_hash: 0x9b5d…9e77; end: NoMoreTransactions; extrinsics_count: 2    
2026-05-28 15:01:40 Consensus with no RPC sender success: CreatedBlock { hash: 0x0d56be4c3f6755fd6ba4936ea835e817dda5bcafdf4e7449ebec0207c1e5df07, aux: ImportedAux { header_only: false, clear_justification_requests: false, needs_justification: false, bad_justification: false, is_new_best: true }, proof_size: 0 }    
2026-05-28 15:01:40 🏆 Imported #673 (0x9b5d…9e77 → 0x0d56…df07)    
2026-05-28 15:01:41 Current block number: 674    
2026-05-28 15:01:41 🙌 Starting consensus session on top of parent 0x0d56be4c3f6755fd6ba4936ea835e817dda5bcafdf4e7449ebec0207c1e5df07 (#673)    
2026-05-28 15:01:41 🎁 Prepared block for proposing at 674 (3 ms) hash: 0x23f88d835fc03ef7315edd14ddf42a037fd9d7cc19f36251cdd8d68bf918d41c; parent_hash: 0x0d56…df07; end: NoMoreTransactions; extrinsics_count: 2    
2026-05-28 15:01:41 Consensus with no RPC sender success: CreatedBlock { hash: 0x23f88d835fc03ef7315edd14ddf42a037fd9d7cc19f36251cdd8d68bf918d41c, aux: ImportedAux { header_only: false, clear_justification_requests: false, needs_justification: false, bad_justification: false, is_new_best: true }, proof_size: 0 }    
2026-05-28 15:01:41 🏆 Imported #674 (0x0d56…df07 → 0x23f8…d41c)    
2026-05-28 15:01:42 💤 Idle (0 peers), best: #674 (0x23f8…d41c), finalized #674 (0x23f8…d41c), ⬇ 0 ⬆ 0    
2026-05-28 15:01:42 Current block number: 675    
2026-05-28 15:01:42 🙌 Starting consensus session on top of parent 0x23f88d835fc03ef7315edd14ddf42a037fd9d7cc19f36251cdd8d68bf918d41c (#674)    
2026-05-28 15:01:42 🎁 Prepared block for proposing at 675 (4 ms) hash: 0x8e2545ef06a607814319916f15553c28817c2eb4061b10b1368125a4ce2e7833; parent_hash: 0x23f8…d41c; end: NoMoreTransactions; extrinsics_count: 2    
2026-05-28 15:01:42 Consensus with no RPC sender success: CreatedBlock { hash: 0x8e2545ef06a607814319916f15553c28817c2eb4061b10b1368125a4ce2e7833, aux: ImportedAux { header_only: false, clear_justification_requests: false, needs_justification: false, bad_justification: false, is_new_best: true }, proof_size: 0 }    
2026-05-28 15:01:42 🏆 Imported #675 (0x23f8…d41c → 0x8e25…7833)    
2026-05-28 15:01:43 Current block number: 676    
2026-05-28 15:01:43 🙌 Starting consensus session on top of parent 0x8e2545ef06a607814319916f15553c28817c2eb4061b10b1368125a4ce2e7833 (#675)    
2026-05-28 15:01:43 🎁 Prepared block for proposing at 676 (1 ms) hash: 0x019f2b807489bbfd96756126261cbea577880acea78001aa8c04815ed7a34c10; parent_hash: 0x8e25…7833; end: NoMoreTransactions; extrinsics_count: 2    
2026-05-28 15:01:43 Consensus with no RPC sender success: CreatedBlock { hash: 0x019f2b807489bbfd96756126261cbea577880acea78001aa8c04815ed7a34c10, aux: ImportedAux { header_only: false, clear_justification_requests: false, needs_justification: false, bad_justification: false, is_new_best: true }, proof_size: 0 }    
2026-05-28 15:01:43 🏆 Imported #676 (0x8e25…7833 → 0x019f…4c10)    
2026-05-28 15:01:44 Current block number: 677    
2026-05-28 15:01:44 🙌 Starting consensus session on top of parent 0x019f2b807489bbfd96756126261cbea577880acea78001aa8c04815ed7a34c10 (#676)    
2026-05-28 15:01:44 🎁 Prepared block for proposing at 677 (3 ms) hash: 0x555f86f951b2c2c5f9d20e64989411aa20efe3e219cff4168ed105ab2f63657c; parent_hash: 0x019f…4c10; end: NoMoreTransactions; extrinsics_count: 2    
2026-05-28 15:01:44 Consensus with no RPC sender success: CreatedBlock { hash: 0x555f86f951b2c2c5f9d20e64989411aa20efe3e219cff4168ed105ab2f63657c, aux: ImportedAux { header_only: false, clear_justification_requests: false, needs_justification: false, bad_justification: false, is_new_best: true }, proof_size: 0 }    
2026-05-28 15:01:44 🏆 Imported #677 (0x019f…4c10 → 0x555f…657c)    
2026-05-28 15:01:45 Current block number: 678    
2026-05-28 15:01:45 🙌 Starting consensus session on top of parent 0x555f86f951b2c2c5f9d20e64989411aa20efe3e219cff4168ed105ab2f63657c (#677)    
2026-05-28 15:01:45 🎁 Prepared block for proposing at 678 (4 ms) hash: 0x35649fe5f2aaa97b01d881ce2f71ff8a4452a84d00f4486ccebe83758eb09857; parent_hash: 0x555f…657c; end: NoMoreTransactions; extrinsics_count: 2    
2026-05-28 15:01:45 Consensus with no RPC sender success: CreatedBlock { hash: 0x35649fe5f2aaa97b01d881ce2f71ff8a4452a84d00f4486ccebe83758eb09857, aux: ImportedAux { header_only: false, clear_justification_requests: false, needs_justification: false, bad_justification: false, is_new_best: true }, proof_size: 0 }    
2026-05-28 15:01:45 🏆 Imported #678 (0x555f…657c → 0x3564…9857)    
2026-05-28 15:01:46 Current block number: 679    
2026-05-28 15:01:46 🙌 Starting consensus session on top of parent 0x35649fe5f2aaa97b01d881ce2f71ff8a4452a84d00f4486ccebe83758eb09857 (#678)    
2026-05-28 15:01:46 🎁 Prepared block for proposing at 679 (4 ms) hash: 0x6f08ee3e27181238780ec262ad8c7e86a9b6037b77cc02f1f19822b4ca0c4048; parent_hash: 0x3564…9857; end: NoMoreTransactions; extrinsics_count: 2    
2026-05-28 15:01:46 Consensus with no RPC sender success: CreatedBlock { hash: 0x6f08ee3e27181238780ec262ad8c7e86a9b6037b77cc02f1f19822b4ca0c4048, aux: ImportedAux { header_only: false, clear_justification_requests: false, needs_justification: false, bad_justification: false, is_new_best: true }, proof_size: 0 }    
2026-05-28 15:01:46 🏆 Imported #679 (0x3564…9857 → 0x6f08…4048)    
2026-05-28 15:01:47 💤 Idle (0 peers), best: #679 (0x6f08…4048), finalized #679 (0x6f08…4048), ⬇ 0 ⬆ 0    
2026-05-28 15:01:47 Current block number: 680    
2026-05-28 15:01:47 🙌 Starting consensus session on top of parent 0x6f08ee3e27181238780ec262ad8c7e86a9b6037b77cc02f1f19822b4ca0c4048 (#679)    
2026-05-28 15:01:47 🎁 Prepared block for proposing at 680 (4 ms) hash: 0x750d3dd81bd6545571fcb74050069ab5f8f8263406d87955c3f9def2f20f07f8; parent_hash: 0x6f08…4048; end: NoMoreTransactions; extrinsics_count: 2    
2026-05-28 15:01:47 Consensus with no RPC sender success: CreatedBlock { hash: 0x750d3dd81bd6545571fcb74050069ab5f8f8263406d87955c3f9def2f20f07f8, aux: ImportedAux { header_only: false, clear_justification_requests: false, needs_justification: false, bad_justification: false, is_new_best: true }, proof_size: 0 }    
2026-05-28 15:01:47 🏆 Imported #680 (0x6f08…4048 → 0x750d…07f8)    
2026-05-28 15:01:48 Current block number: 681    
2026-05-28 15:01:48 🙌 Starting consensus session on top of parent 0x750d3dd81bd6545571fcb74050069ab5f8f8263406d87955c3f9def2f20f07f8 (#680)    
2026-05-28 15:01:48 🎁 Prepared block for proposing at 681 (3 ms) hash: 0x17a99f19bd4b81f60dd7600bd64fa59b090654e5da8bfef0aa7d2a8ebdf59914; parent_hash: 0x750d…07f8; end: NoMoreTransactions; extrinsics_count: 2    
2026-05-28 15:01:48 Consensus with no RPC sender success: CreatedBlock { hash: 0x17a99f19bd4b81f60dd7600bd64fa59b090654e5da8bfef0aa7d2a8ebdf59914, aux: ImportedAux { header_only: false, clear_justification_requests: false, needs_justification: false, bad_justification: false, is_new_best: true }, proof_size: 0 }    
2026-05-28 15:01:48 🏆 Imported #681 (0x750d…07f8 → 0x17a9…9914)    
2026-05-28 15:01:49 Current block number: 682    
2026-05-28 15:01:49 🙌 Starting consensus session on top of parent 0x17a99f19bd4b81f60dd7600bd64fa59b090654e5da8bfef0aa7d2a8ebdf59914 (#681)    
2026-05-28 15:01:49 🎁 Prepared block for proposing at 682 (4 ms) hash: 0x8ec428e749373a1dfb71255ecd2de35a3db0493098961d087d59e7876be753d8; parent_hash: 0x17a9…9914; end: NoMoreTransactions; extrinsics_count: 2    
2026-05-28 15:01:49 Consensus with no RPC sender success: CreatedBlock { hash: 0x8ec428e749373a1dfb71255ecd2de35a3db0493098961d087d59e7876be753d8, aux: ImportedAux { header_only: false, clear_justification_requests: false, needs_justification: false, bad_justification: false, is_new_best: true }, proof_size: 0 }    
2026-05-28 15:01:49 🏆 Imported #682 (0x17a9…9914 → 0x8ec4…53d8)    
2026-05-28 15:01:50 Current block number: 683    
2026-05-28 15:01:50 🙌 Starting consensus session on top of parent 0x8ec428e749373a1dfb71255ecd2de35a3db0493098961d087d59e7876be753d8 (#682)    
2026-05-28 15:01:50 🎁 Prepared block for proposing at 683 (3 ms) hash: 0x6a8c699000848a4bbdf3844027f4ae687845ecc6a48b668404404632fe7b4eba; parent_hash: 0x8ec4…53d8; end: NoMoreTransactions; extrinsics_count: 2    
2026-05-28 15:01:50 Consensus with no RPC sender success: CreatedBlock { hash: 0x6a8c699000848a4bbdf3844027f4ae687845ecc6a48b668404404632fe7b4eba, aux: ImportedAux { header_only: false, clear_justification_requests: false, needs_justification: false, bad_justification: false, is_new_best: true }, proof_size: 0 }    
2026-05-28 15:01:50 🏆 Imported #683 (0x8ec4…53d8 → 0x6a8c…4eba)    
2026-05-28 15:01:50 Essential task `txpool-background` failed. Shutting down service.    
